

        **********************************************************
        ** PROGRAM FullProf.2k (Version 8.40 - Feb2026-ILL JRC) **
        **********************************************************
                       M U L T I -- P A T T E R N                 
            Rietveld, Profile Matching & Integrated Intensity     
                 Refinement of X-ray and/or Neutron Data


    Date: 24/06/2026  Time: 09:37:10.125                              

 => PCR file code: taurine
 => DAT file code: taurine              -> Relative contribution: 1.0000                                                            

 ==> CONDITIONS OF THIS RUN FOR PATTERN No.:  1

 => Refinement/Calculation of Neutron integrated intensity(Laue or monochromatic) data or Flipping Ratios                           
 => Neutron Time-Of-Flight data                                                                                                     

 ==> INPUT/OUTPUT OPTIONS:

 => Generate new input file *.PCR

 => Number of cycles:   20
 => Relaxation factors ==>    for coordinates:  1.00
 => for anisotropic temperature factors:  1.00
 => EPS-value for convergence:    0.1
 => Number of Least-Squares parameters varied:    57
 --------------------------------------------------------------------------------
 => Phase  No. 1
      taurine                                                               
 --------------------------------------------------------------------------------
 =>-------> Pattern#  1
 => Integrated intensities or Flipping Ratios as observations for phase: 1
 => Crystal Structure Refinement

 =>-------> Data for PHASE: 1
 => Number of atoms:   14
 => Number of distance  constraints:    0
 => Number of angle     constraints:    0

 => Symmetry information on space group: P 21/c              
 -> The multiplicity of the general position is:   4
 -> The space group is Centric (-1 at origin)   
 -> Lattice type  P: { 000 }                                       
 -> Reduced set of symmetry operators:

  No.  IT   Symmetry symbol    Rotation part     Associated Translation
   1: ( 1)   1            -->     ( x, y, z) + {  0.0000  0.0000  0.0000}
   2: ( 3)   2 ( 0, y, 0) -->     (-x, y,-z) + {  0.0000  0.5000  0.5000}


        Information on Space Group: 
        --------------------------- 

 =>   Number of Space group:  14
 =>  Hermann-Mauguin Symbol: P 21/c
 =>             Hall Symbol: -P 2ybc
 =>    Table Setting Choice: b1
 =>            Setting Type: IT (Generated from Hermann-Mauguin symbol)
 =>          Crystal System: Monoclinic
 =>              Laue Class: 2/m
 =>             Point Group: 2/m
 =>         Bravais Lattice: P
 =>          Lattice Symbol: mP
 =>  Reduced Number of S.O.:   2
 =>    General multiplicity:   4
 =>          Centrosymmetry: Centric (-1 at origin)
 =>  Generators (exc. -1&L):   1
 =>         Asymmetric unit:  0.000 <= x <=  1.000
                              0.000 <= y <=  0.250
                              0.000 <= z <=  1.000
 => Centring vectors:  0
                                                                                                    

 => List of all Symmetry Operators and Symmetry Symbols

 => SYMM(  1): x,y,z                             Symbol: 1
 => SYMM(  2): -x,y+1/2,-z+1/2                   Symbol: 2 (0,1/2,0) 0,y,1/4
 => SYMM(  3): -x,-y,-z                          Symbol: -1 0,0,0
 => SYMM(  4): x,-y+1/2,z+1/2                    Symbol: c x,1/4,z

 => Special Wyckoff Positions for P 21/c
 
    Multp     Site        Representative Coordinates (centring translations excluded)
      2       d              1/2,0,1/2           1/2,1/2,0                                                   
 
      2       c              0,0,1/2             0,1/2,0                                                     
 
      2       b              1/2,0,0             1/2,1/2,1/2                                                 
 
      2       a              0,0,0               0,1/2,1/2                                                   
 

 => Initial parameters ==>
 Atom    Ntyp                  X         Y         Z         B         occ.         in  fin  Spc  Mult
                             B11       B22       B33       B12       B13       B23
 S1     S                  0.19965   0.34967   0.35004   1.58342   1.00000           0    0    0    4
                 Codes:  101.00000 111.00000 121.00000  21.00000   0.00000
 O1     O                  0.31341   0.23953   0.35077   2.74370   1.00000           0    0    0    4
                 Codes:  131.00000 141.00000 151.00000  31.00000   0.00000
 O2     O                 -0.06233   0.33741   0.29429   3.65742   1.00000           0    0    0    4
                 Codes:  161.00000 171.00000 181.00000  41.00000   0.00000
 O3     O                  0.22167   0.41155   0.50704   1.89809   1.00000           0    0    0    4
                 Codes:  191.00000 201.00000 211.00000  51.00000   0.00000
 N1     N                  0.26383   0.62787   0.33086   2.10697   1.00000           0    0    0    4
                 Codes:  221.00000 231.00000 241.00000  61.00000   0.00000
 H1     H                  0.13342   0.58836   0.42051   3.37006   1.00000           0    0    0    4
                 Codes:  251.00000 261.00000 271.00000  71.00000   0.00000
 H2     H                  0.19131   0.71471   0.31167   4.60249   1.00000           0    0    0    4
                 Codes:  281.00000 291.00000 301.00000 571.00000   0.00000
 H3     H                  0.44490   0.62437   0.34879   4.69180   1.00000           0    0    0    4
                 Codes:  311.00000 321.00000 331.00000 561.00000   0.00000
 C1     C                  0.34449   0.44049   0.20194   1.71998   1.00000           0    0    0    4
                 Codes:  341.00000 351.00000 361.00000 551.00000   0.00000
 H11    H                  0.55154   0.43288   0.24309   3.39394   1.00000           0    0    0    4
                 Codes:  371.00000 381.00000 391.00000 541.00000   0.00000
 H12    H                  0.32001   0.38780   0.08147   3.31969   1.00000           0    0    0    4
                 Codes:  401.00000 411.00000 421.00000 531.00000   0.00000
 C2     C                  0.19980   0.55691   0.18223   1.74318   1.00000           0    0    0    4
                 Codes:  431.00000 441.00000 451.00000 521.00000   0.00000
 H21    H                  0.27581   0.60012   0.07662   2.13675   1.00000           0    0    0    4
                 Codes:  461.00000 471.00000 481.00000  91.00000   0.00000
 H22    H                 -0.00071   0.54899   0.16146   4.93814   1.00000           0    0    0    4
                 Codes:  491.00000 501.00000 511.00000  81.00000   0.00000

 => It is assumed that THE FIRST GIVEN SITE plus all the other atoms 
    occupying THE SAME POSITION have a total full occupation (no vacancies!)
  (if this is not the case, change the order of atoms to obtain correct values for the content of the unit cell)
    The given occupation factors have been obtained mutiplying m/M by   1.0000
      -> Atom: S   ,  Chemical element: S   Atomic Mass:    32.0600
      -> Atom: O   ,  Chemical element: O   Atomic Mass:    15.9994
      -> Atom: O   ,  Chemical element: O   Atomic Mass:    15.9994
      -> Atom: O   ,  Chemical element: O   Atomic Mass:    15.9994
      -> Atom: N   ,  Chemical element: N   Atomic Mass:    14.0067
      -> Atom: H   ,  Chemical element: H   Atomic Mass:     1.0080
      -> Atom: H   ,  Chemical element: H   Atomic Mass:     1.0080
      -> Atom: H   ,  Chemical element: H   Atomic Mass:     1.0080
      -> Atom: C   ,  Chemical element: C   Atomic Mass:    12.0110
      -> Atom: H   ,  Chemical element: H   Atomic Mass:     1.0080
      -> Atom: H   ,  Chemical element: H   Atomic Mass:     1.0080
      -> Atom: C   ,  Chemical element: C   Atomic Mass:    12.0110
      -> Atom: H   ,  Chemical element: H   Atomic Mass:     1.0080
      -> Atom: H   ,  Chemical element: H   Atomic Mass:     1.0080
 => The given value of ATZ is        500.57 the program has calculated:         500.57
    The value of ATZ given in the input PCR file will be used for quantitative analysis
 => The chemical content of the unit cell is: 
       4.0000 S    +   4.0000 O    +   4.0000 O    +   4.0000 O    +   4.0000 N    +   4.0000 H    +   4.0000 H    +   4.0000 H    +   4.0000 C    +   4.0000 H    + 
       4.0000 H    +   4.0000 C    +   4.0000 H    +   4.0000 H      
 => The normalized site occupation numbers in % are: 
     100.0000 S1     :      100.0000 O1     :      100.0000 O2     :      100.0000 O3     :      100.0000 N1     :      100.0000 H1     :      100.0000 H2     :      100.0000 H3     :      100.0000 C1     :      100.0000 H11    : 
     100.0000 H12    :      100.0000 C2     :      100.0000 H21    :      100.0000 H22      
 => The density (volumic mass) of the compound is:    1.730 g/cm3

 =>-------> SCALE FACTORS, EXTINCTION AND CELL PARAMETERS FOR PATTERN:  1

 => Scale factors ( 1: 6) :    2.88400       0.00000       0.00000       0.00000       0.00000       0.00000    

 => Extinction  parameters:         0.0000        0.0000        0.0000        0.0000        0.0000        0.0000        0.0000
 => Direct cell parameters:         5.2729       11.6565        7.8383       90.0000       94.0110       90.0000
 => Lambda/2    parameters:         0.0000


 ==> CODEWORDS FOR Scale and Extinction PARAMETERS for Pattern  1

 => Scale factors ( 1: 6):   10.200   0.000   0.000   0.000   0.000   0.000

 => Extinction parameters:    0.000   0.000   0.000   0.000   0.000   0.000   0.000


 => Cell constraints according to Laue symmetry: 2/m  

        Metric information:
        -------------------

 => Direct cell parameters:

         a =       5.2729      b =      11.6565      c =       7.8383
     alpha =       90.000   beta =       94.011  gamma =       90.000
                        Direct Cell Volume =     480.5896

 => Reciprocal cell parameters:

         a*=     0.190115      b*=     0.085789      c*=     0.127892
     alpha*=       90.000   beta*=       85.989  gamma*=       90.000
                    Reciprocal Cell Volume =   0.00208078

 => Direct and Reciprocal Metric Tensors:

                   GD                                       GR
     27.8035      0.0000     -2.8910          0.036144    0.000000    0.001701
      0.0000    135.8739      0.0000          0.000000    0.007360    0.000000
     -2.8910      0.0000     61.4389          0.001701    0.000000    0.016356

 =>  Cartesian frame: x // a; z is along c*; y is within the ab-plane   

     Crystal_to_Orthonormal_Matrix              Orthonormal_to_Crystal Matrix
              Cr_Orth_cel                               Orth_Cr_cel  
      5.2729      0.0000     -0.5483          0.189649   -0.000000    0.013298
      0.0000     11.6565      0.0000          0.000000    0.085789   -0.000000
      0.0000      0.0000      7.8191          0.000000    0.000000    0.127892

     Busing-Levy B-matrix: Hc=B.H            Inverse of the Busing-Levy B-matrix
                BL_M                                      BL_Minv  
    0.190115    0.000000    0.008946            5.2600     -0.0000     -0.3688
    0.000000    0.085789   -0.000000            0.0000     11.6565      0.0000
    0.000000    0.000000    0.127579            0.0000      0.0000      7.8383
 => Header of the Integrated Intensity file:
 -> Title: nuclear index                                                                                                           
 -> Format of data: (3i4,2f12.4,i4,4f12.4)                                      
 -> T.O.F. Single Xtal data 
 -> Extinction correction of type: Shelx-like Isotropic     
 -> Type of data:  F2 and Sig(F2) have been input                                                                                         
 -> Reflection: (   3   0 -11)  of domain  1 is forbidden (excluded)
 -> Reflection: (   2   0  -5)  of domain  1 is forbidden (excluded)
 -> Reflection: (   2   0  -3)  of domain  1 is forbidden (excluded)
 -> Reflection: (   1   0  -1)  of domain  1 is forbidden (excluded)
 -> Reflection: (   3   0  -3)  of domain  1 is forbidden (excluded)
 -> Reflections included only when F2> 3.0* sF2
 -> Nobserv (I>n*sigma):    171 -> Total Number of reflections:        286
 -> SumF:       603.1 SumF2:      3166.3 SumF2w:    267030.8

 => Weighting Scheme:
 => Conventional weight: w(H)=1.0/Variance(GobsH)

 => Scattering coefficients from internal table

 => Scattering lengths:

 S      0.2847
 O      0.5803
 N      0.9360
 H     -0.3739
 C      0.6646

     --------------------------------------------------------------
      SYMBOLIC NAMES AND INITIAL VALUES OF PARAMETERS TO BE VARIED:
     --------------------------------------------------------------

      ->  Parameter number    1   -> Symbolic Name:                                             Scale1     2.8840001    
      ->  Parameter number    2   -> Symbolic Name:                                            Biso_S1     1.5834200    
      ->  Parameter number    3   -> Symbolic Name:                                            Biso_O1     2.7437000    
      ->  Parameter number    4   -> Symbolic Name:                                            Biso_O2     3.6574199    
      ->  Parameter number    5   -> Symbolic Name:                                            Biso_O3     1.8980900    
      ->  Parameter number    6   -> Symbolic Name:                                            Biso_N1     2.1069701    
      ->  Parameter number    7   -> Symbolic Name:                                            Biso_H1     3.3700600    
      ->  Parameter number    8   -> Symbolic Name:                                           Biso_H22     4.9381399    
      ->  Parameter number    9   -> Symbolic Name:                                           Biso_H21     2.1367500    
      ->  Parameter number   10   -> Symbolic Name:                                               X_S1    0.19965000    
      ->  Parameter number   11   -> Symbolic Name:                                               Y_S1    0.34966999    
      ->  Parameter number   12   -> Symbolic Name:                                               Z_S1    0.35003999    
      ->  Parameter number   13   -> Symbolic Name:                                               X_O1    0.31341001    
      ->  Parameter number   14   -> Symbolic Name:                                               Y_O1    0.23953000    
      ->  Parameter number   15   -> Symbolic Name:                                               Z_O1    0.35077000    
      ->  Parameter number   16   -> Symbolic Name:                                               X_O2   -0.62330000E-01
      ->  Parameter number   17   -> Symbolic Name:                                               Y_O2    0.33741000    
      ->  Parameter number   18   -> Symbolic Name:                                               Z_O2    0.29429001    
      ->  Parameter number   19   -> Symbolic Name:                                               X_O3    0.22167000    
      ->  Parameter number   20   -> Symbolic Name:                                               Y_O3    0.41154999    
      ->  Parameter number   21   -> Symbolic Name:                                               Z_O3    0.50704002    
      ->  Parameter number   22   -> Symbolic Name:                                               X_N1    0.26383001    
      ->  Parameter number   23   -> Symbolic Name:                                               Y_N1    0.62787002    
      ->  Parameter number   24   -> Symbolic Name:                                               Z_N1    0.33085999    
      ->  Parameter number   25   -> Symbolic Name:                                               X_H1    0.13342001    
      ->  Parameter number   26   -> Symbolic Name:                                               Y_H1    0.58836001    
      ->  Parameter number   27   -> Symbolic Name:                                               Z_H1    0.42050999    
      ->  Parameter number   28   -> Symbolic Name:                                               X_H2    0.19131000    
      ->  Parameter number   29   -> Symbolic Name:                                               Y_H2    0.71471000    
      ->  Parameter number   30   -> Symbolic Name:                                               Z_H2    0.31167001    
      ->  Parameter number   31   -> Symbolic Name:                                               X_H3    0.44490001    
      ->  Parameter number   32   -> Symbolic Name:                                               Y_H3    0.62436998    
      ->  Parameter number   33   -> Symbolic Name:                                               Z_H3    0.34878999    
      ->  Parameter number   34   -> Symbolic Name:                                               X_C1    0.34448999    
      ->  Parameter number   35   -> Symbolic Name:                                               Y_C1    0.44049001    
      ->  Parameter number   36   -> Symbolic Name:                                               Z_C1    0.20194000    
      ->  Parameter number   37   -> Symbolic Name:                                              X_H11    0.55154002    
      ->  Parameter number   38   -> Symbolic Name:                                              Y_H11    0.43288001    
      ->  Parameter number   39   -> Symbolic Name:                                              Z_H11    0.24309000    
      ->  Parameter number   40   -> Symbolic Name:                                              X_H12    0.32001001    
      ->  Parameter number   41   -> Symbolic Name:                                              Y_H12    0.38780001    
      ->  Parameter number   42   -> Symbolic Name:                                              Z_H12    0.81469998E-01
      ->  Parameter number   43   -> Symbolic Name:                                               X_C2    0.19980000    
      ->  Parameter number   44   -> Symbolic Name:                                               Y_C2    0.55690998    
      ->  Parameter number   45   -> Symbolic Name:                                               Z_C2    0.18223000    
      ->  Parameter number   46   -> Symbolic Name:                                              X_H21    0.27581000    
      ->  Parameter number   47   -> Symbolic Name:                                              Y_H21    0.60012001    
      ->  Parameter number   48   -> Symbolic Name:                                              Z_H21    0.76619998E-01
      ->  Parameter number   49   -> Symbolic Name:                                              X_H22   -0.70999999E-03
      ->  Parameter number   50   -> Symbolic Name:                                              Y_H22    0.54899001    
      ->  Parameter number   51   -> Symbolic Name:                                              Z_H22    0.16146000    
      ->  Parameter number   52   -> Symbolic Name:                                            Biso_C2     1.7431800    
      ->  Parameter number   53   -> Symbolic Name:                                           Biso_H12     3.3196900    
      ->  Parameter number   54   -> Symbolic Name:                                           Biso_H11     3.3939400    
      ->  Parameter number   55   -> Symbolic Name:                                            Biso_C1     1.7199800    
      ->  Parameter number   56   -> Symbolic Name:                                            Biso_H3     4.6918001    
      ->  Parameter number   57   -> Symbolic Name:                                            Biso_H2     4.6024899    
  
 
 => No optimization for routine tasks
 ++++++++++++++++++++++++++++++++++++++++++++++++++++++++++++++++++++++++++++++++++++++++++++++++++++++++++++++++++++++++++++++++++++

 => CYCLE No.:    1
 ------------------------------------------------------------------------------------------------------------------------------------
 => Phase  1 Name: taurine
 ------------------------------------------------------------------------------------------------------------------------------------
 => New parameters, shifts, and standard deviations

 Atom        x       dx      sx       y       dy      sy       z       dz      sz       B       dB      sB      occ.    docc.   socc.

 S1       0.19839-0.00126 0.00882  0.35065 0.00098 0.00410  0.34916-0.00088 0.00351  1.49749-0.08593 0.51733  1.00000 0.00000 0.00000
 O1       0.31316-0.00025 0.00507  0.23952-0.00001 0.00194  0.35143 0.00066 0.00265  2.69707-0.04663 0.32839  1.00000 0.00000 0.00000
 O2      -0.06012 0.00221 0.00421  0.33683-0.00058 0.00340  0.29537 0.00108 0.00237  3.57860-0.07882 0.42709  1.00000 0.00000 0.00000
 O3       0.22202 0.00035 0.00413  0.41151-0.00004 0.00247  0.50676-0.00028 0.00188  1.85355-0.04454 0.33164  1.00000 0.00000 0.00000
 N1       0.26397 0.00014 0.00362  0.62809 0.00022 0.00130  0.33077-0.00009 0.00131  2.09382-0.01315 0.23845  1.00000 0.00000 0.00000
 H1       0.13153-0.00189 0.00762  0.58769-0.00067 0.00358  0.41916-0.00135 0.00385  3.37452 0.00446 0.66248  1.00000 0.00000 0.00000
 H2       0.19094-0.00037 0.00791  0.71443-0.00028 0.00504  0.31144-0.00023 0.00445  4.49824-0.10425 0.76003  1.00000 0.00000 0.00000
 H3       0.44254-0.00236 0.01295  0.62381-0.00056 0.00566  0.34709-0.00170 0.00516  4.56492-0.12688 0.86589  1.00000 0.00000 0.00000
 C1       0.34435-0.00014 0.00370  0.44069 0.00020 0.00172  0.20190-0.00004 0.00151  1.68995-0.03003 0.27627  1.00000 0.00000 0.00000
 H11      0.55365 0.00211 0.00746  0.43285-0.00003 0.00460  0.24339 0.00030 0.00409  3.33834-0.05560 0.65302  1.00000 0.00000 0.00000
 H12      0.32307 0.00306 0.00853  0.38807 0.00027 0.00433  0.08292 0.00145 0.00392  3.24933-0.07036 0.66600  1.00000 0.00000 0.00000
 C2       0.20025 0.00045 0.00396  0.55686-0.00005 0.00178  0.18234 0.00011 0.00172  1.70343-0.03975 0.25444  1.00000 0.00000 0.00000
 H21      0.27547-0.00034 0.00866  0.59999-0.00013 0.00306  0.07641-0.00021 0.00364  2.13252-0.00423 0.44446  1.00000 0.00000 0.00000
 H22     -0.00202-0.00131 0.00886  0.54866-0.00033 0.00465  0.16068-0.00078 0.00600  4.82881-0.10933 0.82977  1.00000 0.00000 0.00000

 ==> SCALE, EXTINCTION, CELL PARAMETERS FOR PATTERN#  1

 => Scale factors ( 1: 6): 
             2.861852       -0.022148        0.032649
             0.000000        0.000000        0.000000
             0.000000        0.000000        0.000000
             0.000000        0.000000        0.000000
             0.000000        0.000000        0.000000
             0.000000        0.000000        0.000000


 => Extinction Parameters: 
             0.000000        0.000000        0.000000
             0.000000        0.000000        0.000000
             0.000000        0.000000        0.000000
             0.000000        0.000000        0.000000
             0.000000        0.000000        0.000000
             0.000000        0.000000        0.000000
             0.000000        0.000000        0.000000


 => Lambda/2 param: 
              0.000000        0.000000        0.000000

 => Global user-weigthed Chi2 (Bragg contrib.):   58.4    

 => ---------> Pattern#  1
 => Phase:  1
 =>    RF2 -factor :   19.1    
 =>    RF2w-factor :   15.5    
 =>    RF  -factor :   14.4    
 =>    Chi2(Intens):   55.5    
 =>  N_eff Reflect.:    171 with I >  3.00 sigma
 ++++++++++++++++++++++++++++++++++++++++++++++++++++++++++++++++++++++++++++++++++++++++++++++++++++++++++++++++++++++++++++++++++++

 => CYCLE No.:    2
 ------------------------------------------------------------------------------------------------------------------------------------
 => Phase  1 Name: taurine
 ------------------------------------------------------------------------------------------------------------------------------------
 => New parameters, shifts, and standard deviations

 Atom        x       dx      sx       y       dy      sy       z       dz      sz       B       dB      sB      occ.    docc.   socc.

 S1       0.19738-0.00101 0.00786  0.35105 0.00041 0.00364  0.34863-0.00053 0.00316  1.44285-0.05463 0.45411  1.00000 0.00000 0.00000
 O1       0.31301-0.00015 0.00460  0.23945-0.00007 0.00172  0.35154 0.00010 0.00234  2.67703-0.02004 0.29548  1.00000 0.00000 0.00000
 O2      -0.05979 0.00033 0.00380  0.33638-0.00046 0.00306  0.29568 0.00032 0.00210  3.53621-0.04239 0.37963  1.00000 0.00000 0.00000
 O3       0.22184-0.00017 0.00370  0.41164 0.00013 0.00221  0.50651-0.00024 0.00168  1.83553-0.01802 0.29544  1.00000 0.00000 0.00000
 N1       0.26378-0.00019 0.00330  0.62815 0.00006 0.00119  0.33067-0.00011 0.00119  2.08756-0.00626 0.21463  1.00000 0.00000 0.00000
 H1       0.13023-0.00130 0.00683  0.58725-0.00044 0.00324  0.41836-0.00080 0.00350  3.36590-0.00862 0.59893  1.00000 0.00000 0.00000
 H2       0.19070-0.00025 0.00712  0.71413-0.00030 0.00458  0.31130-0.00015 0.00400  4.46354-0.03471 0.68215  1.00000 0.00000 0.00000
 H3       0.44160-0.00094 0.01163  0.62294-0.00087 0.00501  0.34640-0.00069 0.00468  4.49851-0.06641 0.77131  1.00000 0.00000 0.00000
 C1       0.34426-0.00009 0.00332  0.44077 0.00008 0.00157  0.20186-0.00004 0.00136  1.68452-0.00543 0.24808  1.00000 0.00000 0.00000
 H11      0.55361-0.00004 0.00667  0.43310 0.00026 0.00417  0.24346 0.00007 0.00368  3.31386-0.02448 0.58223  1.00000 0.00000 0.00000
 H12      0.32446 0.00140 0.00759  0.38840 0.00033 0.00389  0.08304 0.00012 0.00350  3.18572-0.06361 0.60106  1.00000 0.00000 0.00000
 C2       0.20019-0.00007 0.00353  0.55689 0.00003 0.00161  0.18239 0.00005 0.00154  1.68448-0.01896 0.22791  1.00000 0.00000 0.00000
 H21      0.27547 0.00000 0.00778  0.59994-0.00005 0.00279  0.07637-0.00004 0.00330  2.14251 0.00999 0.40170  1.00000 0.00000 0.00000
 H22     -0.00271-0.00069 0.00789  0.54839-0.00027 0.00413  0.15995-0.00073 0.00533  4.78527-0.04354 0.73819  1.00000 0.00000 0.00000

 ==> SCALE, EXTINCTION, CELL PARAMETERS FOR PATTERN#  1

 => Scale factors ( 1: 6): 
             2.842905       -0.018947        0.029126
             0.000000        0.000000        0.000000
             0.000000        0.000000        0.000000
             0.000000        0.000000        0.000000
             0.000000        0.000000        0.000000
             0.000000        0.000000        0.000000


 => Extinction Parameters: 
             0.000000        0.000000        0.000000
             0.000000        0.000000        0.000000
             0.000000        0.000000        0.000000
             0.000000        0.000000        0.000000
             0.000000        0.000000        0.000000
             0.000000        0.000000        0.000000
             0.000000        0.000000        0.000000


 => Lambda/2 param: 
              0.000000        0.000000        0.000000

 => Global user-weigthed Chi2 (Bragg contrib.):   49.1    

 => ---------> Pattern#  1
 => Phase:  1
 =>    RF2 -factor :   19.1    
 =>    RF2w-factor :   14.2    
 =>    RF  -factor :   14.6    
 =>    Chi2(Intens):   46.9    
 =>  N_eff Reflect.:    171 with I >  3.00 sigma
 ++++++++++++++++++++++++++++++++++++++++++++++++++++++++++++++++++++++++++++++++++++++++++++++++++++++++++++++++++++++++++++++++++++

 => CYCLE No.:    3
 ------------------------------------------------------------------------------------------------------------------------------------
 => Phase  1 Name: taurine
 ------------------------------------------------------------------------------------------------------------------------------------
 => New parameters, shifts, and standard deviations

 Atom        x       dx      sx       y       dy      sy       z       dz      sz       B       dB      sB      occ.    docc.   socc.

 S1       0.19661-0.00077 0.00750  0.35125 0.00019 0.00347  0.34829-0.00034 0.00303  1.40900-0.03385 0.42981  1.00000 0.00000 0.00000
 O1       0.31287-0.00014 0.00442  0.23942-0.00003 0.00164  0.35155 0.00001 0.00224  2.66814-0.00889 0.28430  1.00000 0.00000 0.00000
 O2      -0.05960 0.00019 0.00366  0.33610-0.00027 0.00295  0.29587 0.00018 0.00200  3.51450-0.02170 0.36211  1.00000 0.00000 0.00000
 O3       0.22166-0.00018 0.00354  0.41175 0.00012 0.00213  0.50633-0.00018 0.00161  1.82941-0.00612 0.28266  1.00000 0.00000 0.00000
 N1       0.26365-0.00013 0.00319  0.62817 0.00002 0.00116  0.33060-0.00007 0.00114  2.08347-0.00409 0.20695  1.00000 0.00000 0.00000
 H1       0.12949-0.00074 0.00653  0.58702-0.00023 0.00310  0.41796-0.00040 0.00338  3.35547-0.01043 0.57420  1.00000 0.00000 0.00000
 H2       0.19047-0.00023 0.00687  0.71395-0.00018 0.00442  0.31123-0.00006 0.00385  4.44925-0.01429 0.65482  1.00000 0.00000 0.00000
 H3       0.44103-0.00057 0.01118  0.62224-0.00070 0.00478  0.34609-0.00031 0.00449  4.45697-0.04154 0.73918  1.00000 0.00000 0.00000
 C1       0.34417-0.00009 0.00321  0.44083 0.00007 0.00151  0.20180-0.00005 0.00131  1.69284 0.00832 0.23898  1.00000 0.00000 0.00000
 H11      0.55337-0.00024 0.00643  0.43320 0.00010 0.00403  0.24342-0.00004 0.00355  3.30215-0.01171 0.55831  1.00000 0.00000 0.00000
 H12      0.32488 0.00042 0.00722  0.38867 0.00027 0.00371  0.08303-0.00001 0.00332  3.14826-0.03747 0.57472  1.00000 0.00000 0.00000
 C2       0.20022 0.00003 0.00338  0.55695 0.00006 0.00156  0.18246 0.00007 0.00148  1.67405-0.01043 0.21897  1.00000 0.00000 0.00000
 H21      0.27579 0.00031 0.00750  0.59991-0.00003 0.00269  0.07646 0.00009 0.00319  2.14978 0.00727 0.38725  1.00000 0.00000 0.00000
 H22     -0.00316-0.00045 0.00753  0.54819-0.00020 0.00394  0.15935-0.00059 0.00510  4.76560-0.01966 0.70698  1.00000 0.00000 0.00000

 ==> SCALE, EXTINCTION, CELL PARAMETERS FOR PATTERN#  1

 => Scale factors ( 1: 6): 
             2.826334       -0.016571        0.027791
             0.000000        0.000000        0.000000
             0.000000        0.000000        0.000000
             0.000000        0.000000        0.000000
             0.000000        0.000000        0.000000
             0.000000        0.000000        0.000000


 => Extinction Parameters: 
             0.000000        0.000000        0.000000
             0.000000        0.000000        0.000000
             0.000000        0.000000        0.000000
             0.000000        0.000000        0.000000
             0.000000        0.000000        0.000000
             0.000000        0.000000        0.000000
             0.000000        0.000000        0.000000


 => Lambda/2 param: 
              0.000000        0.000000        0.000000

 => Global user-weigthed Chi2 (Bragg contrib.):   45.8    

 => ---------> Pattern#  1
 => Phase:  1
 =>    RF2 -factor :   19.1    
 =>    RF2w-factor :   13.8    
 =>    RF  -factor :   14.7    
 =>    Chi2(Intens):   44.1    
 =>  N_eff Reflect.:    171 with I >  3.00 sigma
 ++++++++++++++++++++++++++++++++++++++++++++++++++++++++++++++++++++++++++++++++++++++++++++++++++++++++++++++++++++++++++++++++++++

 => CYCLE No.:    4
 ------------------------------------------------------------------------------------------------------------------------------------
 => Phase  1 Name: taurine
 ------------------------------------------------------------------------------------------------------------------------------------
 => New parameters, shifts, and standard deviations

 Atom        x       dx      sx       y       dy      sy       z       dz      sz       B       dB      sB      occ.    docc.   socc.

 S1       0.19605-0.00056 0.00728  0.35138 0.00013 0.00337  0.34805-0.00024 0.00295  1.38961-0.01939 0.41538  1.00000 0.00000 0.00000
 O1       0.31274-0.00013 0.00431  0.23942-0.00000 0.00159  0.35155-0.00001 0.00218  2.66480-0.00334 0.27773  1.00000 0.00000 0.00000
 O2      -0.05947 0.00013 0.00357  0.33594-0.00016 0.00288  0.29599 0.00012 0.00194  3.50409-0.01042 0.35201  1.00000 0.00000 0.00000
 O3       0.22151-0.00015 0.00345  0.41184 0.00009 0.00208  0.50619-0.00014 0.00157  1.82801-0.00139 0.27538  1.00000 0.00000 0.00000
 N1       0.26357-0.00009 0.00313  0.62816-0.00001 0.00113  0.33055-0.00005 0.00111  2.08045-0.00302 0.20240  1.00000 0.00000 0.00000
 H1       0.12908-0.00041 0.00635  0.58689-0.00013 0.00302  0.41777-0.00019 0.00330  3.34518-0.01029 0.55885  1.00000 0.00000 0.00000
 H2       0.19027-0.00020 0.00673  0.71386-0.00010 0.00433  0.31120-0.00003 0.00377  4.44537-0.00388 0.63895  1.00000 0.00000 0.00000
 H3       0.44065-0.00038 0.01091  0.62172-0.00052 0.00464  0.34596-0.00013 0.00437  4.42826-0.02871 0.71998  1.00000 0.00000 0.00000
 C1       0.34409-0.00008 0.00314  0.44089 0.00006 0.00148  0.20175-0.00005 0.00128  1.70341 0.01057 0.23439  1.00000 0.00000 0.00000
 H11      0.55315-0.00022 0.00628  0.43327 0.00007 0.00395  0.24336-0.00006 0.00347  3.29769-0.00446 0.54440  1.00000 0.00000 0.00000
 H12      0.32508 0.00020 0.00701  0.38888 0.00021 0.00360  0.08296-0.00007 0.00322  3.12395-0.02431 0.55817  1.00000 0.00000 0.00000
 C2       0.20023 0.00002 0.00328  0.55699 0.00005 0.00153  0.18251 0.00005 0.00144  1.66820-0.00585 0.21372  1.00000 0.00000 0.00000
 H21      0.27600 0.00021 0.00733  0.59990-0.00001 0.00263  0.07656 0.00010 0.00312  2.15174 0.00197 0.37896  1.00000 0.00000 0.00000
 H22     -0.00343-0.00028 0.00730  0.54805-0.00015 0.00383  0.15891-0.00045 0.00495  4.75418-0.01143 0.68871  1.00000 0.00000 0.00000

 ==> SCALE, EXTINCTION, CELL PARAMETERS FOR PATTERN#  1

 => Scale factors ( 1: 6): 
             2.811682       -0.014652        0.026982
             0.000000        0.000000        0.000000
             0.000000        0.000000        0.000000
             0.000000        0.000000        0.000000
             0.000000        0.000000        0.000000
             0.000000        0.000000        0.000000


 => Extinction Parameters: 
             0.000000        0.000000        0.000000
             0.000000        0.000000        0.000000
             0.000000        0.000000        0.000000
             0.000000        0.000000        0.000000
             0.000000        0.000000        0.000000
             0.000000        0.000000        0.000000
             0.000000        0.000000        0.000000


 => Lambda/2 param: 
              0.000000        0.000000        0.000000

 => Global user-weigthed Chi2 (Bragg contrib.):   43.5    

 => ---------> Pattern#  1
 => Phase:  1
 =>    RF2 -factor :   19.0    
 =>    RF2w-factor :   13.5    
 =>    RF  -factor :   14.6    
 =>    Chi2(Intens):   42.2    
 =>  N_eff Reflect.:    171 with I >  3.00 sigma
 ++++++++++++++++++++++++++++++++++++++++++++++++++++++++++++++++++++++++++++++++++++++++++++++++++++++++++++++++++++++++++++++++++++

 => CYCLE No.:    5
 ------------------------------------------------------------------------------------------------------------------------------------
 => Phase  1 Name: taurine
 ------------------------------------------------------------------------------------------------------------------------------------
 => New parameters, shifts, and standard deviations

 Atom        x       dx      sx       y       dy      sy       z       dz      sz       B       dB      sB      occ.    docc.   socc.

 S1       0.19565-0.00040 0.00714  0.35148 0.00009 0.00330  0.34788-0.00018 0.00289  1.37856-0.01105 0.40628  1.00000 0.00000 0.00000
 O1       0.31263-0.00012 0.00423  0.23944 0.00002 0.00157  0.35153-0.00001 0.00215  2.66435-0.00045 0.27341  1.00000 0.00000 0.00000
 O2      -0.05937 0.00010 0.00352  0.33584-0.00010 0.00284  0.29607 0.00009 0.00190  3.49960-0.00449 0.34567  1.00000 0.00000 0.00000
 O3       0.22128-0.00023 0.00339  0.41191 0.00007 0.00205  0.50608-0.00011 0.00154  1.82902 0.00101 0.27078  1.00000 0.00000 0.00000
 N1       0.26351-0.00006 0.00308  0.62815-0.00001 0.00112  0.33052-0.00003 0.00109  2.07820-0.00225 0.19933  1.00000 0.00000 0.00000
 H1       0.12886-0.00022 0.00623  0.58681-0.00008 0.00296  0.41769-0.00008 0.00324  3.33636-0.00882 0.54821  1.00000 0.00000 0.00000
 H2       0.19010-0.00017 0.00663  0.71381-0.00005 0.00426  0.31118-0.00002 0.00371  4.44666 0.00129 0.62875  1.00000 0.00000 0.00000
 H3       0.44039-0.00026 0.01072  0.62133-0.00039 0.00455  0.34590-0.00005 0.00429  4.40723-0.02103 0.70694  1.00000 0.00000 0.00000
 C1       0.34403-0.00006 0.00310  0.44095 0.00005 0.00146  0.20171-0.00004 0.00127  1.71153 0.00812 0.23161  1.00000 0.00000 0.00000
 H11      0.55298-0.00017 0.00619  0.43332 0.00005 0.00389  0.24329-0.00007 0.00342  3.29711-0.00058 0.53551  1.00000 0.00000 0.00000
 H12      0.32518 0.00011 0.00687  0.38905 0.00017 0.00353  0.08290-0.00006 0.00315  3.10705-0.01689 0.54705  1.00000 0.00000 0.00000
 C2       0.20024 0.00001 0.00322  0.55703 0.00003 0.00150  0.18255 0.00004 0.00141  1.66491-0.00328 0.21025  1.00000 0.00000 0.00000
 H21      0.27615 0.00015 0.00721  0.59990-0.00000 0.00259  0.07664 0.00008 0.00307  2.15209 0.00035 0.37330  1.00000 0.00000 0.00000
 H22     -0.00360-0.00017 0.00714  0.54794-0.00010 0.00376  0.15857-0.00033 0.00486  4.74604-0.00814 0.67662  1.00000 0.00000 0.00000

 ==> SCALE, EXTINCTION, CELL PARAMETERS FOR PATTERN#  1

 => Scale factors ( 1: 6): 
             2.798674       -0.013008        0.026419
             0.000000        0.000000        0.000000
             0.000000        0.000000        0.000000
             0.000000        0.000000        0.000000
             0.000000        0.000000        0.000000
             0.000000        0.000000        0.000000


 => Extinction Parameters: 
             0.000000        0.000000        0.000000
             0.000000        0.000000        0.000000
             0.000000        0.000000        0.000000
             0.000000        0.000000        0.000000
             0.000000        0.000000        0.000000
             0.000000        0.000000        0.000000
             0.000000        0.000000        0.000000


 => Lambda/2 param: 
              0.000000        0.000000        0.000000

 => Global user-weigthed Chi2 (Bragg contrib.):   41.9    

 => ---------> Pattern#  1
 => Phase:  1
 =>    RF2 -factor :   18.8    
 =>    RF2w-factor :   13.3    
 =>    RF  -factor :   14.6    
 =>    Chi2(Intens):   40.8    
 =>  N_eff Reflect.:    171 with I >  3.00 sigma
 ++++++++++++++++++++++++++++++++++++++++++++++++++++++++++++++++++++++++++++++++++++++++++++++++++++++++++++++++++++++++++++++++++++

 => CYCLE No.:    6
 ------------------------------------------------------------------------------------------------------------------------------------
 => Phase  1 Name: taurine
 ------------------------------------------------------------------------------------------------------------------------------------
 => New parameters, shifts, and standard deviations

 Atom        x       dx      sx       y       dy      sy       z       dz      sz       B       dB      sB      occ.    docc.   socc.

 S1       0.19535-0.00030 0.00704  0.35155 0.00007 0.00326  0.34774-0.00013 0.00286  1.37249-0.00607 0.40012  1.00000 0.00000 0.00000
 O1       0.31253-0.00010 0.00417  0.23946 0.00002 0.00154  0.35152-0.00002 0.00212  2.66637 0.00202 0.27039  1.00000 0.00000 0.00000
 O2      -0.05930 0.00007 0.00348  0.33578-0.00006 0.00280  0.29614 0.00006 0.00188  3.49816-0.00144 0.34144  1.00000 0.00000 0.00000
 O3       0.22121-0.00007 0.00334  0.41196 0.00005 0.00203  0.50599-0.00008 0.00152  1.83067 0.00165 0.26762  1.00000 0.00000 0.00000
 N1       0.26343-0.00008 0.00305  0.62814-0.00001 0.00111  0.33050-0.00002 0.00108  2.07654-0.00166 0.19711  1.00000 0.00000 0.00000
 H1       0.12874-0.00012 0.00614  0.58677-0.00004 0.00292  0.41766-0.00003 0.00320  3.32979-0.00658 0.54037  1.00000 0.00000 0.00000
 H2       0.18996-0.00014 0.00657  0.71379-0.00002 0.00422  0.31118-0.00001 0.00368  4.45073 0.00407 0.62180  1.00000 0.00000 0.00000
 H3       0.44021-0.00017 0.01059  0.62105-0.00028 0.00448  0.34589-0.00002 0.00422  4.39155-0.01568 0.69743  1.00000 0.00000 0.00000
 C1       0.34399-0.00004 0.00308  0.44099 0.00004 0.00144  0.20167-0.00004 0.00126  1.71760 0.00607 0.22959  1.00000 0.00000 0.00000
 H11      0.55285-0.00013 0.00612  0.43336 0.00004 0.00385  0.24323-0.00006 0.00339  3.29923 0.00213 0.52951  1.00000 0.00000 0.00000
 H12      0.32526 0.00007 0.00677  0.38918 0.00014 0.00348  0.08285-0.00005 0.00310  3.09487-0.01219 0.53916  1.00000 0.00000 0.00000
 C2       0.20026 0.00001 0.00318  0.55705 0.00003 0.00149  0.18258 0.00003 0.00140  1.66307-0.00184 0.20777  1.00000 0.00000 0.00000
 H21      0.27626 0.00011 0.00712  0.59992 0.00002 0.00256  0.07669 0.00006 0.00304  2.15218 0.00009 0.36909  1.00000 0.00000 0.00000
 H22     -0.00371-0.00011 0.00703  0.54787-0.00008 0.00370  0.15833-0.00025 0.00479  4.73988-0.00616 0.66790  1.00000 0.00000 0.00000

 ==> SCALE, EXTINCTION, CELL PARAMETERS FOR PATTERN#  1

 => Scale factors ( 1: 6): 
             2.787105       -0.011569        0.025999
             0.000000        0.000000        0.000000
             0.000000        0.000000        0.000000
             0.000000        0.000000        0.000000
             0.000000        0.000000        0.000000
             0.000000        0.000000        0.000000


 => Extinction Parameters: 
             0.000000        0.000000        0.000000
             0.000000        0.000000        0.000000
             0.000000        0.000000        0.000000
             0.000000        0.000000        0.000000
             0.000000        0.000000        0.000000
             0.000000        0.000000        0.000000
             0.000000        0.000000        0.000000


 => Lambda/2 param: 
              0.000000        0.000000        0.000000

 => Global user-weigthed Chi2 (Bragg contrib.):   40.6    

 => ---------> Pattern#  1
 => Phase:  1
 =>    RF2 -factor :   18.7    
 =>    RF2w-factor :   13.1    
 =>    RF  -factor :   14.6    
 =>    Chi2(Intens):   39.8    
 =>  N_eff Reflect.:    171 with I >  3.00 sigma
 ++++++++++++++++++++++++++++++++++++++++++++++++++++++++++++++++++++++++++++++++++++++++++++++++++++++++++++++++++++++++++++++++++++

 => CYCLE No.:    7
 ------------------------------------------------------------------------------------------------------------------------------------
 => Phase  1 Name: taurine
 ------------------------------------------------------------------------------------------------------------------------------------
 => New parameters, shifts, and standard deviations

 Atom        x       dx      sx       y       dy      sy       z       dz      sz       B       dB      sB      occ.    docc.   socc.

 S1       0.19513-0.00022 0.00697  0.35160 0.00005 0.00323  0.34764-0.00010 0.00284  1.36922-0.00326 0.39598  1.00000 0.00000 0.00000
 O1       0.31244-0.00008 0.00413  0.23947 0.00001 0.00153  0.35151-0.00001 0.00210  2.66877 0.00241 0.26838  1.00000 0.00000 0.00000
 O2      -0.05925 0.00005 0.00346  0.33573-0.00004 0.00278  0.29619 0.00005 0.00186  3.49814-0.00002 0.33859  1.00000 0.00000 0.00000
 O3       0.22117-0.00004 0.00331  0.41200 0.00004 0.00202  0.50593-0.00006 0.00151  1.83203 0.00136 0.26547  1.00000 0.00000 0.00000
 N1       0.26342-0.00001 0.00302  0.62813-0.00001 0.00110  0.33049-0.00001 0.00107  2.07528-0.00126 0.19554  1.00000 0.00000 0.00000
 H1       0.12868-0.00006 0.00608  0.58674-0.00003 0.00289  0.41765-0.00001 0.00317  3.32493-0.00485 0.53471  1.00000 0.00000 0.00000
 H2       0.18985-0.00011 0.00652  0.71378-0.00001 0.00419  0.31118-0.00000 0.00365  4.45458 0.00386 0.61707  1.00000 0.00000 0.00000
 H3       0.44008-0.00013 0.01049  0.62085-0.00021 0.00443  0.34589 0.00000 0.00418  4.37953-0.01202 0.69058  1.00000 0.00000 0.00000
 C1       0.34395-0.00004 0.00306  0.44102 0.00003 0.00143  0.20164-0.00003 0.00125  1.72225 0.00465 0.22813  1.00000 0.00000 0.00000
 H11      0.55275-0.00010 0.00608  0.43338 0.00002 0.00382  0.24318-0.00005 0.00336  3.30313 0.00390 0.52550  1.00000 0.00000 0.00000
 H12      0.32531 0.00005 0.00670  0.38929 0.00011 0.00344  0.08281-0.00004 0.00307  3.08576-0.00910 0.53350  1.00000 0.00000 0.00000
 C2       0.20026 0.00001 0.00315  0.55708 0.00002 0.00148  0.18261 0.00003 0.00138  1.66193-0.00115 0.20604  1.00000 0.00000 0.00000
 H21      0.27634 0.00008 0.00706  0.59993 0.00002 0.00254  0.07674 0.00004 0.00301  2.15235 0.00016 0.36614  1.00000 0.00000 0.00000
 H22     -0.00378-0.00006 0.00695  0.54781-0.00006 0.00366  0.15814-0.00018 0.00474  4.73491-0.00497 0.66174  1.00000 0.00000 0.00000

 ==> SCALE, EXTINCTION, CELL PARAMETERS FOR PATTERN#  1

 => Scale factors ( 1: 6): 
             2.776805       -0.010301        0.025682
             0.000000        0.000000        0.000000
             0.000000        0.000000        0.000000
             0.000000        0.000000        0.000000
             0.000000        0.000000        0.000000
             0.000000        0.000000        0.000000


 => Extinction Parameters: 
             0.000000        0.000000        0.000000
             0.000000        0.000000        0.000000
             0.000000        0.000000        0.000000
             0.000000        0.000000        0.000000
             0.000000        0.000000        0.000000
             0.000000        0.000000        0.000000
             0.000000        0.000000        0.000000


 => Lambda/2 param: 
              0.000000        0.000000        0.000000

 => Global user-weigthed Chi2 (Bragg contrib.):   39.6    

 => ---------> Pattern#  1
 => Phase:  1
 =>    RF2 -factor :   18.7    
 =>    RF2w-factor :   13.0    
 =>    RF  -factor :   14.5    
 =>    Chi2(Intens):   39.0    
 =>  N_eff Reflect.:    171 with I >  3.00 sigma
 ++++++++++++++++++++++++++++++++++++++++++++++++++++++++++++++++++++++++++++++++++++++++++++++++++++++++++++++++++++++++++++++++++++

 => CYCLE No.:    8
 ------------------------------------------------------------------------------------------------------------------------------------
 => Phase  1 Name: taurine
 ------------------------------------------------------------------------------------------------------------------------------------
 => New parameters, shifts, and standard deviations

 Atom        x       dx      sx       y       dy      sy       z       dz      sz       B       dB      sB      occ.    docc.   socc.

 S1       0.19497-0.00016 0.00692  0.35164 0.00003 0.00321  0.34756-0.00008 0.00282  1.36764-0.00158 0.39318  1.00000 0.00000 0.00000
 O1       0.31237-0.00007 0.00411  0.23948 0.00001 0.00152  0.35149-0.00001 0.00209  2.67102 0.00225 0.26705  1.00000 0.00000 0.00000
 O2      -0.05921 0.00004 0.00344  0.33571-0.00003 0.00277  0.29623 0.00004 0.00185  3.49951 0.00137 0.33668  1.00000 0.00000 0.00000
 O3       0.22113-0.00003 0.00329  0.41203 0.00003 0.00201  0.50588-0.00005 0.00150  1.83293 0.00090 0.26397  1.00000 0.00000 0.00000
 N1       0.26341-0.00001 0.00300  0.62812-0.00001 0.00109  0.33048-0.00001 0.00106  2.07449-0.00078 0.19441  1.00000 0.00000 0.00000
 H1       0.12865-0.00003 0.00604  0.58672-0.00002 0.00287  0.41765 0.00000 0.00315  3.32155-0.00338 0.53065  1.00000 0.00000 0.00000
 H2       0.18977-0.00008 0.00649  0.71378 0.00000 0.00417  0.31118 0.00001 0.00363  4.45771 0.00313 0.61389  1.00000 0.00000 0.00000
 H3       0.43999-0.00010 0.01042  0.62069-0.00015 0.00440  0.34590 0.00001 0.00415  4.37044-0.00909 0.68565  1.00000 0.00000 0.00000
 C1       0.34393-0.00003 0.00305  0.44105 0.00003 0.00143  0.20162-0.00002 0.00124  1.72580 0.00355 0.22710  1.00000 0.00000 0.00000
 H11      0.55268-0.00007 0.00605  0.43340 0.00002 0.00380  0.24314-0.00004 0.00335  3.30660 0.00347 0.52297  1.00000 0.00000 0.00000
 H12      0.32533 0.00003 0.00665  0.38938 0.00009 0.00341  0.08277-0.00004 0.00304  3.07900-0.00676 0.52947  1.00000 0.00000 0.00000
 C2       0.20027 0.00001 0.00313  0.55710 0.00002 0.00147  0.18263 0.00002 0.00138  1.66127-0.00066 0.20483  1.00000 0.00000 0.00000
 H21      0.27639 0.00005 0.00702  0.59995 0.00002 0.00253  0.07677 0.00003 0.00299  2.15264 0.00029 0.36410  1.00000 0.00000 0.00000
 H22     -0.00381-0.00004 0.00689  0.54777-0.00004 0.00364  0.15801-0.00013 0.00470  4.73084-0.00406 0.65733  1.00000 0.00000 0.00000

 ==> SCALE, EXTINCTION, CELL PARAMETERS FOR PATTERN#  1

 => Scale factors ( 1: 6): 
             2.767634       -0.009171        0.025443
             0.000000        0.000000        0.000000
             0.000000        0.000000        0.000000
             0.000000        0.000000        0.000000
             0.000000        0.000000        0.000000
             0.000000        0.000000        0.000000


 => Extinction Parameters: 
             0.000000        0.000000        0.000000
             0.000000        0.000000        0.000000
             0.000000        0.000000        0.000000
             0.000000        0.000000        0.000000
             0.000000        0.000000        0.000000
             0.000000        0.000000        0.000000
             0.000000        0.000000        0.000000


 => Lambda/2 param: 
              0.000000        0.000000        0.000000

 => Global user-weigthed Chi2 (Bragg contrib.):   38.9    

 => ---------> Pattern#  1
 => Phase:  1
 =>    RF2 -factor :   18.6    
 =>    RF2w-factor :   12.9    
 =>    RF  -factor :   14.5    
 =>    Chi2(Intens):   38.4    
 =>  N_eff Reflect.:    171 with I >  3.00 sigma
 ++++++++++++++++++++++++++++++++++++++++++++++++++++++++++++++++++++++++++++++++++++++++++++++++++++++++++++++++++++++++++++++++++++

 => CYCLE No.:    9
 ------------------------------------------------------------------------------------------------------------------------------------
 => Phase  1 Name: taurine
 ------------------------------------------------------------------------------------------------------------------------------------
 => New parameters, shifts, and standard deviations

 Atom        x       dx      sx       y       dy      sy       z       dz      sz       B       dB      sB      occ.    docc.   socc.

 S1       0.19485-0.00012 0.00689  0.35166 0.00002 0.00319  0.34750-0.00006 0.00281  1.36705-0.00059 0.39126  1.00000 0.00000 0.00000
 O1       0.31231-0.00006 0.00409  0.23949 0.00001 0.00151  0.35148-0.00001 0.00208  2.67290 0.00188 0.26614  1.00000 0.00000 0.00000
 O2      -0.05918 0.00003 0.00343  0.33569-0.00002 0.00276  0.29626 0.00003 0.00184  3.50072 0.00121 0.33542  1.00000 0.00000 0.00000
 O3       0.22111-0.00002 0.00328  0.41206 0.00003 0.00201  0.50584-0.00004 0.00149  1.83358 0.00065 0.26290  1.00000 0.00000 0.00000
 N1       0.26340-0.00001 0.00299  0.62811-0.00001 0.00109  0.33048-0.00000 0.00106  2.07402-0.00047 0.19360  1.00000 0.00000 0.00000
 H1       0.12863-0.00002 0.00601  0.58671-0.00001 0.00285  0.41766 0.00001 0.00313  3.31926-0.00229 0.52773  1.00000 0.00000 0.00000
 H2       0.18971-0.00006 0.00647  0.71379 0.00001 0.00416  0.31119 0.00001 0.00362  4.46025 0.00254 0.61162  1.00000 0.00000 0.00000
 H3       0.43992-0.00007 0.01037  0.62058-0.00011 0.00437  0.34591 0.00001 0.00412  4.36345-0.00699 0.68206  1.00000 0.00000 0.00000
 C1       0.34391-0.00002 0.00304  0.44107 0.00002 0.00142  0.20160-0.00002 0.00124  1.72847 0.00267 0.22635  1.00000 0.00000 0.00000
 H11      0.55262-0.00005 0.00603  0.43341 0.00001 0.00379  0.24311-0.00003 0.00334  3.30972 0.00312 0.52122  1.00000 0.00000 0.00000
 H12      0.32535 0.00002 0.00662  0.38945 0.00007 0.00339  0.08274-0.00003 0.00302  3.07386-0.00514 0.52655  1.00000 0.00000 0.00000
 C2       0.20027 0.00000 0.00311  0.55711 0.00001 0.00147  0.18265 0.00002 0.00137  1.66088-0.00039 0.20396  1.00000 0.00000 0.00000
 H21      0.27642 0.00003 0.00699  0.59997 0.00002 0.00252  0.07680 0.00003 0.00298  2.15289 0.00025 0.36266  1.00000 0.00000 0.00000
 H22     -0.00383-0.00002 0.00685  0.54774-0.00003 0.00362  0.15791-0.00010 0.00468  4.72744-0.00341 0.65410  1.00000 0.00000 0.00000

 ==> SCALE, EXTINCTION, CELL PARAMETERS FOR PATTERN#  1

 => Scale factors ( 1: 6): 
             2.759459       -0.008174        0.025258
             0.000000        0.000000        0.000000
             0.000000        0.000000        0.000000
             0.000000        0.000000        0.000000
             0.000000        0.000000        0.000000
             0.000000        0.000000        0.000000


 => Extinction Parameters: 
             0.000000        0.000000        0.000000
             0.000000        0.000000        0.000000
             0.000000        0.000000        0.000000
             0.000000        0.000000        0.000000
             0.000000        0.000000        0.000000
             0.000000        0.000000        0.000000
             0.000000        0.000000        0.000000


 => Lambda/2 param: 
              0.000000        0.000000        0.000000

 => Global user-weigthed Chi2 (Bragg contrib.):   38.3    

 => ---------> Pattern#  1
 => Phase:  1
 =>    RF2 -factor :   18.5    
 =>    RF2w-factor :   12.8    
 =>    RF  -factor :   14.5    
 =>    Chi2(Intens):   37.9    
 =>  N_eff Reflect.:    171 with I >  3.00 sigma
 ++++++++++++++++++++++++++++++++++++++++++++++++++++++++++++++++++++++++++++++++++++++++++++++++++++++++++++++++++++++++++++++++++++

 => CYCLE No.:   10
 ------------------------------------------------------------------------------------------------------------------------------------
 => Phase  1 Name: taurine
 ------------------------------------------------------------------------------------------------------------------------------------
 => New parameters, shifts, and standard deviations

 Atom        x       dx      sx       y       dy      sy       z       dz      sz       B       dB      sB      occ.    docc.   socc.

 S1       0.19476-0.00009 0.00687  0.35168 0.00002 0.00318  0.34745-0.00005 0.00280  1.36703-0.00002 0.38997  1.00000 0.00000 0.00000
 O1       0.31226-0.00005 0.00407  0.23949 0.00001 0.00151  0.35147-0.00001 0.00208  2.67446 0.00156 0.26552  1.00000 0.00000 0.00000
 O2      -0.05916 0.00002 0.00342  0.33567-0.00001 0.00275  0.29628 0.00002 0.00183  3.50169 0.00097 0.33457  1.00000 0.00000 0.00000
 O3       0.22109-0.00002 0.00327  0.41208 0.00002 0.00200  0.50582-0.00003 0.00149  1.83404 0.00045 0.26216  1.00000 0.00000 0.00000
 N1       0.26340-0.00000 0.00298  0.62811-0.00001 0.00109  0.33048-0.00000 0.00105  2.07375-0.00027 0.19305  1.00000 0.00000 0.00000
 H1       0.12862-0.00001 0.00599  0.58670-0.00001 0.00284  0.41767 0.00001 0.00312  3.31627-0.00299 0.52567  1.00000 0.00000 0.00000
 H2       0.18966-0.00005 0.00645  0.71380 0.00001 0.00415  0.31120 0.00001 0.00361  4.46236 0.00211 0.61005  1.00000 0.00000 0.00000
 H3       0.43986-0.00005 0.01034  0.62049-0.00009 0.00435  0.34591 0.00000 0.00411  4.35811-0.00535 0.67952  1.00000 0.00000 0.00000
 C1       0.34389-0.00002 0.00303  0.44109 0.00002 0.00142  0.20159-0.00001 0.00124  1.73050 0.00203 0.22584  1.00000 0.00000 0.00000
 H11      0.55258-0.00004 0.00601  0.43342 0.00001 0.00379  0.24307-0.00004 0.00333  3.31240 0.00268 0.52007  1.00000 0.00000 0.00000
 H12      0.32536 0.00001 0.00659  0.38951 0.00006 0.00338  0.08272-0.00002 0.00301  3.06991-0.00395 0.52446  1.00000 0.00000 0.00000
 C2       0.20028 0.00000 0.00310  0.55712 0.00001 0.00146  0.18266 0.00002 0.00136  1.66064-0.00024 0.20337  1.00000 0.00000 0.00000
 H21      0.27645 0.00002 0.00696  0.59998 0.00001 0.00251  0.07682 0.00002 0.00297  2.15312 0.00023 0.36166  1.00000 0.00000 0.00000
 H22     -0.00384-0.00001 0.00683  0.54772-0.00002 0.00360  0.15784-0.00007 0.00466  4.72456-0.00287 0.65178  1.00000 0.00000 0.00000

 ==> SCALE, EXTINCTION, CELL PARAMETERS FOR PATTERN#  1

 => Scale factors ( 1: 6): 
             2.752166       -0.007293        0.025113
             0.000000        0.000000        0.000000
             0.000000        0.000000        0.000000
             0.000000        0.000000        0.000000
             0.000000        0.000000        0.000000
             0.000000        0.000000        0.000000


 => Extinction Parameters: 
             0.000000        0.000000        0.000000
             0.000000        0.000000        0.000000
             0.000000        0.000000        0.000000
             0.000000        0.000000        0.000000
             0.000000        0.000000        0.000000
             0.000000        0.000000        0.000000
             0.000000        0.000000        0.000000


 => Lambda/2 param: 
              0.000000        0.000000        0.000000

 => Global user-weigthed Chi2 (Bragg contrib.):   37.8    

 => ---------> Pattern#  1
 => Phase:  1
 =>    RF2 -factor :   18.5    
 =>    RF2w-factor :   12.7    
 =>    RF  -factor :   14.5    
 =>    Chi2(Intens):   37.5    
 =>  N_eff Reflect.:    171 with I >  3.00 sigma
 ++++++++++++++++++++++++++++++++++++++++++++++++++++++++++++++++++++++++++++++++++++++++++++++++++++++++++++++++++++++++++++++++++++

 => CYCLE No.:   11
 ------------------------------------------------------------------------------------------------------------------------------------
 => Phase  1 Name: taurine
 ------------------------------------------------------------------------------------------------------------------------------------
 => New parameters, shifts, and standard deviations

 Atom        x       dx      sx       y       dy      sy       z       dz      sz       B       dB      sB      occ.    docc.   socc.

 S1       0.19469-0.00007 0.00685  0.35169 0.00001 0.00318  0.34742-0.00004 0.00280  1.36762 0.00059 0.38913  1.00000 0.00000 0.00000
 O1       0.31221-0.00004 0.00406  0.23949 0.00000 0.00151  0.35146-0.00001 0.00208  2.67575 0.00129 0.26513  1.00000 0.00000 0.00000
 O2      -0.05914 0.00002 0.00342  0.33566-0.00001 0.00274  0.29630 0.00002 0.00183  3.50233 0.00064 0.33401  1.00000 0.00000 0.00000
 O3       0.22108-0.00001 0.00326  0.41210 0.00002 0.00200  0.50579-0.00002 0.00148  1.83429 0.00025 0.26165  1.00000 0.00000 0.00000
 N1       0.26340-0.00000 0.00298  0.62810-0.00001 0.00109  0.33048-0.00000 0.00105  2.07361-0.00014 0.19269  1.00000 0.00000 0.00000
 H1       0.12861-0.00001 0.00597  0.58670-0.00000 0.00283  0.41767 0.00001 0.00311  3.31573-0.00054 0.52407  1.00000 0.00000 0.00000
 H2       0.18962-0.00003 0.00644  0.71381 0.00001 0.00414  0.31121 0.00001 0.00361  4.46379 0.00143 0.60905  1.00000 0.00000 0.00000
 H3       0.43982-0.00004 0.01032  0.62043-0.00006 0.00434  0.34591 0.00000 0.00409  4.35413-0.00397 0.67779  1.00000 0.00000 0.00000
 C1       0.34388-0.00001 0.00303  0.44111 0.00002 0.00142  0.20158-0.00001 0.00124  1.73216 0.00167 0.22551  1.00000 0.00000 0.00000
 H11      0.55255-0.00004 0.00600  0.43342 0.00000 0.00378  0.24306-0.00001 0.00333  3.31455 0.00215 0.51938  1.00000 0.00000 0.00000
 H12      0.32537 0.00001 0.00658  0.38956 0.00005 0.00337  0.08270-0.00002 0.00300  3.06688-0.00304 0.52302  1.00000 0.00000 0.00000
 C2       0.20028 0.00000 0.00309  0.55713 0.00001 0.00146  0.18268 0.00001 0.00136  1.66050-0.00014 0.20297  1.00000 0.00000 0.00000
 H21      0.27647 0.00002 0.00695  0.59999 0.00001 0.00251  0.07684 0.00002 0.00296  2.15326 0.00014 0.36100  1.00000 0.00000 0.00000
 H22     -0.00384-0.00000 0.00681  0.54770-0.00001 0.00359  0.15778-0.00005 0.00465  4.72213-0.00243 0.65013  1.00000 0.00000 0.00000

 ==> SCALE, EXTINCTION, CELL PARAMETERS FOR PATTERN#  1

 => Scale factors ( 1: 6): 
             2.745654       -0.006512        0.024999
             0.000000        0.000000        0.000000
             0.000000        0.000000        0.000000
             0.000000        0.000000        0.000000
             0.000000        0.000000        0.000000
             0.000000        0.000000        0.000000


 => Extinction Parameters: 
             0.000000        0.000000        0.000000
             0.000000        0.000000        0.000000
             0.000000        0.000000        0.000000
             0.000000        0.000000        0.000000
             0.000000        0.000000        0.000000
             0.000000        0.000000        0.000000
             0.000000        0.000000        0.000000


 => Lambda/2 param: 
              0.000000        0.000000        0.000000

 => Global user-weigthed Chi2 (Bragg contrib.):   37.5    

 => ---------> Pattern#  1
 => Phase:  1
 =>    RF2 -factor :   18.4    
 =>    RF2w-factor :   12.7    
 =>    RF  -factor :   14.5    
 =>    Chi2(Intens):   37.2    
 =>  N_eff Reflect.:    171 with I >  3.00 sigma
 ++++++++++++++++++++++++++++++++++++++++++++++++++++++++++++++++++++++++++++++++++++++++++++++++++++++++++++++++++++++++++++++++++++

 => CYCLE No.:   12
 ------------------------------------------------------------------------------------------------------------------------------------
 => Phase  1 Name: taurine
 ------------------------------------------------------------------------------------------------------------------------------------
 => New parameters, shifts, and standard deviations

 Atom        x       dx      sx       y       dy      sy       z       dz      sz       B       dB      sB      occ.    docc.   socc.

 S1       0.19463-0.00005 0.00684  0.35170 0.00001 0.00317  0.34739-0.00003 0.00280  1.36813 0.00052 0.38865  1.00000 0.00000 0.00000
 O1       0.31218-0.00003 0.00405  0.23950 0.00000 0.00151  0.35145-0.00001 0.00207  2.67679 0.00104 0.26490  1.00000 0.00000 0.00000
 O2      -0.05913 0.00001 0.00341  0.33565-0.00001 0.00274  0.29632 0.00002 0.00182  3.50298 0.00065 0.33365  1.00000 0.00000 0.00000
 O3       0.22107-0.00001 0.00326  0.41211 0.00001 0.00200  0.50578-0.00002 0.00148  1.83451 0.00022 0.26132  1.00000 0.00000 0.00000
 N1       0.26340-0.00000 0.00297  0.62810-0.00000 0.00108  0.33048-0.00000 0.00105  2.07354-0.00007 0.19245  1.00000 0.00000 0.00000
 H1       0.12861-0.00000 0.00597  0.58670-0.00000 0.00283  0.41768 0.00001 0.00311  3.31549-0.00024 0.52317  1.00000 0.00000 0.00000
 H2       0.18960-0.00002 0.00643  0.71382 0.00001 0.00414  0.31122 0.00001 0.00361  4.46521 0.00142 0.60838  1.00000 0.00000 0.00000
 H3       0.43979-0.00003 0.01030  0.62038-0.00005 0.00433  0.34592 0.00000 0.00409  4.35103-0.00310 0.67659  1.00000 0.00000 0.00000
 C1       0.34387-0.00001 0.00303  0.44112 0.00001 0.00141  0.20157-0.00001 0.00124  1.73336 0.00119 0.22531  1.00000 0.00000 0.00000
 H11      0.55252-0.00002 0.00600  0.43343 0.00001 0.00378  0.24305-0.00001 0.00332  3.31642 0.00187 0.51893  1.00000 0.00000 0.00000
 H12      0.32537 0.00000 0.00657  0.38959 0.00004 0.00336  0.08268-0.00001 0.00300  3.06452-0.00236 0.52201  1.00000 0.00000 0.00000
 C2       0.20028 0.00000 0.00309  0.55714 0.00001 0.00146  0.18269 0.00001 0.00136  1.66041-0.00009 0.20271  1.00000 0.00000 0.00000
 H21      0.27648 0.00001 0.00694  0.60000 0.00001 0.00250  0.07685 0.00001 0.00295  2.15343 0.00017 0.36054  1.00000 0.00000 0.00000
 H22     -0.00385-0.00000 0.00679  0.54769-0.00001 0.00358  0.15774-0.00004 0.00464  4.72009-0.00204 0.64896  1.00000 0.00000 0.00000

 ==> SCALE, EXTINCTION, CELL PARAMETERS FOR PATTERN#  1

 => Scale factors ( 1: 6): 
             2.739834       -0.005821        0.024909
             0.000000        0.000000        0.000000
             0.000000        0.000000        0.000000
             0.000000        0.000000        0.000000
             0.000000        0.000000        0.000000
             0.000000        0.000000        0.000000


 => Extinction Parameters: 
             0.000000        0.000000        0.000000
             0.000000        0.000000        0.000000
             0.000000        0.000000        0.000000
             0.000000        0.000000        0.000000
             0.000000        0.000000        0.000000
             0.000000        0.000000        0.000000
             0.000000        0.000000        0.000000


 => Lambda/2 param: 
              0.000000        0.000000        0.000000

 => Global user-weigthed Chi2 (Bragg contrib.):   37.2    

 => ---------> Pattern#  1
 => Phase:  1
 =>    RF2 -factor :   18.4    
 =>    RF2w-factor :   12.6    
 =>    RF  -factor :   14.4    
 =>    Chi2(Intens):   37.0    
 =>  N_eff Reflect.:    171 with I >  3.00 sigma
 ++++++++++++++++++++++++++++++++++++++++++++++++++++++++++++++++++++++++++++++++++++++++++++++++++++++++++++++++++++++++++++++++++++

 => CYCLE No.:   13
 ------------------------------------------------------------------------------------------------------------------------------------
 => Phase  1 Name: taurine
 ------------------------------------------------------------------------------------------------------------------------------------
 => New parameters, shifts, and standard deviations

 Atom        x       dx      sx       y       dy      sy       z       dz      sz       B       dB      sB      occ.    docc.   socc.

 S1       0.19459-0.00004 0.00684  0.35171 0.00001 0.00317  0.34736-0.00002 0.00280  1.36861 0.00047 0.38837  1.00000 0.00000 0.00000
 O1       0.31215-0.00003 0.00405  0.23950 0.00000 0.00150  0.35145-0.00001 0.00207  2.67762 0.00082 0.26478  1.00000 0.00000 0.00000
 O2      -0.05912 0.00001 0.00341  0.33565-0.00001 0.00274  0.29633 0.00001 0.00182  3.50349 0.00052 0.33345  1.00000 0.00000 0.00000
 O3       0.22107-0.00001 0.00325  0.41212 0.00001 0.00200  0.50576-0.00001 0.00148  1.83468 0.00017 0.26112  1.00000 0.00000 0.00000
 N1       0.26340-0.00000 0.00297  0.62809-0.00000 0.00108  0.33047-0.00000 0.00105  2.07352-0.00002 0.19232  1.00000 0.00000 0.00000
 H1       0.12861-0.00000 0.00596  0.58669-0.00000 0.00283  0.41768 0.00000 0.00311  3.31538-0.00011 0.52260  1.00000 0.00000 0.00000
 H2       0.18958-0.00002 0.00643  0.71382 0.00001 0.00414  0.31122 0.00001 0.00361  4.46638 0.00117 0.60801  1.00000 0.00000 0.00000
 H3       0.43977-0.00002 0.01029  0.62034-0.00004 0.00432  0.34592 0.00000 0.00408  4.34859-0.00244 0.67582  1.00000 0.00000 0.00000
 C1       0.34386-0.00001 0.00303  0.44113 0.00001 0.00141  0.20156-0.00001 0.00123  1.73424 0.00089 0.22519  1.00000 0.00000 0.00000
 H11      0.55251-0.00002 0.00600  0.43343 0.00000 0.00378  0.24305-0.00000 0.00332  3.31794 0.00152 0.51871  1.00000 0.00000 0.00000
 H12      0.32537 0.00000 0.00656  0.38962 0.00003 0.00336  0.08267-0.00001 0.00299  3.06269-0.00183 0.52134  1.00000 0.00000 0.00000
 C2       0.20028 0.00000 0.00308  0.55715 0.00001 0.00146  0.18269 0.00001 0.00136  1.66034-0.00007 0.20255  1.00000 0.00000 0.00000
 H21      0.27649 0.00001 0.00693  0.60001 0.00001 0.00250  0.07686 0.00001 0.00295  2.15357 0.00014 0.36027  1.00000 0.00000 0.00000
 H22     -0.00384 0.00000 0.00678  0.54769-0.00001 0.00358  0.15771-0.00003 0.00463  4.71843-0.00166 0.64819  1.00000 0.00000 0.00000

 ==> SCALE, EXTINCTION, CELL PARAMETERS FOR PATTERN#  1

 => Scale factors ( 1: 6): 
             2.734627       -0.005207        0.024838
             0.000000        0.000000        0.000000
             0.000000        0.000000        0.000000
             0.000000        0.000000        0.000000
             0.000000        0.000000        0.000000
             0.000000        0.000000        0.000000


 => Extinction Parameters: 
             0.000000        0.000000        0.000000
             0.000000        0.000000        0.000000
             0.000000        0.000000        0.000000
             0.000000        0.000000        0.000000
             0.000000        0.000000        0.000000
             0.000000        0.000000        0.000000
             0.000000        0.000000        0.000000


 => Lambda/2 param: 
              0.000000        0.000000        0.000000

 => Global user-weigthed Chi2 (Bragg contrib.):   37.0    

 => ---------> Pattern#  1
 => Phase:  1
 =>    RF2 -factor :   18.4    
 =>    RF2w-factor :   12.6    
 =>    RF  -factor :   14.4    
 =>    Chi2(Intens):   36.8    
 =>  N_eff Reflect.:    171 with I >  3.00 sigma
 ++++++++++++++++++++++++++++++++++++++++++++++++++++++++++++++++++++++++++++++++++++++++++++++++++++++++++++++++++++++++++++++++++++

 => CYCLE No.:   14
 ------------------------------------------------------------------------------------------------------------------------------------
 => Phase  1 Name: taurine
 ------------------------------------------------------------------------------------------------------------------------------------
 => New parameters, shifts, and standard deviations

 Atom        x       dx      sx       y       dy      sy       z       dz      sz       B       dB      sB      occ.    docc.   socc.

 S1       0.19456-0.00003 0.00684  0.35171 0.00001 0.00317  0.34735-0.00002 0.00280  1.36899 0.00038 0.38823  1.00000 0.00000 0.00000
 O1       0.31213-0.00002 0.00405  0.23950 0.00000 0.00150  0.35144-0.00001 0.00207  2.67827 0.00066 0.26475  1.00000 0.00000 0.00000
 O2      -0.05911 0.00001 0.00341  0.33564-0.00000 0.00274  0.29634 0.00001 0.00182  3.50392 0.00043 0.33337  1.00000 0.00000 0.00000
 O3       0.22106-0.00001 0.00325  0.41213 0.00001 0.00200  0.50576-0.00001 0.00148  1.83481 0.00013 0.26103  1.00000 0.00000 0.00000
 N1       0.26340-0.00000 0.00297  0.62809-0.00000 0.00108  0.33047-0.00000 0.00105  2.07352 0.00000 0.19225  1.00000 0.00000 0.00000
 H1       0.12861-0.00000 0.00596  0.58669-0.00000 0.00282  0.41769 0.00000 0.00310  3.31533-0.00005 0.52228  1.00000 0.00000 0.00000
 H2       0.18957-0.00001 0.00643  0.71383 0.00001 0.00414  0.31123 0.00000 0.00360  4.46731 0.00093 0.60786  1.00000 0.00000 0.00000
 H3       0.43975-0.00002 0.01029  0.62031-0.00003 0.00432  0.34592 0.00000 0.00408  4.34669-0.00190 0.67536  1.00000 0.00000 0.00000
 C1       0.34386-0.00001 0.00303  0.44114 0.00001 0.00141  0.20156-0.00000 0.00123  1.73492 0.00067 0.22514  1.00000 0.00000 0.00000
 H11      0.55249-0.00001 0.00600  0.43344 0.00000 0.00378  0.24304-0.00000 0.00332  3.31921 0.00126 0.51866  1.00000 0.00000 0.00000
 H12      0.32537 0.00000 0.00655  0.38964 0.00002 0.00336  0.08266-0.00001 0.00299  3.06127-0.00142 0.52092  1.00000 0.00000 0.00000
 C2       0.20029 0.00000 0.00308  0.55715 0.00000 0.00146  0.18270 0.00001 0.00136  1.66029-0.00005 0.20247  1.00000 0.00000 0.00000
 H21      0.27649 0.00001 0.00693  0.60002 0.00001 0.00250  0.07686 0.00001 0.00295  2.15370 0.00013 0.36013  1.00000 0.00000 0.00000
 H22     -0.00384 0.00000 0.00678  0.54768-0.00001 0.00358  0.15768-0.00002 0.00463  4.71708-0.00135 0.64772  1.00000 0.00000 0.00000

 ==> SCALE, EXTINCTION, CELL PARAMETERS FOR PATTERN#  1

 => Scale factors ( 1: 6): 
             2.729966       -0.004661        0.024782
             0.000000        0.000000        0.000000
             0.000000        0.000000        0.000000
             0.000000        0.000000        0.000000
             0.000000        0.000000        0.000000
             0.000000        0.000000        0.000000


 => Extinction Parameters: 
             0.000000        0.000000        0.000000
             0.000000        0.000000        0.000000
             0.000000        0.000000        0.000000
             0.000000        0.000000        0.000000
             0.000000        0.000000        0.000000
             0.000000        0.000000        0.000000
             0.000000        0.000000        0.000000


 => Lambda/2 param: 
              0.000000        0.000000        0.000000

 => Global user-weigthed Chi2 (Bragg contrib.):   36.8    

 => ---------> Pattern#  1
 => Phase:  1
 =>    RF2 -factor :   18.4    
 =>    RF2w-factor :   12.6    
 =>    RF  -factor :   14.4    
 =>    Chi2(Intens):   36.7    
 =>  N_eff Reflect.:    171 with I >  3.00 sigma
 ++++++++++++++++++++++++++++++++++++++++++++++++++++++++++++++++++++++++++++++++++++++++++++++++++++++++++++++++++++++++++++++++++++

 => CYCLE No.:   15
 ------------------------------------------------------------------------------------------------------------------------------------
 => Phase  1 Name: taurine
 ------------------------------------------------------------------------------------------------------------------------------------
 => New parameters, shifts, and standard deviations

 Atom        x       dx      sx       y       dy      sy       z       dz      sz       B       dB      sB      occ.    docc.   socc.

 S1       0.19454-0.00002 0.00684  0.35172 0.00000 0.00317  0.34733-0.00001 0.00280  1.36934 0.00035 0.38821  1.00000 0.00000 0.00000
 O1       0.31211-0.00002 0.00404  0.23950 0.00000 0.00150  0.35144-0.00000 0.00207  2.67879 0.00052 0.26476  1.00000 0.00000 0.00000
 O2      -0.05910 0.00001 0.00341  0.33564-0.00000 0.00274  0.29634 0.00001 0.00182  3.50428 0.00036 0.33337  1.00000 0.00000 0.00000
 O3       0.22106-0.00000 0.00325  0.41214 0.00001 0.00200  0.50575-0.00001 0.00148  1.83489 0.00009 0.26100  1.00000 0.00000 0.00000
 N1       0.26340 0.00000 0.00297  0.62809-0.00000 0.00108  0.33047-0.00000 0.00105  2.07354 0.00002 0.19224  1.00000 0.00000 0.00000
 H1       0.12861 0.00000 0.00596  0.58669-0.00000 0.00282  0.41769 0.00000 0.00310  3.31532-0.00000 0.52214  1.00000 0.00000 0.00000
 H2       0.18956-0.00001 0.00643  0.71383 0.00001 0.00414  0.31123 0.00000 0.00360  4.46806 0.00076 0.60786  1.00000 0.00000 0.00000
 H3       0.43973-0.00001 0.01028  0.62029-0.00002 0.00432  0.34592 0.00000 0.00407  4.34521-0.00148 0.67512  1.00000 0.00000 0.00000
 C1       0.34385-0.00000 0.00303  0.44114 0.00001 0.00141  0.20155-0.00000 0.00123  1.73541 0.00049 0.22514  1.00000 0.00000 0.00000
 H11      0.55248-0.00001 0.00600  0.43344 0.00000 0.00378  0.24304-0.00000 0.00332  3.32019 0.00098 0.51874  1.00000 0.00000 0.00000
 H12      0.32537-0.00000 0.00655  0.38966 0.00002 0.00335  0.08265-0.00001 0.00299  3.06020-0.00107 0.52070  1.00000 0.00000 0.00000
 C2       0.20029 0.00000 0.00308  0.55715 0.00000 0.00146  0.18271 0.00000 0.00136  1.66025-0.00003 0.20244  1.00000 0.00000 0.00000
 H21      0.27650 0.00000 0.00693  0.60002 0.00001 0.00250  0.07687 0.00001 0.00295  2.15380 0.00010 0.36009  1.00000 0.00000 0.00000
 H22     -0.00384 0.00000 0.00677  0.54768-0.00000 0.00357  0.15767-0.00002 0.00463  4.71598-0.00110 0.64747  1.00000 0.00000 0.00000

 ==> SCALE, EXTINCTION, CELL PARAMETERS FOR PATTERN#  1

 => Scale factors ( 1: 6): 
             2.725791       -0.004175        0.024737
             0.000000        0.000000        0.000000
             0.000000        0.000000        0.000000
             0.000000        0.000000        0.000000
             0.000000        0.000000        0.000000
             0.000000        0.000000        0.000000


 => Extinction Parameters: 
             0.000000        0.000000        0.000000
             0.000000        0.000000        0.000000
             0.000000        0.000000        0.000000
             0.000000        0.000000        0.000000
             0.000000        0.000000        0.000000
             0.000000        0.000000        0.000000
             0.000000        0.000000        0.000000


 => Lambda/2 param: 
              0.000000        0.000000        0.000000

 => Global user-weigthed Chi2 (Bragg contrib.):   36.7    

 => ---------> Pattern#  1
 => Phase:  1
 =>    RF2 -factor :   18.4    
 =>    RF2w-factor :   12.5    
 =>    RF  -factor :   14.4    
 =>    Chi2(Intens):   36.6    
 =>  N_eff Reflect.:    171 with I >  3.00 sigma
 ++++++++++++++++++++++++++++++++++++++++++++++++++++++++++++++++++++++++++++++++++++++++++++++++++++++++++++++++++++++++++++++++++++

 => CYCLE No.:   16
 ------------------------------------------------------------------------------------------------------------------------------------
 => Phase  1 Name: taurine
 ------------------------------------------------------------------------------------------------------------------------------------
 => New parameters, shifts, and standard deviations

 Atom        x       dx      sx       y       dy      sy       z       dz      sz       B       dB      sB      occ.    docc.   socc.

 S1       0.19452-0.00002 0.00684  0.35172 0.00000 0.00317  0.34732-0.00001 0.00280  1.36961 0.00027 0.38826  1.00000 0.00000 0.00000
 O1       0.31210-0.00001 0.00404  0.23950 0.00000 0.00150  0.35143-0.00000 0.00207  2.67921 0.00041 0.26483  1.00000 0.00000 0.00000
 O2      -0.05910 0.00000 0.00341  0.33564-0.00000 0.00274  0.29635 0.00001 0.00182  3.50456 0.00028 0.33343  1.00000 0.00000 0.00000
 O3       0.22105-0.00000 0.00325  0.41214 0.00001 0.00200  0.50574-0.00001 0.00148  1.83496 0.00007 0.26102  1.00000 0.00000 0.00000
 N1       0.26340 0.00000 0.00297  0.62808-0.00000 0.00108  0.33047 0.00000 0.00105  2.07357 0.00003 0.19226  1.00000 0.00000 0.00000
 H1       0.12861-0.00000 0.00596  0.58669-0.00000 0.00282  0.41769 0.00000 0.00310  3.31533 0.00000 0.52211  1.00000 0.00000 0.00000
 H2       0.18955-0.00001 0.00643  0.71384 0.00000 0.00414  0.31123 0.00000 0.00361  4.46863 0.00056 0.60797  1.00000 0.00000 0.00000
 H3       0.43972-0.00001 0.01028  0.62027-0.00002 0.00432  0.34592-0.00000 0.00407  4.34406-0.00115 0.67506  1.00000 0.00000 0.00000
 C1       0.34385-0.00000 0.00303  0.44115 0.00000 0.00141  0.20155-0.00000 0.00124  1.73581 0.00039 0.22518  1.00000 0.00000 0.00000
 H11      0.55248-0.00001 0.00600  0.43344 0.00000 0.00378  0.24304-0.00000 0.00332  3.32097 0.00078 0.51888  1.00000 0.00000 0.00000
 H12      0.32537-0.00000 0.00655  0.38967 0.00001 0.00335  0.08265-0.00001 0.00299  3.05937-0.00083 0.52062  1.00000 0.00000 0.00000
 C2       0.20029 0.00000 0.00308  0.55716 0.00000 0.00146  0.18271 0.00000 0.00136  1.66023-0.00002 0.20246  1.00000 0.00000 0.00000
 H21      0.27650 0.00000 0.00693  0.60003 0.00000 0.00250  0.07687 0.00000 0.00295  2.15387 0.00007 0.36012  1.00000 0.00000 0.00000
 H22     -0.00384 0.00000 0.00677  0.54768-0.00000 0.00357  0.15765-0.00001 0.00462  4.71510-0.00088 0.64737  1.00000 0.00000 0.00000

 ==> SCALE, EXTINCTION, CELL PARAMETERS FOR PATTERN#  1

 => Scale factors ( 1: 6): 
             2.722049       -0.003742        0.024701
             0.000000        0.000000        0.000000
             0.000000        0.000000        0.000000
             0.000000        0.000000        0.000000
             0.000000        0.000000        0.000000
             0.000000        0.000000        0.000000


 => Extinction Parameters: 
             0.000000        0.000000        0.000000
             0.000000        0.000000        0.000000
             0.000000        0.000000        0.000000
             0.000000        0.000000        0.000000
             0.000000        0.000000        0.000000
             0.000000        0.000000        0.000000
             0.000000        0.000000        0.000000


 => Lambda/2 param: 
              0.000000        0.000000        0.000000

 => Global user-weigthed Chi2 (Bragg contrib.):   36.5    

 => ---------> Pattern#  1
 => Phase:  1
 =>    RF2 -factor :   18.3    
 =>    RF2w-factor :   12.5    
 =>    RF  -factor :   14.4    
 =>    Chi2(Intens):   36.5    
 =>  N_eff Reflect.:    171 with I >  3.00 sigma
 ++++++++++++++++++++++++++++++++++++++++++++++++++++++++++++++++++++++++++++++++++++++++++++++++++++++++++++++++++++++++++++++++++++

 => CYCLE No.:   17
 ------------------------------------------------------------------------------------------------------------------------------------
 => Phase  1 Name: taurine
 ------------------------------------------------------------------------------------------------------------------------------------
 => New parameters, shifts, and standard deviations

 Atom        x       dx      sx       y       dy      sy       z       dz      sz       B       dB      sB      occ.    docc.   socc.

 S1       0.19451-0.00001 0.00684  0.35172 0.00000 0.00317  0.34731-0.00001 0.00280  1.36981 0.00021 0.38836  1.00000 0.00000 0.00000
 O1       0.31209-0.00001 0.00404  0.23950 0.00000 0.00150  0.35143-0.00000 0.00207  2.67952 0.00032 0.26492  1.00000 0.00000 0.00000
 O2      -0.05909 0.00000 0.00341  0.33564-0.00000 0.00274  0.29635 0.00000 0.00182  3.50476 0.00020 0.33352  1.00000 0.00000 0.00000
 O3       0.22105-0.00000 0.00325  0.41215 0.00000 0.00200  0.50574-0.00000 0.00148  1.83502 0.00006 0.26108  1.00000 0.00000 0.00000
 N1       0.26340 0.00000 0.00297  0.62808-0.00000 0.00108  0.33047 0.00000 0.00105  2.07359 0.00002 0.19231  1.00000 0.00000 0.00000
 H1       0.12861-0.00000 0.00596  0.58669-0.00000 0.00282  0.41769 0.00000 0.00310  3.31532-0.00001 0.52217  1.00000 0.00000 0.00000
 H2       0.18954-0.00001 0.00643  0.71384 0.00000 0.00414  0.31123 0.00000 0.00361  4.46907 0.00044 0.60814  1.00000 0.00000 0.00000
 H3       0.43971-0.00001 0.01029  0.62026-0.00001 0.00432  0.34592-0.00000 0.00407  4.34316-0.00090 0.67511  1.00000 0.00000 0.00000
 C1       0.34385-0.00000 0.00303  0.44115 0.00000 0.00141  0.20155-0.00000 0.00124  1.73611 0.00031 0.22524  1.00000 0.00000 0.00000
 H11      0.55247-0.00001 0.00600  0.43345 0.00000 0.00378  0.24304-0.00000 0.00332  3.32158 0.00061 0.51907  1.00000 0.00000 0.00000
 H12      0.32537-0.00000 0.00655  0.38968 0.00001 0.00335  0.08264-0.00000 0.00299  3.05872-0.00065 0.52063  1.00000 0.00000 0.00000
 C2       0.20029 0.00000 0.00308  0.55716 0.00000 0.00146  0.18271 0.00000 0.00136  1.66021-0.00002 0.20250  1.00000 0.00000 0.00000
 H21      0.27650 0.00000 0.00693  0.60003 0.00000 0.00250  0.07688 0.00000 0.00295  2.15393 0.00006 0.36020  1.00000 0.00000 0.00000
 H22     -0.00384 0.00000 0.00677  0.54767-0.00000 0.00357  0.15764-0.00001 0.00463  4.71440-0.00070 0.64740  1.00000 0.00000 0.00000

 ==> SCALE, EXTINCTION, CELL PARAMETERS FOR PATTERN#  1

 => Scale factors ( 1: 6): 
             2.718693       -0.003356        0.024673
             0.000000        0.000000        0.000000
             0.000000        0.000000        0.000000
             0.000000        0.000000        0.000000
             0.000000        0.000000        0.000000
             0.000000        0.000000        0.000000


 => Extinction Parameters: 
             0.000000        0.000000        0.000000
             0.000000        0.000000        0.000000
             0.000000        0.000000        0.000000
             0.000000        0.000000        0.000000
             0.000000        0.000000        0.000000
             0.000000        0.000000        0.000000
             0.000000        0.000000        0.000000


 => Lambda/2 param: 
              0.000000        0.000000        0.000000

 => Global user-weigthed Chi2 (Bragg contrib.):   36.5    

 => ---------> Pattern#  1
 => Phase:  1
 =>    RF2 -factor :   18.3    
 =>    RF2w-factor :   12.5    
 =>    RF  -factor :   14.4    
 =>    Chi2(Intens):   36.4    
 =>  N_eff Reflect.:    171 with I >  3.00 sigma
 ++++++++++++++++++++++++++++++++++++++++++++++++++++++++++++++++++++++++++++++++++++++++++++++++++++++++++++++++++++++++++++++++++++

 => CYCLE No.:   18
 ------------------------------------------------------------------------------------------------------------------------------------
 => Phase  1 Name: taurine
 ------------------------------------------------------------------------------------------------------------------------------------
 => New parameters, shifts, and standard deviations

 Atom        x       dx      sx       y       dy      sy       z       dz      sz       B       dB      sB      occ.    docc.   socc.

 S1       0.19450-0.00001 0.00684  0.35172 0.00000 0.00317  0.34731-0.00001 0.00280  1.36996 0.00015 0.38848  1.00000 0.00000 0.00000
 O1       0.31208-0.00001 0.00404  0.23951 0.00000 0.00150  0.35143-0.00000 0.00207  2.67977 0.00025 0.26503  1.00000 0.00000 0.00000
 O2      -0.05909 0.00000 0.00341  0.33564-0.00000 0.00274  0.29636 0.00000 0.00182  3.50493 0.00017 0.33365  1.00000 0.00000 0.00000
 O3       0.22105-0.00000 0.00325  0.41215 0.00000 0.00200  0.50573-0.00000 0.00148  1.83507 0.00005 0.26116  1.00000 0.00000 0.00000
 N1       0.26340 0.00000 0.00297  0.62808-0.00000 0.00108  0.33048 0.00000 0.00105  2.07361 0.00002 0.19238  1.00000 0.00000 0.00000
 H1       0.12861-0.00000 0.00596  0.58669-0.00000 0.00283  0.41769 0.00000 0.00310  3.31531-0.00002 0.52229  1.00000 0.00000 0.00000
 H2       0.18954-0.00000 0.00643  0.71384 0.00000 0.00414  0.31124 0.00000 0.00361  4.46941 0.00034 0.60835  1.00000 0.00000 0.00000
 H3       0.43971-0.00001 0.01029  0.62025-0.00001 0.00432  0.34592-0.00000 0.00407  4.34247-0.00069 0.67525  1.00000 0.00000 0.00000
 C1       0.34385-0.00000 0.00303  0.44115 0.00000 0.00141  0.20155-0.00000 0.00124  1.73635 0.00023 0.22533  1.00000 0.00000 0.00000
 H11      0.55247-0.00000 0.00600  0.43345 0.00000 0.00378  0.24304-0.00000 0.00332  3.32208 0.00049 0.51929  1.00000 0.00000 0.00000
 H12      0.32537-0.00000 0.00655  0.38969 0.00001 0.00335  0.08264-0.00000 0.00299  3.05819-0.00052 0.52071  1.00000 0.00000 0.00000
 C2       0.20029 0.00000 0.00308  0.55716 0.00000 0.00146  0.18271 0.00000 0.00136  1.66020-0.00001 0.20256  1.00000 0.00000 0.00000
 H21      0.27650 0.00000 0.00693  0.60003 0.00000 0.00250  0.07688 0.00000 0.00295  2.15397 0.00004 0.36030  1.00000 0.00000 0.00000
 H22     -0.00383 0.00000 0.00677  0.54767-0.00000 0.00357  0.15763-0.00001 0.00463  4.71383-0.00057 0.64750  1.00000 0.00000 0.00000

 ==> SCALE, EXTINCTION, CELL PARAMETERS FOR PATTERN#  1

 => Scale factors ( 1: 6): 
             2.715682       -0.003011        0.024650
             0.000000        0.000000        0.000000
             0.000000        0.000000        0.000000
             0.000000        0.000000        0.000000
             0.000000        0.000000        0.000000
             0.000000        0.000000        0.000000


 => Extinction Parameters: 
             0.000000        0.000000        0.000000
             0.000000        0.000000        0.000000
             0.000000        0.000000        0.000000
             0.000000        0.000000        0.000000
             0.000000        0.000000        0.000000
             0.000000        0.000000        0.000000
             0.000000        0.000000        0.000000


 => Lambda/2 param: 
              0.000000        0.000000        0.000000

 => Global user-weigthed Chi2 (Bragg contrib.):   36.4    

 => ---------> Pattern#  1
 => Phase:  1
 =>    RF2 -factor :   18.3    
 =>    RF2w-factor :   12.5    
 =>    RF  -factor :   14.4    
 =>    Chi2(Intens):   36.3    
 =>  N_eff Reflect.:    171 with I >  3.00 sigma
 ++++++++++++++++++++++++++++++++++++++++++++++++++++++++++++++++++++++++++++++++++++++++++++++++++++++++++++++++++++++++++++++++++++

 => CYCLE No.:   19
 ------------------------------------------------------------------------------------------------------------------------------------
 => Phase  1 Name: taurine
 ------------------------------------------------------------------------------------------------------------------------------------
 => New parameters, shifts, and standard deviations

 Atom        x       dx      sx       y       dy      sy       z       dz      sz       B       dB      sB      occ.    docc.   socc.

 S1       0.19449-0.00001 0.00684  0.35173 0.00000 0.00318  0.34730-0.00000 0.00280  1.37009 0.00013 0.38863  1.00000 0.00000 0.00000
 O1       0.31207-0.00001 0.00405  0.23951 0.00000 0.00150  0.35143-0.00000 0.00207  2.67995 0.00018 0.26515  1.00000 0.00000 0.00000
 O2      -0.05909 0.00000 0.00341  0.33563-0.00000 0.00274  0.29636 0.00000 0.00182  3.50505 0.00013 0.33378  1.00000 0.00000 0.00000
 O3       0.22105-0.00000 0.00325  0.41215 0.00000 0.00200  0.50573-0.00000 0.00148  1.83510 0.00003 0.26125  1.00000 0.00000 0.00000
 N1       0.26340 0.00000 0.00297  0.62808-0.00000 0.00108  0.33048 0.00000 0.00105  2.07362 0.00002 0.19245  1.00000 0.00000 0.00000
 H1       0.12861-0.00000 0.00596  0.58669-0.00000 0.00283  0.41769 0.00000 0.00311  3.31529-0.00002 0.52245  1.00000 0.00000 0.00000
 H2       0.18954-0.00000 0.00644  0.71385 0.00000 0.00414  0.31124 0.00000 0.00361  4.46968 0.00027 0.60860  1.00000 0.00000 0.00000
 H3       0.43970-0.00001 0.01029  0.62024-0.00001 0.00432  0.34592-0.00000 0.00408  4.34193-0.00054 0.67544  1.00000 0.00000 0.00000
 C1       0.34384-0.00000 0.00303  0.44116 0.00000 0.00141  0.20155-0.00000 0.00124  1.73653 0.00018 0.22542  1.00000 0.00000 0.00000
 H11      0.55247-0.00000 0.00600  0.43345 0.00000 0.00379  0.24304-0.00000 0.00333  3.32247 0.00039 0.51953  1.00000 0.00000 0.00000
 H12      0.32537-0.00000 0.00655  0.38970 0.00001 0.00335  0.08264-0.00000 0.00299  3.05778-0.00041 0.52083  1.00000 0.00000 0.00000
 C2       0.20029 0.00000 0.00308  0.55716 0.00000 0.00146  0.18272 0.00000 0.00136  1.66018-0.00001 0.20264  1.00000 0.00000 0.00000
 H21      0.27650 0.00000 0.00693  0.60004 0.00000 0.00250  0.07688 0.00000 0.00295  2.15401 0.00004 0.36043  1.00000 0.00000 0.00000
 H22     -0.00383 0.00000 0.00678  0.54767-0.00000 0.00357  0.15763-0.00001 0.00463  4.71338-0.00045 0.64767  1.00000 0.00000 0.00000

 ==> SCALE, EXTINCTION, CELL PARAMETERS FOR PATTERN#  1

 => Scale factors ( 1: 6): 
             2.712980       -0.002703        0.024632
             0.000000        0.000000        0.000000
             0.000000        0.000000        0.000000
             0.000000        0.000000        0.000000
             0.000000        0.000000        0.000000
             0.000000        0.000000        0.000000


 => Extinction Parameters: 
             0.000000        0.000000        0.000000
             0.000000        0.000000        0.000000
             0.000000        0.000000        0.000000
             0.000000        0.000000        0.000000
             0.000000        0.000000        0.000000
             0.000000        0.000000        0.000000
             0.000000        0.000000        0.000000


 => Lambda/2 param: 
              0.000000        0.000000        0.000000

 => Global user-weigthed Chi2 (Bragg contrib.):   36.3    

 => ---------> Pattern#  1
 => Phase:  1
 =>    RF2 -factor :   18.3    
 =>    RF2w-factor :   12.5    
 =>    RF  -factor :   14.4    
 =>    Chi2(Intens):   36.3    
 =>  N_eff Reflect.:    171 with I >  3.00 sigma
 ++++++++++++++++++++++++++++++++++++++++++++++++++++++++++++++++++++++++++++++++++++++++++++++++++++++++++++++++++++++++++++++++++++

 => CYCLE No.:   20
 ------------------------------------------------------------------------------------------------------------------------------------
 => Phase  1 Name: taurine
 ------------------------------------------------------------------------------------------------------------------------------------
 => New parameters, shifts, and standard deviations

 Atom        x       dx      sx       y       dy      sy       z       dz      sz       B       dB      sB      occ.    docc.   socc.

 S1       0.19448-0.00001 0.00685  0.35173 0.00000 0.00318  0.34730-0.00000 0.00280  1.37018 0.00009 0.38879  1.00000 0.00000 0.00000
 O1       0.31207-0.00001 0.00405  0.23951 0.00000 0.00150  0.35143-0.00000 0.00208  2.68011 0.00015 0.26527  1.00000 0.00000 0.00000
 O2      -0.05909 0.00000 0.00342  0.33563-0.00000 0.00274  0.29636 0.00000 0.00182  3.50515 0.00010 0.33393  1.00000 0.00000 0.00000
 O3       0.22105-0.00000 0.00326  0.41215 0.00000 0.00200  0.50573-0.00000 0.00148  1.83513 0.00004 0.26136  1.00000 0.00000 0.00000
 N1       0.26340 0.00000 0.00297  0.62808-0.00000 0.00108  0.33048 0.00000 0.00105  2.07364 0.00001 0.19253  1.00000 0.00000 0.00000
 H1       0.12861-0.00000 0.00596  0.58669-0.00000 0.00283  0.41769 0.00000 0.00311  3.31527-0.00002 0.52263  1.00000 0.00000 0.00000
 H2       0.18953-0.00000 0.00644  0.71385 0.00000 0.00414  0.31124 0.00000 0.00361  4.46988 0.00020 0.60886  1.00000 0.00000 0.00000
 H3       0.43970-0.00000 0.01030  0.62023-0.00001 0.00432  0.34592-0.00000 0.00408  4.34151-0.00042 0.67567  1.00000 0.00000 0.00000
 C1       0.34384-0.00000 0.00303  0.44116 0.00000 0.00142  0.20155-0.00000 0.00124  1.73667 0.00014 0.22551  1.00000 0.00000 0.00000
 H11      0.55246-0.00000 0.00601  0.43345 0.00000 0.00379  0.24304-0.00000 0.00333  3.32279 0.00031 0.51977  1.00000 0.00000 0.00000
 H12      0.32537-0.00000 0.00656  0.38970 0.00000 0.00335  0.08264-0.00000 0.00299  3.05746-0.00032 0.52099  1.00000 0.00000 0.00000
 C2       0.20029 0.00000 0.00308  0.55716 0.00000 0.00146  0.18272 0.00000 0.00136  1.66017-0.00001 0.20272  1.00000 0.00000 0.00000
 H21      0.27650 0.00000 0.00693  0.60004 0.00000 0.00250  0.07688 0.00000 0.00295  2.15403 0.00003 0.36058  1.00000 0.00000 0.00000
 H22     -0.00383 0.00000 0.00678  0.54767-0.00000 0.00357  0.15762-0.00000 0.00463  4.71303-0.00036 0.64787  1.00000 0.00000 0.00000

 ==> SCALE, EXTINCTION, CELL PARAMETERS FOR PATTERN#  1

 => Scale factors ( 1: 6): 
             2.710553       -0.002426        0.024617
             0.000000        0.000000        0.000000
             0.000000        0.000000        0.000000
             0.000000        0.000000        0.000000
             0.000000        0.000000        0.000000
             0.000000        0.000000        0.000000


 => Extinction Parameters: 
             0.000000        0.000000        0.000000
             0.000000        0.000000        0.000000
             0.000000        0.000000        0.000000
             0.000000        0.000000        0.000000
             0.000000        0.000000        0.000000
             0.000000        0.000000        0.000000
             0.000000        0.000000        0.000000


 => Lambda/2 param: 
              0.000000        0.000000        0.000000

 => Global user-weigthed Chi2 (Bragg contrib.):   36.3    

 => ---------> Pattern#  1
 => Phase:  1
 =>    RF2 -factor :   18.3    
 =>    RF2w-factor :   12.5    
 =>    RF  -factor :   14.4    
 =>    Chi2(Intens):   36.2    
 =>  N_eff Reflect.:    171 with I >  3.00 sigma
 ++++++++++++++++++++++++++++++++++++++++++++++++++++++++++++++++++++++++++++++++++++++++++++++++++++++++++++++++++++++++++++++++++++

 => CYCLE No.:   20
 =>  Convergence reached at this CYCLE !!!!
 =>  Parameter shifts set to zero
 ------------------------------------------------------------------------------------------------------------------------------------
 => Phase  1 Name: taurine
 ------------------------------------------------------------------------------------------------------------------------------------
 => New parameters, shifts, and standard deviations

 Atom        x       dx      sx       y       dy      sy       z       dz      sz       B       dB      sB      occ.    docc.   socc.

 S1       0.19448 0.00000 0.00685  0.35173 0.00000 0.00318  0.34730 0.00000 0.00280  1.37018 0.00000 0.38879  1.00000 0.00000 0.00000
 O1       0.31207 0.00000 0.00405  0.23951 0.00000 0.00150  0.35143 0.00000 0.00208  2.68011 0.00000 0.26527  1.00000 0.00000 0.00000
 O2      -0.05909 0.00000 0.00342  0.33563 0.00000 0.00274  0.29636 0.00000 0.00182  3.50515 0.00000 0.33393  1.00000 0.00000 0.00000
 O3       0.22105 0.00000 0.00326  0.41215 0.00000 0.00200  0.50573 0.00000 0.00148  1.83513 0.00000 0.26136  1.00000 0.00000 0.00000
 N1       0.26340 0.00000 0.00297  0.62808 0.00000 0.00108  0.33048 0.00000 0.00105  2.07364 0.00000 0.19253  1.00000 0.00000 0.00000
 H1       0.12861 0.00000 0.00596  0.58669 0.00000 0.00283  0.41769 0.00000 0.00311  3.31527 0.00000 0.52263  1.00000 0.00000 0.00000
 H2       0.18953 0.00000 0.00644  0.71385 0.00000 0.00414  0.31124 0.00000 0.00361  4.46988 0.00000 0.60886  1.00000 0.00000 0.00000
 H3       0.43970 0.00000 0.01030  0.62023 0.00000 0.00432  0.34592 0.00000 0.00408  4.34151 0.00000 0.67567  1.00000 0.00000 0.00000
 C1       0.34384 0.00000 0.00303  0.44116 0.00000 0.00142  0.20155 0.00000 0.00124  1.73667 0.00000 0.22551  1.00000 0.00000 0.00000
 H11      0.55246 0.00000 0.00601  0.43345 0.00000 0.00379  0.24304 0.00000 0.00333  3.32279 0.00000 0.51977  1.00000 0.00000 0.00000
 H12      0.32537 0.00000 0.00656  0.38970 0.00000 0.00335  0.08264 0.00000 0.00299  3.05746 0.00000 0.52099  1.00000 0.00000 0.00000
 C2       0.20029 0.00000 0.00308  0.55716 0.00000 0.00146  0.18272 0.00000 0.00136  1.66017 0.00000 0.20272  1.00000 0.00000 0.00000
 H21      0.27650 0.00000 0.00693  0.60004 0.00000 0.00250  0.07688 0.00000 0.00295  2.15403 0.00000 0.36058  1.00000 0.00000 0.00000
 H22     -0.00383 0.00000 0.00678  0.54767 0.00000 0.00357  0.15762 0.00000 0.00463  4.71303 0.00000 0.64787  1.00000 0.00000 0.00000

 ==> SCALE, EXTINCTION, CELL PARAMETERS FOR PATTERN#  1

 => Scale factors ( 1: 6): 
             2.710553        0.000000        0.024617
             0.000000        0.000000        0.000000
             0.000000        0.000000        0.000000
             0.000000        0.000000        0.000000
             0.000000        0.000000        0.000000
             0.000000        0.000000        0.000000


 => Extinction Parameters: 
             0.000000        0.000000        0.000000
             0.000000        0.000000        0.000000
             0.000000        0.000000        0.000000
             0.000000        0.000000        0.000000
             0.000000        0.000000        0.000000
             0.000000        0.000000        0.000000
             0.000000        0.000000        0.000000


 => Lambda/2 param: 
              0.000000        0.000000        0.000000

 => Global user-weigthed Chi2 (Bragg contrib.):   36.3    

 => ---------> Pattern#  1
 => Phase:  1
 =>    RF2 -factor :   18.3    
 =>    RF2w-factor :   12.5    
 =>    RF  -factor :   14.4    
 =>    Chi2(Intens):   36.2    
 =>  N_eff Reflect.:    171 with I >  3.00 sigma

 --------------------------------------------------------------------------------------------------------------------------------------------------------
 Pattern#  1 Phase No.:   1 Phase name: taurine
 --------------------------------------------------------------------------------------------------------------------------------------------------------
 => F2cal= scale*Corr*F2
   h   k   l ivk   cod      F2obs         F2cal      F2cal(mag)     Dif/sig   Extinction(y)      Sinthet/lamb  Lambda/2-Contr    RMsFx       IMsFx       RMsFy       IMsFy       RMsFz       IMsFz         RMiVx       IMiVx       RMiVy       IMiVy       RMiVz       IMiVz
  -4  10  -3   0     1       0.1000       1.2978        0.0000        0.0000     1.00000 Excl       0.61284       0.00000       0.00000     0.00000     0.00000     0.00000     0.00000     0.00000       0.00000     0.00000     0.00000     0.00000     0.00000     0.00000
  -4  11  -4   0     1       3.4800       0.6784        0.0000        2.5015     1.00000            0.66801       0.00000       0.00000     0.00000     0.00000     0.00000     0.00000     0.00000       0.00000     0.00000     0.00000     0.00000     0.00000     0.00000
  -4  11  -3   0     1      28.3500      19.9655        0.0000        3.4363     1.00000            0.64359       0.00000       0.00000     0.00000     0.00000     0.00000     0.00000     0.00000       0.00000     0.00000     0.00000     0.00000     0.00000     0.00000
  -4  12  -4   0     1      12.8000      13.6745        0.0000       -0.5500     1.00000            0.69897       0.00000       0.00000     0.00000     0.00000     0.00000     0.00000     0.00000       0.00000     0.00000     0.00000     0.00000     0.00000     0.00000
  -4  12  -3   0     1      19.8900      20.8406        0.0000       -0.4442     1.00000            0.67567       0.00000       0.00000     0.00000     0.00000     0.00000     0.00000     0.00000       0.00000     0.00000     0.00000     0.00000     0.00000     0.00000
  -3   8  -3   0     1      23.7400      14.2968        0.0000        8.4314     1.00000            0.49349       0.00000       0.00000     0.00000     0.00000     0.00000     0.00000     0.00000       0.00000     0.00000     0.00000     0.00000     0.00000     0.00000
  -3   9  -3   0     1       0.1700       0.4819        0.0000        0.0000     1.00000 Excl       0.52423       0.00000       0.00000     0.00000     0.00000     0.00000     0.00000     0.00000       0.00000     0.00000     0.00000     0.00000     0.00000     0.00000
  -3  10  -3   0     1      32.4900      31.0554        0.0000        0.9501     1.00000            0.55657       0.00000       0.00000     0.00000     0.00000     0.00000     0.00000     0.00000       0.00000     0.00000     0.00000     0.00000     0.00000     0.00000
  -2   6  -2   0     1       0.5700       1.0718        0.0000       -5.5756     1.00000            0.34948       0.00000       0.00000     0.00000     0.00000     0.00000     0.00000     0.00000       0.00000     0.00000     0.00000     0.00000     0.00000     0.00000
  -1   3  -1   0     1       4.0900       4.3067        0.0000       -2.7082     1.00000            0.17474       0.00000       0.00000     0.00000     0.00000     0.00000     0.00000     0.00000       0.00000     0.00000     0.00000     0.00000     0.00000     0.00000
  -5   7  -4   0     1       1.1500       0.3166        0.0000        0.0000     1.00000 Excl       0.63126       0.00000       0.00000     0.00000     0.00000     0.00000     0.00000     0.00000       0.00000     0.00000     0.00000     0.00000     0.00000     0.00000
  -5   8  -5   0     1       3.1100       7.1539        0.0000        0.0000     1.00000 Excl       0.68348       0.00000       0.00000     0.00000     0.00000     0.00000     0.00000     0.00000       0.00000     0.00000     0.00000     0.00000     0.00000     0.00000
  -5   8  -4   0     1       0.4700       0.2116        0.0000        0.0000     1.00000 Excl       0.65275       0.00000       0.00000     0.00000     0.00000     0.00000     0.00000     0.00000       0.00000     0.00000     0.00000     0.00000     0.00000     0.00000
  -5   9  -5   0     1       0.7300       0.2189        0.0000        0.0000     1.00000 Excl       0.70599       0.00000       0.00000     0.00000     0.00000     0.00000     0.00000     0.00000       0.00000     0.00000     0.00000     0.00000     0.00000     0.00000
  -5   9  -4   0     1       0.3100       0.0002        0.0000        0.0000     1.00000 Excl       0.67629       0.00000       0.00000     0.00000     0.00000     0.00000     0.00000     0.00000       0.00000     0.00000     0.00000     0.00000     0.00000     0.00000
  -5  10  -5   0     1       4.4900       0.4188        0.0000        2.9289     1.00000            0.73033       0.00000       0.00000     0.00000     0.00000     0.00000     0.00000     0.00000       0.00000     0.00000     0.00000     0.00000     0.00000     0.00000
  -4   6  -4   0     1       1.9300       0.8195        0.0000        2.3628     1.00000            0.53837       0.00000       0.00000     0.00000     0.00000     0.00000     0.00000     0.00000       0.00000     0.00000     0.00000     0.00000     0.00000     0.00000
  -4   7  -4   0     1       1.7600       4.4461        0.0000       -5.4817     1.00000            0.56015       0.00000       0.00000     0.00000     0.00000     0.00000     0.00000     0.00000       0.00000     0.00000     0.00000     0.00000     0.00000     0.00000
  -4   7  -3   0     1       3.3500       9.2579        0.0000       -8.5621     1.00000            0.53079       0.00000       0.00000     0.00000     0.00000     0.00000     0.00000     0.00000       0.00000     0.00000     0.00000     0.00000     0.00000     0.00000
  -4   8  -4   0     1       1.2900       2.3491        0.0000        0.0000     1.00000 Excl       0.58426       0.00000       0.00000     0.00000     0.00000     0.00000     0.00000     0.00000       0.00000     0.00000     0.00000     0.00000     0.00000     0.00000
  -3   5  -3   0     1       2.2000       2.0615        0.0000        0.4776     1.00000            0.41446       0.00000       0.00000     0.00000     0.00000     0.00000     0.00000     0.00000       0.00000     0.00000     0.00000     0.00000     0.00000     0.00000
  -3   6  -3   0     1      65.4800      60.6452        0.0000        3.7772     1.00000            0.43820       0.00000       0.00000     0.00000     0.00000     0.00000     0.00000     0.00000       0.00000     0.00000     0.00000     0.00000     0.00000     0.00000
  -2   3  -2   0     1       8.3100       8.5179        0.0000       -1.1548     1.00000            0.26919       0.00000       0.00000     0.00000     0.00000     0.00000     0.00000     0.00000       0.00000     0.00000     0.00000     0.00000     0.00000     0.00000
  -2   4  -2   0     1       5.2100       4.5773        0.0000        4.2181     1.00000            0.29213       0.00000       0.00000     0.00000     0.00000     0.00000     0.00000     0.00000       0.00000     0.00000     0.00000     0.00000     0.00000     0.00000
  -5   4  -6   0     1       0.2900       0.2003        0.0000        0.0000     1.00000 Excl       0.65426       0.00000       0.00000     0.00000     0.00000     0.00000     0.00000     0.00000       0.00000     0.00000     0.00000     0.00000     0.00000     0.00000
  -5   4  -5   0     1      11.0800      13.4922        0.0000       -1.5766     1.00000            0.61549       0.00000       0.00000     0.00000     0.00000     0.00000     0.00000     0.00000       0.00000     0.00000     0.00000     0.00000     0.00000     0.00000
  -5   5  -6   0     1       4.6700       3.0720        0.0000        1.3207     1.00000            0.66679       0.00000       0.00000     0.00000     0.00000     0.00000     0.00000     0.00000       0.00000     0.00000     0.00000     0.00000     0.00000     0.00000
  -5   5  -5   0     1       0.6000       1.4293        0.0000        0.0000     1.00000 Excl       0.62879       0.00000       0.00000     0.00000     0.00000     0.00000     0.00000     0.00000       0.00000     0.00000     0.00000     0.00000     0.00000     0.00000
  -4   3  -4   0     1       7.0100      11.5067        0.0000       -6.2453     1.00000            0.49007       0.00000       0.00000     0.00000     0.00000     0.00000     0.00000     0.00000       0.00000     0.00000     0.00000     0.00000     0.00000     0.00000
  -4   4  -5   0     1       0.4000       6.0057        0.0000        0.0000     1.00000 Excl       0.54152       0.00000       0.00000     0.00000     0.00000     0.00000     0.00000     0.00000       0.00000     0.00000     0.00000     0.00000     0.00000     0.00000
  -4   4  -4   0     1       4.0900       6.2932        0.0000       -3.7343     1.00000            0.50304       0.00000       0.00000     0.00000     0.00000     0.00000     0.00000     0.00000       0.00000     0.00000     0.00000     0.00000     0.00000     0.00000
  -3   3  -3   0     1       1.4000       2.6657        0.0000       -6.6614     1.00000            0.37728       0.00000       0.00000     0.00000     0.00000     0.00000     0.00000     0.00000       0.00000     0.00000     0.00000     0.00000     0.00000     0.00000
  -2   2  -2   0     1      36.8200      40.5262        0.0000      -10.9005     1.00000            0.25152       0.00000       0.00000     0.00000     0.00000     0.00000     0.00000     0.00000       0.00000     0.00000     0.00000     0.00000     0.00000     0.00000
  -4  12  -6   0     1       5.4500       2.2378        0.0000        2.6115     1.00000            0.75970       0.00000       0.00000     0.00000     0.00000     0.00000     0.00000     0.00000       0.00000     0.00000     0.00000     0.00000     0.00000     0.00000
  -4  13  -6   0     1       4.6700       0.0223        0.0000        0.0000     1.00000 Excl       0.78939       0.00000       0.00000     0.00000     0.00000     0.00000     0.00000     0.00000       0.00000     0.00000     0.00000     0.00000     0.00000     0.00000
  -3   9  -4   0     1       0.4000       0.1559        0.0000        0.0000     1.00000 Excl       0.55316       0.00000       0.00000     0.00000     0.00000     0.00000     0.00000     0.00000       0.00000     0.00000     0.00000     0.00000     0.00000     0.00000
  -3  10  -5   0     1       4.4400       8.4983        0.0000       -5.4111     1.00000            0.61668       0.00000       0.00000     0.00000     0.00000     0.00000     0.00000     0.00000       0.00000     0.00000     0.00000     0.00000     0.00000     0.00000
  -3  11  -5   0     1      14.3800      14.3210        0.0000        0.0458     1.00000            0.64725       0.00000       0.00000     0.00000     0.00000     0.00000     0.00000     0.00000       0.00000     0.00000     0.00000     0.00000     0.00000     0.00000
  -3  12  -5   0     1       7.4400       2.1110        0.0000        4.8009     1.00000            0.67916       0.00000       0.00000     0.00000     0.00000     0.00000     0.00000     0.00000       0.00000     0.00000     0.00000     0.00000     0.00000     0.00000
  -2   6  -3   0     1      47.2500      47.9863        0.0000       -1.0828     1.00000            0.37985       0.00000       0.00000     0.00000     0.00000     0.00000     0.00000     0.00000       0.00000     0.00000     0.00000     0.00000     0.00000     0.00000
  -2   7  -3   0     1     119.5300     119.3492        0.0000        0.1506     1.00000            0.41013       0.00000       0.00000     0.00000     0.00000     0.00000     0.00000     0.00000       0.00000     0.00000     0.00000     0.00000     0.00000     0.00000
  -5   9  -7   0     1       1.6800       5.9358        0.0000        0.0000     1.00000 Excl       0.77786       0.00000       0.00000     0.00000     0.00000     0.00000     0.00000     0.00000       0.00000     0.00000     0.00000     0.00000     0.00000     0.00000
  -5  10  -7   0     1       3.6600       4.6117        0.0000        0.0000     1.00000 Excl       0.80001       0.00000       0.00000     0.00000     0.00000     0.00000     0.00000     0.00000       0.00000     0.00000     0.00000     0.00000     0.00000     0.00000
  -4   8  -7   0     1       0.3500       2.0267        0.0000        0.0000     1.00000 Excl       0.69750       0.00000       0.00000     0.00000     0.00000     0.00000     0.00000     0.00000       0.00000     0.00000     0.00000     0.00000     0.00000     0.00000
  -4   8  -6   0     1       2.6300       4.2112        0.0000       -1.8175     1.00000            0.65570       0.00000       0.00000     0.00000     0.00000     0.00000     0.00000     0.00000       0.00000     0.00000     0.00000     0.00000     0.00000     0.00000
  -4   9  -7   0     1       8.8300      10.0639        0.0000       -0.9140     1.00000            0.71957       0.00000       0.00000     0.00000     0.00000     0.00000     0.00000     0.00000       0.00000     0.00000     0.00000     0.00000     0.00000     0.00000
  -4   9  -6   0     1       0.2600       0.0453        0.0000        0.0000     1.00000 Excl       0.67914       0.00000       0.00000     0.00000     0.00000     0.00000     0.00000     0.00000       0.00000     0.00000     0.00000     0.00000     0.00000     0.00000
  -4  10  -7   0     1       1.6500       0.1434        0.0000        0.0000     1.00000 Excl       0.74347       0.00000       0.00000     0.00000     0.00000     0.00000     0.00000     0.00000       0.00000     0.00000     0.00000     0.00000     0.00000     0.00000
  -3   6  -5   0     1       0.6100       1.5829        0.0000        0.0000     1.00000 Excl       0.51239       0.00000       0.00000     0.00000     0.00000     0.00000     0.00000     0.00000       0.00000     0.00000     0.00000     0.00000     0.00000     0.00000
  -3   6  -4   0     1      35.1100      35.3283        0.0000       -0.2119     1.00000            0.47243       0.00000       0.00000     0.00000     0.00000     0.00000     0.00000     0.00000       0.00000     0.00000     0.00000     0.00000     0.00000     0.00000
  -3   7  -5   0     1       9.4800      15.5007        0.0000       -8.8540     1.00000            0.53522       0.00000       0.00000     0.00000     0.00000     0.00000     0.00000     0.00000       0.00000     0.00000     0.00000     0.00000     0.00000     0.00000
  -3   7  -4   0     1       0.8800       1.2784        0.0000       -1.6600     1.00000            0.49710       0.00000       0.00000     0.00000     0.00000     0.00000     0.00000     0.00000       0.00000     0.00000     0.00000     0.00000     0.00000     0.00000
  -2   4  -3   0     1      21.5000      23.3015        0.0000       -5.6297     1.00000            0.32785       0.00000       0.00000     0.00000     0.00000     0.00000     0.00000     0.00000       0.00000     0.00000     0.00000     0.00000     0.00000     0.00000
  -5   5  -8   0     1       4.8100       8.4792        0.0000       -2.7382     1.00000            0.75340       0.00000       0.00000     0.00000     0.00000     0.00000     0.00000     0.00000       0.00000     0.00000     0.00000     0.00000     0.00000     0.00000
  -5   6  -9   0     1       7.7600       4.9559        0.0000        1.6892     1.00000            0.81340       0.00000       0.00000     0.00000     0.00000     0.00000     0.00000     0.00000       0.00000     0.00000     0.00000     0.00000     0.00000     0.00000
  -5   6  -8   0     1       9.6100       6.4188        0.0000        1.6365     1.00000            0.76671       0.00000       0.00000     0.00000     0.00000     0.00000     0.00000     0.00000       0.00000     0.00000     0.00000     0.00000     0.00000     0.00000
  -5   7  -9   0     1       2.7600       6.6644        0.0000        0.0000     1.00000 Excl       0.82797       0.00000       0.00000     0.00000     0.00000     0.00000     0.00000     0.00000       0.00000     0.00000     0.00000     0.00000     0.00000     0.00000
  -5   7  -8   0     1       0.5300       0.1143        0.0000        0.0000     1.00000 Excl       0.78216       0.00000       0.00000     0.00000     0.00000     0.00000     0.00000     0.00000       0.00000     0.00000     0.00000     0.00000     0.00000     0.00000
  -5   8  -9   0     1       2.7300       1.0572        0.0000        0.0000     1.00000 Excl       0.84447       0.00000       0.00000     0.00000     0.00000     0.00000     0.00000     0.00000       0.00000     0.00000     0.00000     0.00000     0.00000     0.00000
  -4   4  -6   0     1      17.5200      22.5229        0.0000       -3.2277     1.00000            0.58449       0.00000       0.00000     0.00000     0.00000     0.00000     0.00000     0.00000       0.00000     0.00000     0.00000     0.00000     0.00000     0.00000
  -4   5  -7   0     1       0.4800       2.9064        0.0000        0.0000     1.00000 Excl       0.64401       0.00000       0.00000     0.00000     0.00000     0.00000     0.00000     0.00000       0.00000     0.00000     0.00000     0.00000     0.00000     0.00000
  -4   5  -6   0     1       3.1400       8.4982        0.0000       -7.9973     1.00000            0.59849       0.00000       0.00000     0.00000     0.00000     0.00000     0.00000     0.00000       0.00000     0.00000     0.00000     0.00000     0.00000     0.00000
  -4   6  -7   0     1       0.9400       0.9185        0.0000        0.0000     1.00000 Excl       0.65954       0.00000       0.00000     0.00000     0.00000     0.00000     0.00000     0.00000       0.00000     0.00000     0.00000     0.00000     0.00000     0.00000
  -3   4  -5   0     1       1.0000       0.5586        0.0000        2.4522     1.00000            0.47513       0.00000       0.00000     0.00000     0.00000     0.00000     0.00000     0.00000       0.00000     0.00000     0.00000     0.00000     0.00000     0.00000
  -2   2  -3   0     1       3.5300       3.9225        0.0000       -2.6168     1.00000            0.29225       0.00000       0.00000     0.00000     0.00000     0.00000     0.00000     0.00000       0.00000     0.00000     0.00000     0.00000     0.00000     0.00000
  -3  13  -8   0     1       0.7400       0.5440        0.0000        0.0000     1.00000 Excl       0.82121       0.00000       0.00000     0.00000     0.00000     0.00000     0.00000     0.00000       0.00000     0.00000     0.00000     0.00000     0.00000     0.00000
  -3  14  -9   0     1       0.4900       1.1890        0.0000        0.0000     1.00000 Excl       0.89226       0.00000       0.00000     0.00000     0.00000     0.00000     0.00000     0.00000       0.00000     0.00000     0.00000     0.00000     0.00000     0.00000
  -3  14  -8   0     1       9.1100       1.4646        0.0000        3.7114     1.00000            0.85092       0.00000       0.00000     0.00000     0.00000     0.00000     0.00000     0.00000       0.00000     0.00000     0.00000     0.00000     0.00000     0.00000
  -2   8  -5   0     1       0.6600       2.0196        0.0000       -6.4745     1.00000            0.51442       0.00000       0.00000     0.00000     0.00000     0.00000     0.00000     0.00000       0.00000     0.00000     0.00000     0.00000     0.00000     0.00000
  -2   9  -6   0     1       0.3600       0.8310        0.0000        0.0000     1.00000 Excl       0.58531       0.00000       0.00000     0.00000     0.00000     0.00000     0.00000     0.00000       0.00000     0.00000     0.00000     0.00000     0.00000     0.00000
  -2   9  -5   0     1      12.1600       5.5083        0.0000        8.8689     1.00000            0.54398       0.00000       0.00000     0.00000     0.00000     0.00000     0.00000     0.00000       0.00000     0.00000     0.00000     0.00000     0.00000     0.00000
  -2  10  -6   0     1       0.4700       0.0890        0.0000        0.0000     1.00000 Excl       0.61445       0.00000       0.00000     0.00000     0.00000     0.00000     0.00000     0.00000       0.00000     0.00000     0.00000     0.00000     0.00000     0.00000
  -2  11  -7   0     1       0.4300       0.0031        0.0000        0.0000     1.00000 Excl       0.68633       0.00000       0.00000     0.00000     0.00000     0.00000     0.00000     0.00000       0.00000     0.00000     0.00000     0.00000     0.00000     0.00000
  -2  11  -6   0     1      13.4500       5.1518        0.0000        7.3435     1.00000            0.64513       0.00000       0.00000     0.00000     0.00000     0.00000     0.00000     0.00000       0.00000     0.00000     0.00000     0.00000     0.00000     0.00000
  -2  12  -7   0     1       3.3900       4.3424        0.0000       -1.2369     1.00000            0.71650       0.00000       0.00000     0.00000     0.00000     0.00000     0.00000     0.00000       0.00000     0.00000     0.00000     0.00000     0.00000     0.00000
  -1   5  -3   0     1      42.1600      43.9190        0.0000       -4.5104     1.00000            0.30723       0.00000       0.00000     0.00000     0.00000     0.00000     0.00000     0.00000       0.00000     0.00000     0.00000     0.00000     0.00000     0.00000
  -4  10 -10   0     1       3.4200       2.9261        0.0000        0.0000     1.00000 Excl       0.87835       0.00000       0.00000     0.00000     0.00000     0.00000     0.00000     0.00000       0.00000     0.00000     0.00000     0.00000     0.00000     0.00000
  -4  10  -9   0     1       2.0500       2.4129        0.0000        0.0000     1.00000 Excl       0.83090       0.00000       0.00000     0.00000     0.00000     0.00000     0.00000     0.00000       0.00000     0.00000     0.00000     0.00000     0.00000     0.00000
  -4  11  -9   0     1       5.3500       6.2314        0.0000       -0.6079     1.00000            0.85384       0.00000       0.00000     0.00000     0.00000     0.00000     0.00000     0.00000       0.00000     0.00000     0.00000     0.00000     0.00000     0.00000
  -4  12  -9   0     1       1.2700       0.0918        0.0000        0.0000     1.00000 Excl       0.87827       0.00000       0.00000     0.00000     0.00000     0.00000     0.00000     0.00000       0.00000     0.00000     0.00000     0.00000     0.00000     0.00000
  -3   8  -8   0     1       4.0400       8.8154        0.0000       -5.9692     1.00000            0.69368       0.00000       0.00000     0.00000     0.00000     0.00000     0.00000     0.00000       0.00000     0.00000     0.00000     0.00000     0.00000     0.00000
  -3   8  -7   0     1       1.4700       4.2485        0.0000        0.0000     1.00000 Excl       0.64599       0.00000       0.00000     0.00000     0.00000     0.00000     0.00000     0.00000       0.00000     0.00000     0.00000     0.00000     0.00000     0.00000
  -3   9  -8   0     1       2.9800       1.2733        0.0000        2.2165     1.00000            0.71587       0.00000       0.00000     0.00000     0.00000     0.00000     0.00000     0.00000       0.00000     0.00000     0.00000     0.00000     0.00000     0.00000
  -3  10  -9   0     1       3.7800       3.1597        0.0000        0.6394     1.00000            0.78708       0.00000       0.00000     0.00000     0.00000     0.00000     0.00000     0.00000       0.00000     0.00000     0.00000     0.00000     0.00000     0.00000
  -3  10  -8   0     1       0.7200       0.3764        0.0000        0.0000     1.00000 Excl       0.73988       0.00000       0.00000     0.00000     0.00000     0.00000     0.00000     0.00000       0.00000     0.00000     0.00000     0.00000     0.00000     0.00000
  -3  11  -9   0     1       3.8000       0.0132        0.0000        0.0000     1.00000 Excl       0.81125       0.00000       0.00000     0.00000     0.00000     0.00000     0.00000     0.00000       0.00000     0.00000     0.00000     0.00000     0.00000     0.00000
  -2   5  -5   0     1       6.9200       8.2764        0.0000       -3.9895     1.00000            0.43917       0.00000       0.00000     0.00000     0.00000     0.00000     0.00000     0.00000       0.00000     0.00000     0.00000     0.00000     0.00000     0.00000
  -2   6  -6   0     1       0.1700       2.5245        0.0000        0.0000     1.00000 Excl       0.50970       0.00000       0.00000     0.00000     0.00000     0.00000     0.00000     0.00000       0.00000     0.00000     0.00000     0.00000     0.00000     0.00000
  -2   6  -5   0     1      11.9300       8.6085        0.0000        6.9197     1.00000            0.46164       0.00000       0.00000     0.00000     0.00000     0.00000     0.00000     0.00000       0.00000     0.00000     0.00000     0.00000     0.00000     0.00000
  -2   7  -6   0     1       0.2900       0.6293        0.0000        0.0000     1.00000 Excl       0.53265       0.00000       0.00000     0.00000     0.00000     0.00000     0.00000     0.00000       0.00000     0.00000     0.00000     0.00000     0.00000     0.00000
  -1   3  -3   0     1       0.8400       1.0046        0.0000       -3.2920     1.00000            0.25485       0.00000       0.00000     0.00000     0.00000     0.00000     0.00000     0.00000       0.00000     0.00000     0.00000     0.00000     0.00000     0.00000
  -4   6 -10   0     1       0.4900       0.0259        0.0000        0.0000     1.00000 Excl       0.80854       0.00000       0.00000     0.00000     0.00000     0.00000     0.00000     0.00000       0.00000     0.00000     0.00000     0.00000     0.00000     0.00000
  -4   6  -9   0     1       1.4900       2.5101        0.0000        0.0000     1.00000 Excl       0.75673       0.00000       0.00000     0.00000     0.00000     0.00000     0.00000     0.00000       0.00000     0.00000     0.00000     0.00000     0.00000     0.00000
  -4   7 -11   0     1       1.4900       0.9868        0.0000        0.0000     1.00000 Excl       0.87574       0.00000       0.00000     0.00000     0.00000     0.00000     0.00000     0.00000       0.00000     0.00000     0.00000     0.00000     0.00000     0.00000
  -4   7 -10   0     1       5.4800       9.7793        0.0000       -2.8854     1.00000            0.82320       0.00000       0.00000     0.00000     0.00000     0.00000     0.00000     0.00000       0.00000     0.00000     0.00000     0.00000     0.00000     0.00000
  -4   7  -9   0     1       7.9500       6.5907        0.0000        0.9123     1.00000            0.77237       0.00000       0.00000     0.00000     0.00000     0.00000     0.00000     0.00000       0.00000     0.00000     0.00000     0.00000     0.00000     0.00000
  -4   8 -11   0     1       3.6400       0.0015        0.0000        0.0000     1.00000 Excl       0.89136       0.00000       0.00000     0.00000     0.00000     0.00000     0.00000     0.00000       0.00000     0.00000     0.00000     0.00000     0.00000     0.00000
  -4   8 -10   0     1       1.2800       0.0674        0.0000        0.0000     1.00000 Excl       0.83979       0.00000       0.00000     0.00000     0.00000     0.00000     0.00000     0.00000       0.00000     0.00000     0.00000     0.00000     0.00000     0.00000
  -3   5  -9   0     1       0.6500       3.6435        0.0000        0.0000     1.00000 Excl       0.69390       0.00000       0.00000     0.00000     0.00000     0.00000     0.00000     0.00000       0.00000     0.00000     0.00000     0.00000     0.00000     0.00000
  -3   5  -8   0     1      17.8100      23.8303        0.0000       -4.9755     1.00000            0.63987       0.00000       0.00000     0.00000     0.00000     0.00000     0.00000     0.00000       0.00000     0.00000     0.00000     0.00000     0.00000     0.00000
  -3   5  -7   0     1       0.7100      10.4716        0.0000        0.0000     1.00000 Excl       0.58783       0.00000       0.00000     0.00000     0.00000     0.00000     0.00000     0.00000       0.00000     0.00000     0.00000     0.00000     0.00000     0.00000
  -3   6  -9   0     1      19.4900      23.4324        0.0000       -2.4640     1.00000            0.70833       0.00000       0.00000     0.00000     0.00000     0.00000     0.00000     0.00000       0.00000     0.00000     0.00000     0.00000     0.00000     0.00000
  -3   6  -8   0     1       5.4400       2.7688        0.0000        3.3389     1.00000            0.65549       0.00000       0.00000     0.00000     0.00000     0.00000     0.00000     0.00000       0.00000     0.00000     0.00000     0.00000     0.00000     0.00000
  -2   3  -5   0     1       3.1500       2.0996        0.0000        5.2520     1.00000            0.40427       0.00000       0.00000     0.00000     0.00000     0.00000     0.00000     0.00000       0.00000     0.00000     0.00000     0.00000     0.00000     0.00000
  -2   4  -6   0     1      84.7700      82.1833        0.0000        2.1030     1.00000            0.47222       0.00000       0.00000     0.00000     0.00000     0.00000     0.00000     0.00000       0.00000     0.00000     0.00000     0.00000     0.00000     0.00000
  -2   4  -5   0     1      82.6200      84.0310        0.0000       -1.4398     1.00000            0.41990       0.00000       0.00000     0.00000     0.00000     0.00000     0.00000     0.00000       0.00000     0.00000     0.00000     0.00000     0.00000     0.00000
  -1   2  -3   0     1      38.0800      39.0817        0.0000       -3.1302     1.00000            0.23611       0.00000       0.00000     0.00000     0.00000     0.00000     0.00000     0.00000       0.00000     0.00000     0.00000     0.00000     0.00000     0.00000
   1   5  -5   0     1      59.7500      59.6279        0.0000        0.2106     1.00000            0.39116       0.00000       0.00000     0.00000     0.00000     0.00000     0.00000     0.00000       0.00000     0.00000     0.00000     0.00000     0.00000     0.00000
   1   6  -6   0     1       2.5100       2.7822        0.0000       -1.3610     1.00000            0.46624       0.00000       0.00000     0.00000     0.00000     0.00000     0.00000     0.00000       0.00000     0.00000     0.00000     0.00000     0.00000     0.00000
   1   7  -7   0     1       5.9200       2.6668        0.0000        7.5656     1.00000            0.54185       0.00000       0.00000     0.00000     0.00000     0.00000     0.00000     0.00000       0.00000     0.00000     0.00000     0.00000     0.00000     0.00000
   1   8  -8   0     1       6.7500       8.4299        0.0000       -2.5073     1.00000            0.61781       0.00000       0.00000     0.00000     0.00000     0.00000     0.00000     0.00000       0.00000     0.00000     0.00000     0.00000     0.00000     0.00000
   1   8  -7   0     1       1.1200       1.2532        0.0000       -0.5791     1.00000            0.56675       0.00000       0.00000     0.00000     0.00000     0.00000     0.00000     0.00000       0.00000     0.00000     0.00000     0.00000     0.00000     0.00000
   1   9  -9   0     1      11.6300      12.1275        0.0000       -0.4564     1.00000            0.69400       0.00000       0.00000     0.00000     0.00000     0.00000     0.00000     0.00000       0.00000     0.00000     0.00000     0.00000     0.00000     0.00000
   1   9  -8   0     1       4.9700       1.4509        0.0000        6.0673     1.00000            0.64263       0.00000       0.00000     0.00000     0.00000     0.00000     0.00000     0.00000       0.00000     0.00000     0.00000     0.00000     0.00000     0.00000
   2  10 -11   0     1       6.9800       6.9193        0.0000        0.0443     1.00000            0.83439       0.00000       0.00000     0.00000     0.00000     0.00000     0.00000     0.00000       0.00000     0.00000     0.00000     0.00000     0.00000     0.00000
   2  10 -10   0     1       2.0100       0.7098        0.0000        2.1670     1.00000            0.78233       0.00000       0.00000     0.00000     0.00000     0.00000     0.00000     0.00000       0.00000     0.00000     0.00000     0.00000     0.00000     0.00000
   2  11 -12   0     1       0.8300       0.5709        0.0000        0.0000     1.00000 Excl       0.90950       0.00000       0.00000     0.00000     0.00000     0.00000     0.00000     0.00000       0.00000     0.00000     0.00000     0.00000     0.00000     0.00000
   2  11 -11   0     1       2.1700       3.5774        0.0000        0.0000     1.00000 Excl       0.85723       0.00000       0.00000     0.00000     0.00000     0.00000     0.00000     0.00000       0.00000     0.00000     0.00000     0.00000     0.00000     0.00000
   2  11 -10   0     1       0.3400       0.2875        0.0000        0.0000     1.00000 Excl       0.80665       0.00000       0.00000     0.00000     0.00000     0.00000     0.00000     0.00000       0.00000     0.00000     0.00000     0.00000     0.00000     0.00000
   2  12 -12   0     1       2.4700       0.0039        0.0000        0.0000     1.00000 Excl       0.93248       0.00000       0.00000     0.00000     0.00000     0.00000     0.00000     0.00000       0.00000     0.00000     0.00000     0.00000     0.00000     0.00000
   1   5  -9   0     1       3.2200       0.0056        0.0000        6.6967     1.00000            0.61530       0.00000       0.00000     0.00000     0.00000     0.00000     0.00000     0.00000       0.00000     0.00000     0.00000     0.00000     0.00000     0.00000
   1   5  -8   0     1       2.8500       2.6264        0.0000        0.6576     1.00000            0.55672       0.00000       0.00000     0.00000     0.00000     0.00000     0.00000     0.00000       0.00000     0.00000     0.00000     0.00000     0.00000     0.00000
   1   5  -7   0     1       3.1000       4.4870        0.0000       -5.5478     1.00000            0.49945       0.00000       0.00000     0.00000     0.00000     0.00000     0.00000     0.00000       0.00000     0.00000     0.00000     0.00000     0.00000     0.00000
   1   6 -10   0     1       0.4700       0.7416        0.0000        0.0000     1.00000 Excl       0.68969       0.00000       0.00000     0.00000     0.00000     0.00000     0.00000     0.00000       0.00000     0.00000     0.00000     0.00000     0.00000     0.00000
   1   6  -9   0     1       3.6700       3.1612        0.0000        0.9422     1.00000            0.63154       0.00000       0.00000     0.00000     0.00000     0.00000     0.00000     0.00000       0.00000     0.00000     0.00000     0.00000     0.00000     0.00000
   1   6  -8   0     1       4.7700       6.3610        0.0000       -3.5355     1.00000            0.57461       0.00000       0.00000     0.00000     0.00000     0.00000     0.00000     0.00000       0.00000     0.00000     0.00000     0.00000     0.00000     0.00000
   1   7 -11   0     1       7.2900       9.1543        0.0000       -1.4564     1.00000            0.76460       0.00000       0.00000     0.00000     0.00000     0.00000     0.00000     0.00000       0.00000     0.00000     0.00000     0.00000     0.00000     0.00000
   1   7 -10   0     1       1.3300       0.1650        0.0000        0.0000     1.00000 Excl       0.70682       0.00000       0.00000     0.00000     0.00000     0.00000     0.00000     0.00000       0.00000     0.00000     0.00000     0.00000     0.00000     0.00000
   1   7  -9   0     1      15.1000      12.2059        0.0000        2.8098     1.00000            0.65020       0.00000       0.00000     0.00000     0.00000     0.00000     0.00000     0.00000       0.00000     0.00000     0.00000     0.00000     0.00000     0.00000
   1   8 -13   0     1       0.9300       0.0000        0.0000        0.0000     1.00000 Excl       0.89822       0.00000       0.00000     0.00000     0.00000     0.00000     0.00000     0.00000       0.00000     0.00000     0.00000     0.00000     0.00000     0.00000
   1   8 -12   0     1       5.7400       4.2993        0.0000        1.0914     1.00000            0.83989       0.00000       0.00000     0.00000     0.00000     0.00000     0.00000     0.00000       0.00000     0.00000     0.00000     0.00000     0.00000     0.00000
   1   8 -11   0     1       1.1500       2.0649        0.0000        0.0000     1.00000 Excl       0.78244       0.00000       0.00000     0.00000     0.00000     0.00000     0.00000     0.00000       0.00000     0.00000     0.00000     0.00000     0.00000     0.00000
   1   9 -14   0     1       2.7800       0.0780        0.0000        0.0000     1.00000 Excl       0.97346       0.00000       0.00000     0.00000     0.00000     0.00000     0.00000     0.00000       0.00000     0.00000     0.00000     0.00000     0.00000     0.00000
   1   9 -13   0     1       1.1600       0.0024        0.0000        0.0000     1.00000 Excl       0.91546       0.00000       0.00000     0.00000     0.00000     0.00000     0.00000     0.00000       0.00000     0.00000     0.00000     0.00000     0.00000     0.00000
   1   9 -12   0     1       3.7500       3.0692        0.0000        0.5920     1.00000            0.85831       0.00000       0.00000     0.00000     0.00000     0.00000     0.00000     0.00000       0.00000     0.00000     0.00000     0.00000     0.00000     0.00000
   1  10 -14   0     1       2.5300       3.3680        0.0000        0.0000     1.00000 Excl       0.99125       0.00000       0.00000     0.00000     0.00000     0.00000     0.00000     0.00000       0.00000     0.00000     0.00000     0.00000     0.00000     0.00000
   1  10 -13   0     1       1.5000       0.8097        0.0000        0.0000     1.00000 Excl       0.93436       0.00000       0.00000     0.00000     0.00000     0.00000     0.00000     0.00000       0.00000     0.00000     0.00000     0.00000     0.00000     0.00000
   0   2  -6   0     1      13.2500      12.3123        0.0000        3.3490     1.00000            0.39315       0.00000       0.00000     0.00000     0.00000     0.00000     0.00000     0.00000       0.00000     0.00000     0.00000     0.00000     0.00000     0.00000
   0   3  -9   0     1       7.4400       4.0404        0.0000        5.6661     1.00000            0.58973       0.00000       0.00000     0.00000     0.00000     0.00000     0.00000     0.00000       0.00000     0.00000     0.00000     0.00000     0.00000     0.00000
   0   3  -8   0     1       9.0900       6.5645        0.0000        5.2614     1.00000            0.52750       0.00000       0.00000     0.00000     0.00000     0.00000     0.00000     0.00000       0.00000     0.00000     0.00000     0.00000     0.00000     0.00000
   0   4 -12   0     1       1.0500       1.5591        0.0000        0.0000     1.00000 Excl       0.78630       0.00000       0.00000     0.00000     0.00000     0.00000     0.00000     0.00000       0.00000     0.00000     0.00000     0.00000     0.00000     0.00000
   0   4 -11   0     1       1.1100       0.1455        0.0000        0.0000     1.00000 Excl       0.72403       0.00000       0.00000     0.00000     0.00000     0.00000     0.00000     0.00000       0.00000     0.00000     0.00000     0.00000     0.00000     0.00000
   0   5 -14   0     1       0.6800       0.6325        0.0000        0.0000     1.00000 Excl       0.92058       0.00000       0.00000     0.00000     0.00000     0.00000     0.00000     0.00000       0.00000     0.00000     0.00000     0.00000     0.00000     0.00000
   0   5 -13   0     1       5.1300       4.8993        0.0000        0.1684     1.00000            0.85852       0.00000       0.00000     0.00000     0.00000     0.00000     0.00000     0.00000       0.00000     0.00000     0.00000     0.00000     0.00000     0.00000
   1   5 -13   0     1       0.4300       0.1908        0.0000        0.0000     1.00000 Excl       0.85734       0.00000       0.00000     0.00000     0.00000     0.00000     0.00000     0.00000       0.00000     0.00000     0.00000     0.00000     0.00000     0.00000
   1   5 -12   0     1       1.1000       1.5616        0.0000        0.0000     1.00000 Excl       0.79603       0.00000       0.00000     0.00000     0.00000     0.00000     0.00000     0.00000       0.00000     0.00000     0.00000     0.00000     0.00000     0.00000
   1   6 -14   0     1       1.7600       0.4296        0.0000        0.0000     1.00000 Excl       0.92996       0.00000       0.00000     0.00000     0.00000     0.00000     0.00000     0.00000       0.00000     0.00000     0.00000     0.00000     0.00000     0.00000
   1   3  -3   0     1       8.3100       9.0757        0.0000       -5.8902     1.00000            0.24463       0.00000       0.00000     0.00000     0.00000     0.00000     0.00000     0.00000       0.00000     0.00000     0.00000     0.00000     0.00000     0.00000
   2   5  -6   0     1      14.1400      14.0610        0.0000        0.1647     1.00000            0.46813       0.00000       0.00000     0.00000     0.00000     0.00000     0.00000     0.00000       0.00000     0.00000     0.00000     0.00000     0.00000     0.00000
   2   6  -7   0     1      11.4100      13.5766        0.0000       -3.4390     1.00000            0.53930       0.00000       0.00000     0.00000     0.00000     0.00000     0.00000     0.00000       0.00000     0.00000     0.00000     0.00000     0.00000     0.00000
   2   6  -6   0     1      55.7600      56.9394        0.0000       -1.1563     1.00000            0.48927       0.00000       0.00000     0.00000     0.00000     0.00000     0.00000     0.00000       0.00000     0.00000     0.00000     0.00000     0.00000     0.00000
   2   7  -8   0     1       0.7900       0.0130        0.0000        0.0000     1.00000 Excl       0.61188       0.00000       0.00000     0.00000     0.00000     0.00000     0.00000     0.00000       0.00000     0.00000     0.00000     0.00000     0.00000     0.00000
   2   7  -7   0     1       0.3500       0.0217        0.0000        0.0000     1.00000 Excl       0.56104       0.00000       0.00000     0.00000     0.00000     0.00000     0.00000     0.00000       0.00000     0.00000     0.00000     0.00000     0.00000     0.00000
   3   8 -10   0     1      33.3600      18.9499        0.0000        6.0042     1.00000            0.76320       0.00000       0.00000     0.00000     0.00000     0.00000     0.00000     0.00000       0.00000     0.00000     0.00000     0.00000     0.00000     0.00000
   3   8  -9   0     1       1.0000       0.0667        0.0000        0.0000     1.00000 Excl       0.71228       0.00000       0.00000     0.00000     0.00000     0.00000     0.00000     0.00000       0.00000     0.00000     0.00000     0.00000     0.00000     0.00000
   3   9 -11   0     1       2.2600       0.6818        0.0000        0.0000     1.00000 Excl       0.83491       0.00000       0.00000     0.00000     0.00000     0.00000     0.00000     0.00000       0.00000     0.00000     0.00000     0.00000     0.00000     0.00000
   3   9 -10   0     1       1.0000       0.6826        0.0000        0.0000     1.00000 Excl       0.78343       0.00000       0.00000     0.00000     0.00000     0.00000     0.00000     0.00000       0.00000     0.00000     0.00000     0.00000     0.00000     0.00000
   3   9  -9   0     1       3.4100       5.0307        0.0000       -2.1048     1.00000            0.73390       0.00000       0.00000     0.00000     0.00000     0.00000     0.00000     0.00000       0.00000     0.00000     0.00000     0.00000     0.00000     0.00000
   3  10 -12   0     1       0.7000       1.1864        0.0000        0.0000     1.00000 Excl       0.90749       0.00000       0.00000     0.00000     0.00000     0.00000     0.00000     0.00000       0.00000     0.00000     0.00000     0.00000     0.00000     0.00000
   3  10 -11   0     1       2.0000       1.4581        0.0000        0.0000     1.00000 Excl       0.85559       0.00000       0.00000     0.00000     0.00000     0.00000     0.00000     0.00000       0.00000     0.00000     0.00000     0.00000     0.00000     0.00000
   3  10 -10   0     1       5.0700       7.9532        0.0000       -2.7459     1.00000            0.80543       0.00000       0.00000     0.00000     0.00000     0.00000     0.00000     0.00000       0.00000     0.00000     0.00000     0.00000     0.00000     0.00000
   3  11 -11   0     1       0.9600       0.0827        0.0000        0.0000     1.00000 Excl       0.87788       0.00000       0.00000     0.00000     0.00000     0.00000     0.00000     0.00000       0.00000     0.00000     0.00000     0.00000     0.00000     0.00000
   1   2  -4   0     1      22.3300      22.9000        0.0000       -2.3748     1.00000            0.28004       0.00000       0.00000     0.00000     0.00000     0.00000     0.00000     0.00000       0.00000     0.00000     0.00000     0.00000     0.00000     0.00000
   1   3  -5   0     1      30.3100      29.3867        0.0000        2.4297     1.00000            0.35153       0.00000       0.00000     0.00000     0.00000     0.00000     0.00000     0.00000       0.00000     0.00000     0.00000     0.00000     0.00000     0.00000
   2   4  -9   0     1       3.0000       2.9842        0.0000        0.0316     1.00000            0.61765       0.00000       0.00000     0.00000     0.00000     0.00000     0.00000     0.00000       0.00000     0.00000     0.00000     0.00000     0.00000     0.00000
   2   4  -8   0     1      16.4900      14.1730        0.0000        2.8963     1.00000            0.56007       0.00000       0.00000     0.00000     0.00000     0.00000     0.00000     0.00000       0.00000     0.00000     0.00000     0.00000     0.00000     0.00000
   2   4  -7   0     1       0.5900       0.7177        0.0000       -0.7511     1.00000            0.50403       0.00000       0.00000     0.00000     0.00000     0.00000     0.00000     0.00000       0.00000     0.00000     0.00000     0.00000     0.00000     0.00000
   2   5 -10   0     1      11.4500      11.1488        0.0000        0.2690     1.00000            0.68851       0.00000       0.00000     0.00000     0.00000     0.00000     0.00000     0.00000       0.00000     0.00000     0.00000     0.00000     0.00000     0.00000
   2   5  -9   0     1       2.3200       2.8704        0.0000       -1.1468     1.00000            0.63091       0.00000       0.00000     0.00000     0.00000     0.00000     0.00000     0.00000       0.00000     0.00000     0.00000     0.00000     0.00000     0.00000
   2   5  -8   0     1       1.7100       1.8419        0.0000       -0.4253     1.00000            0.57466       0.00000       0.00000     0.00000     0.00000     0.00000     0.00000     0.00000       0.00000     0.00000     0.00000     0.00000     0.00000     0.00000
   2   6 -11   0     1       1.1500       1.1589        0.0000        0.0000     1.00000 Excl       0.76056       0.00000       0.00000     0.00000     0.00000     0.00000     0.00000     0.00000       0.00000     0.00000     0.00000     0.00000     0.00000     0.00000
   2   6 -10   0     1      19.5900      12.7759        0.0000        4.3962     1.00000            0.70305       0.00000       0.00000     0.00000     0.00000     0.00000     0.00000     0.00000       0.00000     0.00000     0.00000     0.00000     0.00000     0.00000
   2   6  -9   0     1       1.2100       0.2610        0.0000        0.0000     1.00000 Excl       0.64675       0.00000       0.00000     0.00000     0.00000     0.00000     0.00000     0.00000       0.00000     0.00000     0.00000     0.00000     0.00000     0.00000
   3   5 -12   0     1      11.8500      14.7597        0.0000       -1.6347     1.00000            0.82797       0.00000       0.00000     0.00000     0.00000     0.00000     0.00000     0.00000       0.00000     0.00000     0.00000     0.00000     0.00000     0.00000
   3   6 -13   0     1       2.1500       0.4260        0.0000        0.0000     1.00000 Excl       0.89747       0.00000       0.00000     0.00000     0.00000     0.00000     0.00000     0.00000       0.00000     0.00000     0.00000     0.00000     0.00000     0.00000
   3   6 -12   0     1       7.8400       4.4719        0.0000        2.1730     1.00000            0.84011       0.00000       0.00000     0.00000     0.00000     0.00000     0.00000     0.00000       0.00000     0.00000     0.00000     0.00000     0.00000     0.00000
   3   6 -11   0     1       4.1100       3.2676        0.0000        0.7948     1.00000            0.78376       0.00000       0.00000     0.00000     0.00000     0.00000     0.00000     0.00000       0.00000     0.00000     0.00000     0.00000     0.00000     0.00000
   3   7 -12   0     1       0.3800       0.0637        0.0000        0.0000     1.00000 Excl       0.85422       0.00000       0.00000     0.00000     0.00000     0.00000     0.00000     0.00000       0.00000     0.00000     0.00000     0.00000     0.00000     0.00000
   1   1  -6   0     1      16.2300      17.1251        0.0000       -2.5575     1.00000            0.39113       0.00000       0.00000     0.00000     0.00000     0.00000     0.00000     0.00000       0.00000     0.00000     0.00000     0.00000     0.00000     0.00000
   1   2  -9   0     1       5.8100       6.4047        0.0000       -1.1013     1.00000            0.58306       0.00000       0.00000     0.00000     0.00000     0.00000     0.00000     0.00000       0.00000     0.00000     0.00000     0.00000     0.00000     0.00000
   1   2  -8   0     1      18.7800      12.8394        0.0000        7.9208     1.00000            0.52086       0.00000       0.00000     0.00000     0.00000     0.00000     0.00000     0.00000       0.00000     0.00000     0.00000     0.00000     0.00000     0.00000
   1   2  -7   0     1       3.1400       2.8067        0.0000        1.3330     1.00000            0.45914       0.00000       0.00000     0.00000     0.00000     0.00000     0.00000     0.00000       0.00000     0.00000     0.00000     0.00000     0.00000     0.00000
   1   2  -6   0     1       0.0600       0.3186        0.0000        0.0000     1.00000 Excl       0.39812       0.00000       0.00000     0.00000     0.00000     0.00000     0.00000     0.00000       0.00000     0.00000     0.00000     0.00000     0.00000     0.00000
   2   2 -13   0     1      10.0100       5.7048        0.0000        2.5030     1.00000            0.84407       0.00000       0.00000     0.00000     0.00000     0.00000     0.00000     0.00000       0.00000     0.00000     0.00000     0.00000     0.00000     0.00000
   2   2 -12   0     1       2.0900       0.1829        0.0000        0.0000     1.00000 Excl       0.78226       0.00000       0.00000     0.00000     0.00000     0.00000     0.00000     0.00000       0.00000     0.00000     0.00000     0.00000     0.00000     0.00000
   2   3 -14   0     1       1.2600       3.1436        0.0000        0.0000     1.00000 Excl       0.91124       0.00000       0.00000     0.00000     0.00000     0.00000     0.00000     0.00000       0.00000     0.00000     0.00000     0.00000     0.00000     0.00000
   2   3 -13   0     1       1.3700       0.0304        0.0000        0.0000     1.00000 Excl       0.84950       0.00000       0.00000     0.00000     0.00000     0.00000     0.00000     0.00000       0.00000     0.00000     0.00000     0.00000     0.00000     0.00000
   2   3 -12   0     1       6.0900       1.1478        0.0000        4.2605     1.00000            0.78811       0.00000       0.00000     0.00000     0.00000     0.00000     0.00000     0.00000       0.00000     0.00000     0.00000     0.00000     0.00000     0.00000
   2   3 -11   0     1       1.5600       1.3929        0.0000        0.0000     1.00000 Excl       0.72717       0.00000       0.00000     0.00000     0.00000     0.00000     0.00000     0.00000       0.00000     0.00000     0.00000     0.00000     0.00000     0.00000
   2   4 -13   0     1       1.5400       0.0183        0.0000        0.0000     1.00000 Excl       0.85705       0.00000       0.00000     0.00000     0.00000     0.00000     0.00000     0.00000       0.00000     0.00000     0.00000     0.00000     0.00000     0.00000
   2   4 -12   0     1       1.2000       0.9540        0.0000        0.0000     1.00000 Excl       0.79624       0.00000       0.00000     0.00000     0.00000     0.00000     0.00000     0.00000       0.00000     0.00000     0.00000     0.00000     0.00000     0.00000
   2   5 -14   0     1       0.7500       0.0054        0.0000        0.0000     1.00000 Excl       0.92725       0.00000       0.00000     0.00000     0.00000     0.00000     0.00000     0.00000       0.00000     0.00000     0.00000     0.00000     0.00000     0.00000
   2   3  -4   0     1      27.2200      29.3224        0.0000       -5.6823     1.00000            0.33365       0.00000       0.00000     0.00000     0.00000     0.00000     0.00000     0.00000       0.00000     0.00000     0.00000     0.00000     0.00000     0.00000
   2   4  -5   0     1       3.7300       1.5477        0.0000       10.3920     1.00000            0.39913       0.00000       0.00000     0.00000     0.00000     0.00000     0.00000     0.00000       0.00000     0.00000     0.00000     0.00000     0.00000     0.00000
   3   5  -7   0     1       0.2600       1.5740        0.0000        0.0000     1.00000 Excl       0.55662       0.00000       0.00000     0.00000     0.00000     0.00000     0.00000     0.00000       0.00000     0.00000     0.00000     0.00000     0.00000     0.00000
   3   5  -6   0     1      86.7100      85.6054        0.0000        0.6735     1.00000            0.50914       0.00000       0.00000     0.00000     0.00000     0.00000     0.00000     0.00000       0.00000     0.00000     0.00000     0.00000     0.00000     0.00000
   3   6  -7   0     1       5.5000      11.7066        0.0000      -10.1747     1.00000            0.57452       0.00000       0.00000     0.00000     0.00000     0.00000     0.00000     0.00000       0.00000     0.00000     0.00000     0.00000     0.00000     0.00000
   4   6  -8   0     1       0.2400       0.0284        0.0000        0.0000     1.00000 Excl       0.66731       0.00000       0.00000     0.00000     0.00000     0.00000     0.00000     0.00000       0.00000     0.00000     0.00000     0.00000     0.00000     0.00000
   4   7  -9   0     1      23.2800       9.6731        0.0000        6.6375     1.00000            0.73167       0.00000       0.00000     0.00000     0.00000     0.00000     0.00000     0.00000       0.00000     0.00000     0.00000     0.00000     0.00000     0.00000
   4   7  -8   0     1       0.0400       2.1146        0.0000        0.0000     1.00000 Excl       0.68500       0.00000       0.00000     0.00000     0.00000     0.00000     0.00000     0.00000       0.00000     0.00000     0.00000     0.00000     0.00000     0.00000
   4   8  -9   0     1       5.5900       3.8886        0.0000        1.4667     1.00000            0.75029       0.00000       0.00000     0.00000     0.00000     0.00000     0.00000     0.00000       0.00000     0.00000     0.00000     0.00000     0.00000     0.00000
   1   1  -3   0     1      14.4400      15.0556        0.0000       -3.6209     1.00000            0.21243       0.00000       0.00000     0.00000     0.00000     0.00000     0.00000     0.00000       0.00000     0.00000     0.00000     0.00000     0.00000     0.00000
   2   2  -6   0     1      17.3800      17.6936        0.0000       -0.6533     1.00000            0.42486       0.00000       0.00000     0.00000     0.00000     0.00000     0.00000     0.00000       0.00000     0.00000     0.00000     0.00000     0.00000     0.00000
   2   2  -5   0     1       8.1500       9.2296        0.0000       -4.3186     1.00000            0.37044       0.00000       0.00000     0.00000     0.00000     0.00000     0.00000     0.00000       0.00000     0.00000     0.00000     0.00000     0.00000     0.00000
   2   3  -6   0     1       0.7500       0.0727        0.0000        4.8378     1.00000            0.43555       0.00000       0.00000     0.00000     0.00000     0.00000     0.00000     0.00000       0.00000     0.00000     0.00000     0.00000     0.00000     0.00000
   3   2  -8   0     1       3.9000       2.3611        0.0000        2.5227     1.00000            0.57444       0.00000       0.00000     0.00000     0.00000     0.00000     0.00000     0.00000       0.00000     0.00000     0.00000     0.00000     0.00000     0.00000
   3   3  -9   0     1       2.0200       2.2834        0.0000       -0.4390     1.00000            0.63729       0.00000       0.00000     0.00000     0.00000     0.00000     0.00000     0.00000       0.00000     0.00000     0.00000     0.00000     0.00000     0.00000
   3   3  -8   0     1      22.0900      19.4222        0.0000        2.1343     1.00000            0.58239       0.00000       0.00000     0.00000     0.00000     0.00000     0.00000     0.00000       0.00000     0.00000     0.00000     0.00000     0.00000     0.00000
   3   3  -7   0     1       3.2300       1.4237        0.0000        4.1052     1.00000            0.52952       0.00000       0.00000     0.00000     0.00000     0.00000     0.00000     0.00000       0.00000     0.00000     0.00000     0.00000     0.00000     0.00000
   3   4  -9   0     1       3.1200       4.9866        0.0000       -2.5926     1.00000            0.64732       0.00000       0.00000     0.00000     0.00000     0.00000     0.00000     0.00000       0.00000     0.00000     0.00000     0.00000     0.00000     0.00000
   3   4  -8   0     1       0.3800       0.0057        0.0000        0.0000     1.00000 Excl       0.59334       0.00000       0.00000     0.00000     0.00000     0.00000     0.00000     0.00000       0.00000     0.00000     0.00000     0.00000     0.00000     0.00000
   4   3 -11   0     1       1.2900       1.7568        0.0000        0.0000     1.00000 Excl       0.78645       0.00000       0.00000     0.00000     0.00000     0.00000     0.00000     0.00000       0.00000     0.00000     0.00000     0.00000     0.00000     0.00000
   4   4 -12   0     1       1.2700       0.5424        0.0000        0.0000     1.00000 Excl       0.84972       0.00000       0.00000     0.00000     0.00000     0.00000     0.00000     0.00000       0.00000     0.00000     0.00000     0.00000     0.00000     0.00000
   4   4 -11   0     1      13.3900      16.9684        0.0000       -1.9239     1.00000            0.79459       0.00000       0.00000     0.00000     0.00000     0.00000     0.00000     0.00000       0.00000     0.00000     0.00000     0.00000     0.00000     0.00000
   4   4 -10   0     1       0.3200       0.9117        0.0000        0.0000     1.00000 Excl       0.74088       0.00000       0.00000     0.00000     0.00000     0.00000     0.00000     0.00000       0.00000     0.00000     0.00000     0.00000     0.00000     0.00000
   4   5 -12   0     1       0.9500       0.8922        0.0000        0.0000     1.00000 Excl       0.85941       0.00000       0.00000     0.00000     0.00000     0.00000     0.00000     0.00000       0.00000     0.00000     0.00000     0.00000     0.00000     0.00000
   4   5 -11   0     1       1.1600       0.9720        0.0000        0.0000     1.00000 Excl       0.80495       0.00000       0.00000     0.00000     0.00000     0.00000     0.00000     0.00000       0.00000     0.00000     0.00000     0.00000     0.00000     0.00000
   4   5 -10   0     1       3.1300       1.4509        0.0000        0.0000     1.00000 Excl       0.75198       0.00000       0.00000     0.00000     0.00000     0.00000     0.00000     0.00000       0.00000     0.00000     0.00000     0.00000     0.00000     0.00000
   4   6 -11   0     1       6.4800       7.5523        0.0000       -0.7149     1.00000            0.81742       0.00000       0.00000     0.00000     0.00000     0.00000     0.00000     0.00000       0.00000     0.00000     0.00000     0.00000     0.00000     0.00000
   1   0  -4   0     1       1.0600       0.8409        0.0000        3.6514     1.00000            0.26657       0.00000       0.00000     0.00000     0.00000     0.00000     0.00000     0.00000       0.00000     0.00000     0.00000     0.00000     0.00000     0.00000
   2   0  -8   0     1       0.2000       0.4361        0.0000        0.0000     1.00000 Excl       0.53314       0.00000       0.00000     0.00000     0.00000     0.00000     0.00000     0.00000       0.00000     0.00000     0.00000     0.00000     0.00000     0.00000
   2   1  -9   0     1       1.2800       0.2973        0.0000        2.8078     1.00000            0.59489       0.00000       0.00000     0.00000     0.00000     0.00000     0.00000     0.00000       0.00000     0.00000     0.00000     0.00000     0.00000     0.00000
   2   1  -8   0     1       0.4600       0.1144        0.0000        0.0000     1.00000 Excl       0.53486       0.00000       0.00000     0.00000     0.00000     0.00000     0.00000     0.00000       0.00000     0.00000     0.00000     0.00000     0.00000     0.00000
   2   1  -7   0     1      17.6000      17.8806        0.0000       -0.3898     1.00000            0.47586       0.00000       0.00000     0.00000     0.00000     0.00000     0.00000     0.00000       0.00000     0.00000     0.00000     0.00000     0.00000     0.00000
   3   0 -12   0     1      16.0500      18.8308        0.0000       -1.2414     1.00000            0.79971       0.00000       0.00000     0.00000     0.00000     0.00000     0.00000     0.00000       0.00000     0.00000     0.00000     0.00000     0.00000     0.00000
   3   0 -11   0     0       0.7500       0.0000        0.0000        0.0000     1.00000 Excl       0.74030       0.00000       0.00000     0.00000     0.00000     0.00000     0.00000     0.00000       0.00000     0.00000     0.00000     0.00000     0.00000     0.00000
   3   1 -12   0     1       0.4100       0.0113        0.0000        0.0000     1.00000 Excl       0.80086       0.00000       0.00000     0.00000     0.00000     0.00000     0.00000     0.00000       0.00000     0.00000     0.00000     0.00000     0.00000     0.00000
   3   2 -12   0     1       5.1300       4.0031        0.0000        0.8944     1.00000            0.80430       0.00000       0.00000     0.00000     0.00000     0.00000     0.00000     0.00000       0.00000     0.00000     0.00000     0.00000     0.00000     0.00000
   3   2 -11   0     1      11.3000       7.6933        0.0000        2.2402     1.00000            0.74525       0.00000       0.00000     0.00000     0.00000     0.00000     0.00000     0.00000       0.00000     0.00000     0.00000     0.00000     0.00000     0.00000
   2   2  -3   0     1       8.3700       8.4235        0.0000       -0.3145     1.00000            0.27423       0.00000       0.00000     0.00000     0.00000     0.00000     0.00000     0.00000       0.00000     0.00000     0.00000     0.00000     0.00000     0.00000
   3   4  -5   0     1      40.3400      45.8830        0.0000       -5.6561     1.00000            0.44748       0.00000       0.00000     0.00000     0.00000     0.00000     0.00000     0.00000       0.00000     0.00000     0.00000     0.00000     0.00000     0.00000
   3   4  -4   0     1       7.4300       8.5002        0.0000       -3.0576     1.00000            0.40741       0.00000       0.00000     0.00000     0.00000     0.00000     0.00000     0.00000       0.00000     0.00000     0.00000     0.00000     0.00000     0.00000
   4   4  -6   0     1      33.4700      13.2072        0.0000       12.0612     1.00000            0.54846       0.00000       0.00000     0.00000     0.00000     0.00000     0.00000     0.00000       0.00000     0.00000     0.00000     0.00000     0.00000     0.00000
   4   5  -7   0     1       0.8300       1.3024        0.0000        0.0000     1.00000 Excl       0.60591       0.00000       0.00000     0.00000     0.00000     0.00000     0.00000     0.00000       0.00000     0.00000     0.00000     0.00000     0.00000     0.00000
   4   5  -6   0     1     104.9200      66.5100        0.0000       14.4399     1.00000            0.56336       0.00000       0.00000     0.00000     0.00000     0.00000     0.00000     0.00000       0.00000     0.00000     0.00000     0.00000     0.00000     0.00000
   5   5  -8   0     1       2.3300       3.3649        0.0000        0.0000     1.00000 Excl       0.70681       0.00000       0.00000     0.00000     0.00000     0.00000     0.00000     0.00000       0.00000     0.00000     0.00000     0.00000     0.00000     0.00000
   5   6  -8   0     1       6.5600       1.2915        0.0000        4.0527     1.00000            0.72099       0.00000       0.00000     0.00000     0.00000     0.00000     0.00000     0.00000       0.00000     0.00000     0.00000     0.00000     0.00000     0.00000
   5   6  -7   0     1      11.5000      13.1389        0.0000       -1.0999     1.00000            0.68025       0.00000       0.00000     0.00000     0.00000     0.00000     0.00000     0.00000       0.00000     0.00000     0.00000     0.00000     0.00000     0.00000
   3   1  -6   0     1       0.1500       1.4205        0.0000        0.0000     1.00000 Excl       0.46375       0.00000       0.00000     0.00000     0.00000     0.00000     0.00000     0.00000       0.00000     0.00000     0.00000     0.00000     0.00000     0.00000
   3   2  -6   0     1      24.0400      21.1189        0.0000        3.2100     1.00000            0.46966       0.00000       0.00000     0.00000     0.00000     0.00000     0.00000     0.00000       0.00000     0.00000     0.00000     0.00000     0.00000     0.00000
   4   1  -8   0     1       9.5500       2.6099        0.0000        5.5969     1.00000            0.61717       0.00000       0.00000     0.00000     0.00000     0.00000     0.00000     0.00000       0.00000     0.00000     0.00000     0.00000     0.00000     0.00000
   4   2  -9   0     1       4.3700       4.9463        0.0000       -0.6003     1.00000            0.67271       0.00000       0.00000     0.00000     0.00000     0.00000     0.00000     0.00000       0.00000     0.00000     0.00000     0.00000     0.00000     0.00000
   4   2  -8   0     1       0.2400       1.7740        0.0000        0.0000     1.00000 Excl       0.62163       0.00000       0.00000     0.00000     0.00000     0.00000     0.00000     0.00000       0.00000     0.00000     0.00000     0.00000     0.00000     0.00000
   4   2  -7   0     1      24.9000      23.9888        0.0000        0.5917     1.00000            0.57314       0.00000       0.00000     0.00000     0.00000     0.00000     0.00000     0.00000       0.00000     0.00000     0.00000     0.00000     0.00000     0.00000
   4   3  -8   0     1      34.6500      46.1319        0.0000       -5.6284     1.00000            0.62899       0.00000       0.00000     0.00000     0.00000     0.00000     0.00000     0.00000       0.00000     0.00000     0.00000     0.00000     0.00000     0.00000
   2  -1  -6   0     1       0.1800       2.0964        0.0000        0.0000     1.00000 Excl       0.41831       0.00000       0.00000     0.00000     0.00000     0.00000     0.00000     0.00000       0.00000     0.00000     0.00000     0.00000     0.00000     0.00000
   2   0  -5   0     0       0.0500       0.0000        0.0000        0.0000     1.00000 Excl       0.36037       0.00000       0.00000     0.00000     0.00000     0.00000     0.00000     0.00000       0.00000     0.00000     0.00000     0.00000     0.00000     0.00000
   3  -1 -10   0     1       0.1600       0.2666        0.0000        0.0000     1.00000 Excl       0.68305       0.00000       0.00000     0.00000     0.00000     0.00000     0.00000     0.00000       0.00000     0.00000     0.00000     0.00000     0.00000     0.00000
   3  -1  -9   0     1      23.4900      22.1782        0.0000        0.7627     1.00000            0.62564       0.00000       0.00000     0.00000     0.00000     0.00000     0.00000     0.00000       0.00000     0.00000     0.00000     0.00000     0.00000     0.00000
   3  -1  -8   0     1       0.9200       2.7730        0.0000        0.0000     1.00000 Excl       0.56961       0.00000       0.00000     0.00000     0.00000     0.00000     0.00000     0.00000       0.00000     0.00000     0.00000     0.00000     0.00000     0.00000
   3   0  -8   0     1       1.5200       0.0440        0.0000        0.0000     1.00000 Excl       0.56799       0.00000       0.00000     0.00000     0.00000     0.00000     0.00000     0.00000       0.00000     0.00000     0.00000     0.00000     0.00000     0.00000
   4   0 -10   0     1       2.0600       6.8389        0.0000        0.0000     1.00000 Excl       0.72074       0.00000       0.00000     0.00000     0.00000     0.00000     0.00000     0.00000       0.00000     0.00000     0.00000     0.00000     0.00000     0.00000
   2   2  -2   0     1       3.5400       3.5765        0.0000       -0.3645     1.00000            0.23761       0.00000       0.00000     0.00000     0.00000     0.00000     0.00000     0.00000       0.00000     0.00000     0.00000     0.00000     0.00000     0.00000
   3   2  -3   0     1      91.2200      83.9834        0.0000        5.4823     1.00000            0.34327       0.00000       0.00000     0.00000     0.00000     0.00000     0.00000     0.00000       0.00000     0.00000     0.00000     0.00000     0.00000     0.00000
   3   3  -3   0     1       9.5800       5.4590        0.0000        9.1578     1.00000            0.35641       0.00000       0.00000     0.00000     0.00000     0.00000     0.00000     0.00000       0.00000     0.00000     0.00000     0.00000     0.00000     0.00000
   4   3  -5   0     1       1.1500       3.1049        0.0000       -5.7497     1.00000            0.49634       0.00000       0.00000     0.00000     0.00000     0.00000     0.00000     0.00000       0.00000     0.00000     0.00000     0.00000     0.00000     0.00000
   4   3  -4   0     1       0.5900       3.3435        0.0000        0.0000     1.00000 Excl       0.46147       0.00000       0.00000     0.00000     0.00000     0.00000     0.00000     0.00000       0.00000     0.00000     0.00000     0.00000     0.00000     0.00000
   4   4  -4   0     1      42.1200      19.2106        0.0000       13.9691     1.00000            0.47522       0.00000       0.00000     0.00000     0.00000     0.00000     0.00000     0.00000       0.00000     0.00000     0.00000     0.00000     0.00000     0.00000
   2   0  -3   0     0       0.0500       0.0000        0.0000        0.0000     1.00000 Excl       0.26047       0.00000       0.00000     0.00000     0.00000     0.00000     0.00000     0.00000       0.00000     0.00000     0.00000     0.00000     0.00000     0.00000
   3   0  -4   0     1       8.5000      10.2849        0.0000       -3.4998     1.00000            0.36952       0.00000       0.00000     0.00000     0.00000     0.00000     0.00000     0.00000       0.00000     0.00000     0.00000     0.00000     0.00000     0.00000
   3   1  -4   0     1       3.1000       0.8869        0.0000        7.3771     1.00000            0.37200       0.00000       0.00000     0.00000     0.00000     0.00000     0.00000     0.00000       0.00000     0.00000     0.00000     0.00000     0.00000     0.00000
   4   0  -6   0     1      54.0600      34.5076        0.0000        8.6134     1.00000            0.52093       0.00000       0.00000     0.00000     0.00000     0.00000     0.00000     0.00000       0.00000     0.00000     0.00000     0.00000     0.00000     0.00000
   4   1  -6   0     1       1.4400       0.1503        0.0000        2.7439     1.00000            0.52270       0.00000       0.00000     0.00000     0.00000     0.00000     0.00000     0.00000       0.00000     0.00000     0.00000     0.00000     0.00000     0.00000
   4   1  -5   0     1       8.7800      16.4602        0.0000       -8.7275     1.00000            0.48128       0.00000       0.00000     0.00000     0.00000     0.00000     0.00000     0.00000       0.00000     0.00000     0.00000     0.00000     0.00000     0.00000
   2  -1  -4   0     1       1.2500       1.2377        0.0000        0.1025     1.00000            0.31082       0.00000       0.00000     0.00000     0.00000     0.00000     0.00000     0.00000       0.00000     0.00000     0.00000     0.00000     0.00000     0.00000
   3  -2  -7   0     1       6.7700       3.1182        0.0000        4.5648     1.00000            0.52076       0.00000       0.00000     0.00000     0.00000     0.00000     0.00000     0.00000       0.00000     0.00000     0.00000     0.00000     0.00000     0.00000
   3  -2  -6   0     1      26.0500      21.1189        0.0000        3.8226     1.00000            0.46966       0.00000       0.00000     0.00000     0.00000     0.00000     0.00000     0.00000       0.00000     0.00000     0.00000     0.00000     0.00000     0.00000
   3   2  -2   0     1       1.7400       1.1103        0.0000        2.2490     1.00000            0.31613       0.00000       0.00000     0.00000     0.00000     0.00000     0.00000     0.00000       0.00000     0.00000     0.00000     0.00000     0.00000     0.00000
   3   3  -2   0     1     331.0700     293.9063        0.0000       13.8671     1.00000            0.33036       0.00000       0.00000     0.00000     0.00000     0.00000     0.00000     0.00000       0.00000     0.00000     0.00000     0.00000     0.00000     0.00000
   4   4  -3   0     1       0.9300       2.0359        0.0000        0.0000     1.00000 Excl       0.44790       0.00000       0.00000     0.00000     0.00000     0.00000     0.00000     0.00000       0.00000     0.00000     0.00000     0.00000     0.00000     0.00000
   1   0  -1   0     0       0.0400       0.0000        0.0000        0.0000     1.00000 Excl       0.11079       0.00000       0.00000     0.00000     0.00000     0.00000     0.00000     0.00000       0.00000     0.00000     0.00000     0.00000     0.00000     0.00000
   2   0  -2   0     1     155.3200     155.5409        0.0000       -0.2868     1.00000            0.22158       0.00000       0.00000     0.00000     0.00000     0.00000     0.00000     0.00000       0.00000     0.00000     0.00000     0.00000     0.00000     0.00000
   3  -1  -3   0     1      15.8100      15.0843        0.0000        0.8063     1.00000            0.33513       0.00000       0.00000     0.00000     0.00000     0.00000     0.00000     0.00000       0.00000     0.00000     0.00000     0.00000     0.00000     0.00000
   3   0  -3   0     0       0.3200       0.0000        0.0000        0.0000     1.00000 Excl       0.33237       0.00000       0.00000     0.00000     0.00000     0.00000     0.00000     0.00000       0.00000     0.00000     0.00000     0.00000     0.00000     0.00000
   2  -3  -4   0     1      51.3800      29.3224        0.0000       18.8526     1.00000            0.33365       0.00000       0.00000     0.00000     0.00000     0.00000     0.00000     0.00000       0.00000     0.00000     0.00000     0.00000     0.00000     0.00000
   1  -1  -1   0     1      42.4900      41.8445        0.0000        2.6896     1.00000            0.11880       0.00000       0.00000     0.00000     0.00000     0.00000     0.00000     0.00000       0.00000     0.00000     0.00000     0.00000     0.00000     0.00000
   1  -4  -3   0     1      29.9200      20.2096        0.0000       11.2911     1.00000            0.26968       0.00000       0.00000     0.00000     0.00000     0.00000     0.00000     0.00000       0.00000     0.00000     0.00000     0.00000     0.00000     0.00000
   1   8  -2   0     1     113.9600     120.2425        0.0000       -6.0995     1.00000            0.37610       0.00000       0.00000     0.00000     0.00000     0.00000     0.00000     0.00000       0.00000     0.00000     0.00000     0.00000     0.00000     0.00000
   1   9  -2   0     1      14.5800      15.8582        0.0000       -2.2826     1.00000            0.41560       0.00000       0.00000     0.00000     0.00000     0.00000     0.00000     0.00000       0.00000     0.00000     0.00000     0.00000     0.00000     0.00000
   1  10  -2   0     1       6.0300       0.0017        0.0000       11.8203     1.00000            0.45573       0.00000       0.00000     0.00000     0.00000     0.00000     0.00000     0.00000       0.00000     0.00000     0.00000     0.00000     0.00000     0.00000
   1  11  -3   0     1       6.0100       3.9755        0.0000        3.4483     1.00000            0.51567       0.00000       0.00000     0.00000     0.00000     0.00000     0.00000     0.00000       0.00000     0.00000     0.00000     0.00000     0.00000     0.00000
   1  12  -3   0     1       0.3300       0.1517        0.0000        0.0000     1.00000 Excl       0.55519       0.00000       0.00000     0.00000     0.00000     0.00000     0.00000     0.00000       0.00000     0.00000     0.00000     0.00000     0.00000     0.00000
   1  13  -3   0     1       9.2700       0.8377        0.0000        7.8806     1.00000            0.59518       0.00000       0.00000     0.00000     0.00000     0.00000     0.00000     0.00000       0.00000     0.00000     0.00000     0.00000     0.00000     0.00000
   1  14  -3   0     1       0.6200       0.0030        0.0000        0.0000     1.00000 Excl       0.63554       0.00000       0.00000     0.00000     0.00000     0.00000     0.00000     0.00000       0.00000     0.00000     0.00000     0.00000     0.00000     0.00000
   1  15  -4   0     1       1.0400       0.3171        0.0000        0.0000     1.00000 Excl       0.69645       0.00000       0.00000     0.00000     0.00000     0.00000     0.00000     0.00000       0.00000     0.00000     0.00000     0.00000     0.00000     0.00000
   1  15  -3   0     1       2.3700       0.2491        0.0000        0.0000     1.00000 Excl       0.67622       0.00000       0.00000     0.00000     0.00000     0.00000     0.00000     0.00000       0.00000     0.00000     0.00000     0.00000     0.00000     0.00000

     -----------------------------------------------------
     R-Factors and Chi2 for Integrated Intensity Pattern #  1
     -----------------------------------------------------
 => Phase:  1
 =>    RF2 -factor :   18.3    
 =>    RF2w-factor :   12.5    
 =>    RF  -factor :   14.4    
 =>    Chi2(Intens):   36.2    
 =>  N_eff Reflect.:    171 with I >  3.00 sigma

     -----------------------------------------------------------------
      SYMBOLIC NAMES AND FINAL VALUES AND SIGMA OF REFINED PARAMETERS:
     -----------------------------------------------------------------

      ->  Parameter number    1 :                                             Scale1     2.7105532    ( +/-    0.24617162E-01 )
      ->  Parameter number    2 :                                            Biso_S1     1.3701806    ( +/-    0.38879204     )
      ->  Parameter number    3 :                                            Biso_O1     2.6801071    ( +/-    0.26526868     )
      ->  Parameter number    4 :                                            Biso_O2     3.5051541    ( +/-    0.33392754     )
      ->  Parameter number    5 :                                            Biso_O3     1.8351344    ( +/-    0.26135707     )
      ->  Parameter number    6 :                                            Biso_N1     2.0736375    ( +/-    0.19253260     )
      ->  Parameter number    7 :                                            Biso_H1     3.3152664    ( +/-    0.52262825     )
      ->  Parameter number    8 :                                           Biso_H22     4.7130251    ( +/-    0.64786541     )
      ->  Parameter number    9 :                                           Biso_H21     2.1540320    ( +/-    0.36057782     )
      ->  Parameter number   10 :                                               X_S1    0.19448258    ( +/-    0.68477709E-02 )
      ->  Parameter number   11 :                                               Y_S1    0.35172686    ( +/-    0.31765704E-02 )
      ->  Parameter number   12 :                                               Z_S1    0.34729743    ( +/-    0.28037953E-02 )
      ->  Parameter number   13 :                                               X_O1    0.31206596    ( +/-    0.40468103E-02 )
      ->  Parameter number   14 :                                               Y_O1    0.23950596    ( +/-    0.15049946E-02 )
      ->  Parameter number   15 :                                               Z_O1    0.35142788    ( +/-    0.20750880E-02 )
      ->  Parameter number   16 :                                               X_O2   -0.59087362E-01( +/-    0.34162251E-02 )
      ->  Parameter number   17 :                                               Y_O2    0.33563310    ( +/-    0.27410504E-02 )
      ->  Parameter number   18 :                                               Z_O2    0.29636136    ( +/-    0.18215936E-02 )
      ->  Parameter number   19 :                                               X_O3    0.22104637    ( +/-    0.32557305E-02 )
      ->  Parameter number   20 :                                               Y_O3    0.41215470    ( +/-    0.20023077E-02 )
      ->  Parameter number   21 :                                               Z_O3    0.50573027    ( +/-    0.14776023E-02 )
      ->  Parameter number   22 :                                               X_N1    0.26339921    ( +/-    0.29711737E-02 )
      ->  Parameter number   23 :                                               Y_N1    0.62807959    ( +/-    0.10843336E-02 )
      ->  Parameter number   24 :                                               Z_N1    0.33047521    ( +/-    0.10488037E-02 )
      ->  Parameter number   25 :                                               X_H1    0.12860924    ( +/-    0.59631919E-02 )
      ->  Parameter number   26 :                                               Y_H1    0.58668768    ( +/-    0.28272583E-02 )
      ->  Parameter number   27 :                                               Z_H1    0.41769382    ( +/-    0.31067091E-02 )
      ->  Parameter number   28 :                                               X_H2    0.18953432    ( +/-    0.64397929E-02 )
      ->  Parameter number   29 :                                               Y_H2    0.71384728    ( +/-    0.41441289E-02 )
      ->  Parameter number   30 :                                               Z_H2    0.31123787    ( +/-    0.36116359E-02 )
      ->  Parameter number   31 :                                               X_H3    0.43969867    ( +/-    0.10295819E-01 )
      ->  Parameter number   32 :                                               Y_H3    0.62023240    ( +/-    0.43202345E-02 )
      ->  Parameter number   33 :                                               Z_H3    0.34591585    ( +/-    0.40770262E-02 )
      ->  Parameter number   34 :                                               X_C1    0.34384292    ( +/-    0.30325442E-02 )
      ->  Parameter number   35 :                                               Y_C1    0.44115749    ( +/-    0.14154988E-02 )
      ->  Parameter number   36 :                                               Z_C1    0.20154594    ( +/-    0.12372781E-02 )
      ->  Parameter number   37 :                                              X_H11    0.55246282    ( +/-    0.60069603E-02 )
      ->  Parameter number   38 :                                              Y_H11    0.43344814    ( +/-    0.37883313E-02 )
      ->  Parameter number   39 :                                              Z_H11    0.24303760    ( +/-    0.33279690E-02 )
      ->  Parameter number   40 :                                              X_H12    0.32536981    ( +/-    0.65558623E-02 )
      ->  Parameter number   41 :                                              Y_H12    0.38970184    ( +/-    0.33546528E-02 )
      ->  Parameter number   42 :                                              Z_H12    0.82635410E-01( +/-    0.29871908E-02 )
      ->  Parameter number   43 :                                               X_C2    0.20028900    ( +/-    0.30840193E-02 )
      ->  Parameter number   44 :                                               Y_C2    0.55716306    ( +/-    0.14620344E-02 )
      ->  Parameter number   45 :                                               Z_C2    0.18271691    ( +/-    0.13580954E-02 )
      ->  Parameter number   46 :                                              X_H21    0.27650401    ( +/-    0.69339685E-02 )
      ->  Parameter number   47 :                                              Y_H21    0.60003763    ( +/-    0.25045844E-02 )
      ->  Parameter number   48 :                                              Z_H21    0.76883927E-01( +/-    0.29513563E-02 )
      ->  Parameter number   49 :                                              X_H22   -0.38311880E-02( +/-    0.67775506E-02 )
      ->  Parameter number   50 :                                              Y_H22    0.54767102    ( +/-    0.35744405E-02 )
      ->  Parameter number   51 :                                              Z_H22    0.15762356    ( +/-    0.46283239E-02 )
      ->  Parameter number   52 :                                            Biso_C2     1.6601726    ( +/-    0.20271835     )
      ->  Parameter number   53 :                                           Biso_H12     3.0574620    ( +/-    0.52099168     )
      ->  Parameter number   54 :                                           Biso_H11     3.3227856    ( +/-    0.51977330     )
      ->  Parameter number   55 :                                            Biso_C1     1.7366679    ( +/-    0.22551467     )
      ->  Parameter number   56 :                                            Biso_H3     4.3415098    ( +/-    0.67566824     )
      ->  Parameter number   57 :                                            Biso_H2     4.4698825    ( +/-    0.60886097     )

 ------------------------------------------------------------------
 => Number of bytes for floating point variables: 4
 => Dimensions of dynamic allocated arrays in this run of FullProf:
 ------------------------------------------------------------------

 => Total approximate array memory (dynamic + static): 132451053 bytes

    MaxPOINT=    80000 Max.num. of points(+int. Inten.)/diffraction pattern       
    MaxREFLT=    25000 Max.num. of reflections/diffraction pattern               
    MaxPARAM=      500 Max.num. of refinable parameters                          
    MaxOVERL=     9000 Max.num. of overlapping reflections                       

 ----------------------------------------------------------
 => Number of bytes for floating point arrays: 4
 => Dimensions of fixed arrays in this release of FullProf:
 ----------------------------------------------------------

    NPATT   =       80 Max.num. of powder diffraction patterns                    
    NATS    =      830 Max.num. of atoms (all kind) in asymmetric unit            
    MPAR    =     1800 Max.num. of non atomic parameters/phase                    
    IEXCL   =       30 Max.num. of excluded regions                               
    IBACP   =      377 Max.num. of background points for interpolation            
    NPHT    =       16 Max.num. of phases                                         
    NMAGM   =        8 Max.num. of rotation-matrices sets for magnetic structure  
    NBASIS  =       12 Max.num. of basis functions associated to a single atom    
    NIREPS  =        9 Max.num. of irreducible representations to be combined     
    N_EQ    =      384 Max.num. of user-supplied symmetry operators/propagation vectors
    NGL     =      400 Max.num. of global parameters/diffraction pattern          
    N_LINC  =       50 Max.num. of global linear restraints                        
    NAT_P   =       80 Max.num. of atomic parameters per atom                     
    NCONST  =     3500 Max.num. of slack constraints per phase                    
    N_SPE   =       30 Max.num. of different chemical species                     
    N_FORM  =       60 Max.num. of scattering factor values in a table            
    NPR     =      150 Max.num. of points defining a numerical profile            
    INPR    =       25 Max.num. of different numerical peak shapes                
    NPRC    =      150 Max.num. of terms in the table for correcting intensities  
    NSOL    =       10 Max.num. of solutions to be stored in Montecarlo searchs   

 
              CPU Time:     0.141 seconds
                            0.002 minutes

 => Run finished at:     Date: 24/06/2026  Time: 09:37:10.266                              
