       0       0       3       2     17.2501      2.7544
       1      -1      -1       6      4.8624      2.1147
       0       0       6       2      4.5231      0.4622
       0       1       2       6      4.4856      0.6007
       1      -1      -4       6      3.4493      3.7060
       0       1       5       6      2.9599      1.5180
       0       0       9       2      2.2022      0.9944
       1       0       7       6      2.1950      3.0223
       1      -1       8       6      1.9184      3.3065
       1       1       0       6      1.9086      3.5601
       1       1       3      12      1.7853      2.4440
       2      -2       1       6      1.5494      1.8737
       1       0      10       6      1.5345      0.1820
       1       1       6      12      1.5299      0.4216
       2      -2      -2       6      1.5276      0.5452
       0       0      12       2      1.4600      2.8329
       0       2       4       6      1.4528      3.2973
       1      -1      11       6      1.4125      3.1776
       2       0       5       6      1.4081      1.3418
       1       1       9      12      1.3289      0.8749
       2      -2       7       6      1.3282      2.6842
       2       0       8       6      1.3042      2.9414
       1       0      13       6      1.2994      0.4946
       0       0      15       2      1.3219      3.2178
       2       1       1      12      1.3274      1.6602
       0       1      14       6      1.3302      0.1338
       2      -2      10       6      1.3329      0.1705
       1       2       2      12      1.3358      0.4945
       1       1      12      12      1.3777      2.5194
       2       1       4      12      1.3842      2.9337
       2      -2     -11       6      1.4332      2.8238
       1       2       5      12      1.4403      1.1859
       2       1       7      12      1.7557      2.3839
       1       0      16       6      2.2130      2.0598
       1       2       8      12      2.3303      2.6166
       3      -3       0       6      2.3747      2.8184
       2      -2      13       6      3.2511      0.4308
       3      -3       3       6      3.6427      1.9243
       3      -3      -3       6      3.6427      1.9243
       0       0       3       2     17.2501      2.7544
       1      -1      -1       6      4.8624      2.1147
       0       0       6       2      4.5231      0.4622
       0       1       2       6      4.4856      0.6007
       1      -1      -4       6      3.4493      3.7060
       0       1       5       6      2.9599      1.5180
       0       0       9       2      2.2022      0.9944
       1       0       7       6      2.1950      3.0223
       1      -1       8       6      1.9184      3.3065
       1       1       0       6      1.9086      3.5601
       1       1       3      12      1.7853      2.4440
       2      -2       1       6      1.5494      1.8737
       1       0      10       6      1.5345      0.1820
       1       1       6      12      1.5299      0.4216
       2      -2      -2       6      1.5276      0.5452
       0       0      12       2      1.4600      2.8329
       0       2       4       6      1.4528      3.2973
       1      -1      11       6      1.4125      3.1776
       2       0       5       6      1.4081      1.3418
       1       1       9      12      1.3289      0.8749
       2      -2       7       6      1.3282      2.6842
       2       0       8       6      1.3042      2.9414
       1       0      13       6      1.2994      0.4946
       0       0      15       2      1.3219      3.2178
       2       1       1      12      1.3274      1.6602
       0       1      14       6      1.3302      0.1338
       2      -2      10       6      1.3329      0.1705
       1       2       2      12      1.3358      0.4945
       1       1      12      12      1.3777      2.5194
       2       1       4      12      1.3842      2.9337
       2      -2     -11       6      1.4332      2.8238
       1       2       5      12      1.4403      1.1859
       2       1       7      12      1.7557      2.3839
       1       0      16       6      2.2130      2.0598
       1       2       8      12      2.3303      2.6166
       3      -3       0       6      2.3747      2.8184
       2      -2      13       6      3.2511      0.4308
       3      -3       3       6      3.6427      1.9243
       3      -3      -3       6      3.6427      1.9243
       0       0       3       2     17.2501      2.7544
       1      -1      -1       6      4.8624      2.1147
       0       0       6       2      4.5231      0.4622
       0       1       2       6      4.4856      0.6007
       1      -1      -4       6      3.4493      3.7060
       0       1       5       6      2.9599      1.5180
       0       0       9       2      2.2022      0.9944
       1       0       7       6      2.1950      3.0223
       1      -1       8       6      1.9184      3.3065
       1       1       0       6      1.9086      3.5601
       1       1       3      12      1.7853      2.4440
       2      -2       1       6      1.5494      1.8737
       1       0      10       6      1.5345      0.1820
       1       1       6      12      1.5299      0.4216
       2      -2      -2       6      1.5276      0.5452
       0       0      12       2      1.4600      2.8329
       0       2       4       6      1.4528      3.2973
       1      -1      11       6      1.4125      3.1776
       2       0       5       6      1.4081      1.3418
       1       1       9      12      1.3289      0.8749
       2      -2       7       6      1.3282      2.6842
       2       0       8       6      1.3042      2.9414
       1       0      13       6      1.2994      0.4946
       0       0      15       2      1.3219      3.2178
       2       1       1      12      1.3274      1.6602
       0       1      14       6      1.3302      0.1338
       2      -2      10       6      1.3329      0.1705
       1       2       2      12      1.3358      0.4945
       1       1      12      12      1.3777      2.5194
       2       1       4      12      1.3842      2.9337
       2      -2     -11       6      1.4332      2.8238
       1       2       5      12      1.4403      1.1859
       2       1       7      12      1.7557      2.3839
       1       0      16       6      2.2130      2.0598
       1       2       8      12      2.3303      2.6166
       3      -3       0       6      2.3747      2.8184
       2      -2      13       6      3.2511      0.4308
       3      -3       3       6      3.6427      1.9243
       3      -3      -3       6      3.6427      1.9243
       0       0       3       2     17.2501      2.7544
       1      -1      -1       6      4.8624      2.1147
       0       0       6       2      4.5231      0.4622
       0       1       2       6      4.4856      0.6007
       1      -1      -4       6      3.4493      3.7060
       0       1       5       6      2.9599      1.5180
       0       0       9       2      2.2022      0.9944
       1       0       7       6      2.1950      3.0223
       1      -1       8       6      1.9184      3.3065
       1       1       0       6      1.9086      3.5601
       1       1       3      12      1.7853      2.4440
       2      -2       1       6      1.5494      1.8737
       1       0      10       6      1.5345      0.1820
       1       1       6      12      1.5299      0.4216
       2      -2      -2       6      1.5276      0.5452
       0       0      12       2      1.4600      2.8329
       0       2       4       6      1.4528      3.2973
       1      -1      11       6      1.4125      3.1776
       2       0       5       6      1.4081      1.3418
       1       1       9      12      1.3289      0.8749
       2      -2       7       6      1.3282      2.6842
       2       0       8       6      1.3042      2.9414
       1       0      13       6      1.2994      0.4946
       0       0      15       2      1.3219      3.2178
       2       1       1      12      1.3274      1.6602
       0       1      14       6      1.3302      0.1338
       2      -2      10       6      1.3329      0.1705
       1       2       2      12      1.3358      0.4945
       1       1      12      12      1.3777      2.5194
       2       1       4      12      1.3842      2.9337
       2      -2     -11       6      1.4332      2.8238
       1       2       5      12      1.4403      1.1859
       2       1       7      12      1.7557      2.3839
       1       0      16       6      2.2130      2.0598
       1       2       8      12      2.3303      2.6166
       3      -3       0       6      2.3747      2.8184
       2      -2      13       6      3.2511      0.4308
       3      -3       3       6      3.6427      1.9243
       3      -3      -3       6      3.6427      1.9243
       0       0       3       2     17.2501      2.7544
       1      -1      -1       6      4.8624      2.1147
       0       0       6       2      4.5231      0.4622
       0       1       2       6      4.4856      0.6007
       1      -1      -4       6      3.4493      3.7060
       0       1       5       6      2.9599      1.5180
       0       0       9       2      2.2022      0.9944
       1       0       7       6      2.1950      3.0223
       1      -1       8       6      1.9184      3.3065
       1       1       0       6      1.9086      3.5601
       1       1       3      12      1.7853      2.4440
       2      -2       1       6      1.5494      1.8737
       1       0      10       6      1.5345      0.1820
       1       1       6      12      1.5299      0.4216
       2      -2      -2       6      1.5276      0.5452
       0       0      12       2      1.4600      2.8329
       0       2       4       6      1.4528      3.2973
       1      -1      11       6      1.4125      3.1776
       2       0       5       6      1.4081      1.3418
       1       1       9      12      1.3289      0.8749
       2      -2       7       6      1.3282      2.6842
       2       0       8       6      1.3042      2.9414
       1       0      13       6      1.2994      0.4946
       0       0      15       2      1.3219      3.2178
       2       1       1      12      1.3274      1.6602
       0       1      14       6      1.3302      0.1338
       2      -2      10       6      1.3329      0.1705
       1       2       2      12      1.3358      0.4945
       1       1      12      12      1.3777      2.5194
       2       1       4      12      1.3842      2.9337
       2      -2     -11       6      1.4332      2.8238
       1       2       5      12      1.4403      1.1859
       2       1       7      12      1.7557      2.3839
       1       0      16       6      2.2130      2.0598
       1       2       8      12      2.3303      2.6166
       3      -3       0       6      2.3747      2.8184
       2      -2      13       6      3.2511      0.4308
       3      -3       3       6      3.6427      1.9243
       3      -3      -3       6      3.6427      1.9243
       0       0       3       2     17.2501      2.7544
       1      -1      -1       6      4.8624      2.1147
       0       0       6       2      4.5231      0.4622
       0       1       2       6      4.4856      0.6007
       1      -1      -4       6      3.4493      3.7060
       0       1       5       6      2.9599      1.5180
       0       0       9       2      2.2022      0.9944
       1       0       7       6      2.1950      3.0223
       1      -1       8       6      1.9184      3.3065
       1       1       0       6      1.9086      3.5601
       1       1       3      12      1.7853      2.4440
       2      -2       1       6      1.5494      1.8737
       1       0      10       6      1.5345      0.1820
       1       1       6      12      1.5299      0.4216
       2      -2      -2       6      1.5276      0.5452
       0       0      12       2      1.4600      2.8329
       0       2       4       6      1.4528      3.2973
       1      -1      11       6      1.4125      3.1776
       2       0       5       6      1.4081      1.3418
       1       1       9      12      1.3289      0.8749
       2      -2       7       6      1.3282      2.6842
       2       0       8       6      1.3042      2.9414
       1       0      13       6      1.2994      0.4946
       0       0      15       2      1.3219      3.2178
       2       1       1      12      1.3274      1.6602
       0       1      14       6      1.3302      0.1338
       2      -2      10       6      1.3329      0.1705
       1       2       2      12      1.3358      0.4945
       1       1      12      12      1.3777      2.5194
       2       1       4      12      1.3842      2.9337
       2      -2     -11       6      1.4332      2.8238
       1       2       5      12      1.4403      1.1859
       2       1       7      12      1.7557      2.3839
       1       0      16       6      2.2130      2.0598
       1       2       8      12      2.3303      2.6166
       3      -3       0       6      2.3747      2.8184
       2      -2      13       6      3.2511      0.4308
       3      -3       3       6      3.6427      1.9243
       3      -3      -3       6      3.6427      1.9243
       0       0       3       2     17.2501      2.7544
       1      -1      -1       6      4.8624      2.1147
       0       0       6       2      4.5231      0.4622
       0       1       2       6      4.4856      0.6007
       1      -1      -4       6      3.4493      3.7060
       0       1       5       6      2.9599      1.5180
       0       0       9       2      2.2022      0.9944
       1       0       7       6      2.1950      3.0223
       1      -1       8       6      1.9184      3.3065
       1       1       0       6      1.9086      3.5601
       1       1       3      12      1.7853      2.4440
       2      -2       1       6      1.5494      1.8737
       1       0      10       6      1.5345      0.1820
       1       1       6      12      1.5299      0.4216
       2      -2      -2       6      1.5276      0.5452
       0       0      12       2      1.4600      2.8329
       0       2       4       6      1.4528      3.2973
       1      -1      11       6      1.4125      3.1776
       2       0       5       6      1.4081      1.3418
       1       1       9      12      1.3289      0.8749
       2      -2       7       6      1.3282      2.6842
       2       0       8       6      1.3042      2.9414
       1       0      13       6      1.2994      0.4946
       0       0      15       2      1.3219      3.2178
       2       1       1      12      1.3274      1.6602
       0       1      14       6      1.3302      0.1338
       2      -2      10       6      1.3329      0.1705
       1       2       2      12      1.3358      0.4945
       1       1      12      12      1.3777      2.5194
       2       1       4      12      1.3842      2.9337
       2      -2     -11       6      1.4332      2.8238
       1       2       5      12      1.4403      1.1859
       2       1       7      12      1.7557      2.3839
       1       0      16       6      2.2130      2.0598
       1       2       8      12      2.3303      2.6166
       3      -3       0       6      2.3747      2.8184
       2      -2      13       6      3.2511      0.4308
       3      -3       3       6      3.6427      1.9243
       3      -3      -3       6      3.6427      1.9243
       0       0       3       2     17.2501      2.7544
       1      -1      -1       6      4.8624      2.1147
       0       0       6       2      4.5231      0.4622
       0       1       2       6      4.4856      0.6007
       1      -1      -4       6      3.4493      3.7060
       0       1       5       6      2.9599      1.5180
       0       0       9       2      2.2022      0.9944
       1       0       7       6      2.1950      3.0223
       1      -1       8       6      1.9184      3.3065
       1       1       0       6      1.9086      3.5601
       1       1       3      12      1.7853      2.4440
       2      -2       1       6      1.5494      1.8737
       1       0      10       6      1.5345      0.1820
       1       1       6      12      1.5299      0.4216
       2      -2      -2       6      1.5276      0.5452
       0       0      12       2      1.4600      2.8329
       0       2       4       6      1.4528      3.2973
       1      -1      11       6      1.4125      3.1776
       2       0       5       6      1.4081      1.3418
       1       1       9      12      1.3289      0.8749
       2      -2       7       6      1.3282      2.6842
       2       0       8       6      1.3042      2.9414
       1       0      13       6      1.2994      0.4946
       0       0      15       2      1.3219      3.2178
       2       1       1      12      1.3274      1.6602
       0       1      14       6      1.3302      0.1338
       2      -2      10       6      1.3329      0.1705
       1       2       2      12      1.3358      0.4945
       1       1      12      12      1.3777      2.5194
       2       1       4      12      1.3842      2.9337
       2      -2     -11       6      1.4332      2.8238
       1       2       5      12      1.4403      1.1859
       2       1       7      12      1.7557      2.3839
       1       0      16       6      2.2130      2.0598
       1       2       8      12      2.3303      2.6166
       3      -3       0       6      2.3747      2.8184
       2      -2      13       6      3.2511      0.4308
       3      -3       3       6      3.6427      1.9243
       3      -3      -3       6      3.6427      1.9243
       0       0       3       2     17.2501      2.7544
       1      -1      -1       6      4.8624      2.1147
       0       0       6       2      4.5231      0.4622
       0       1       2       6      4.4856      0.6007
       1      -1      -4       6      3.4493      3.7060
       0       1       5       6      2.9599      1.5180
       0       0       9       2      2.2022      0.9944
       1       0       7       6      2.1950      3.0223
       1      -1       8       6      1.9184      3.3065
       1       1       0       6      1.9086      3.5601
       1       1       3      12      1.7853      2.4440
       2      -2       1       6      1.5494      1.8737
       1       0      10       6      1.5345      0.1820
       1       1       6      12      1.5299      0.4216
       2      -2      -2       6      1.5276      0.5452
       0       0      12       2      1.4600      2.8329
       0       2       4       6      1.4528      3.2973
       1      -1      11       6      1.4125      3.1776
       2       0       5       6      1.4081      1.3418
       1       1       9      12      1.3289      0.8749
       2      -2       7       6      1.3282      2.6842
       2       0       8       6      1.3042      2.9414
       1       0      13       6      1.2994      0.4946
       0       0      15       2      1.3219      3.2178
       2       1       1      12      1.3274      1.6602
       0       1      14       6      1.3302      0.1338
       2      -2      10       6      1.3329      0.1705
       1       2       2      12      1.3358      0.4945
       1       1      12      12      1.3777      2.5194
       2       1       4      12      1.3842      2.9337
       2      -2     -11       6      1.4332      2.8238
       1       2       5      12      1.4403      1.1859
       2       1       7      12      1.7557      2.3839
       1       0      16       6      2.2130      2.0598
       1       2       8      12      2.3303      2.6166
       3      -3       0       6      2.3747      2.8184
       2      -2      13       6      3.2511      0.4308
       3      -3       3       6      3.6427      1.9243
       3      -3      -3       6      3.6427      1.9243
       0       0       3       2     17.2501      2.7544
       1      -1      -1       6      4.8624      2.1147
       0       0       6       2      4.5231      0.4622
       0       1       2       6      4.4856      0.6007
       1      -1      -4       6      3.4493      3.7060
       0       1       5       6      2.9599      1.5180
       0       0       9       2      2.2022      0.9944
       1       0       7       6      2.1950      3.0223
       1      -1       8       6      1.9184      3.3065
       1       1       0       6      1.9086      3.5601
       1       1       3      12      1.7853      2.4440
       2      -2       1       6      1.5494      1.8737
       1       0      10       6      1.5345      0.1820
       1       1       6      12      1.5299      0.4216
       2      -2      -2       6      1.5276      0.5452
       0       0      12       2      1.4600      2.8329
       0       2       4       6      1.4528      3.2973
       1      -1      11       6      1.4125      3.1776
       2       0       5       6      1.4081      1.3418
       1       1       9      12      1.3289      0.8749
       2      -2       7       6      1.3282      2.6842
       2       0       8       6      1.3042      2.9414
       1       0      13       6      1.2994      0.4946
       0       0      15       2      1.3219      3.2178
       2       1       1      12      1.3274      1.6602
       0       1      14       6      1.3302      0.1338
       2      -2      10       6      1.3329      0.1705
       1       2       2      12      1.3358      0.4945
       1       1      12      12      1.3777      2.5194
       2       1       4      12      1.3842      2.9337
       2      -2     -11       6      1.4332      2.8238
       1       2       5      12      1.4403      1.1859
       2       1       7      12      1.7557      2.3839
       1       0      16       6      2.2130      2.0598
       1       2       8      12      2.3303      2.6166
       3      -3       0       6      2.3747      2.8184
       2      -2      13       6      3.2511      0.4308
       3      -3       3       6      3.6427      1.9243
       3      -3      -3       6      3.6427      1.9243
       0       0       3       2     17.2501      2.7544
       1      -1      -1       6      4.8624      2.1147
       0       0       6       2      4.5231      0.4622
       0       1       2       6      4.4856      0.6007
       1      -1      -4       6      3.4493      3.7060
       0       1       5       6      2.9599      1.5180
       0       0       9       2      2.2022      0.9944
       1       0       7       6      2.1950      3.0223
       1      -1       8       6      1.9184      3.3065
       1       1       0       6      1.9086      3.5601
       1       1       3      12      1.7853      2.4440
       2      -2       1       6      1.5494      1.8737
       1       0      10       6      1.5345      0.1820
       1       1       6      12      1.5299      0.4216
       2      -2      -2       6      1.5276      0.5452
       0       0      12       2      1.4600      2.8329
       0       2       4       6      1.4528      3.2973
       1      -1      11       6      1.4125      3.1776
       2       0       5       6      1.4081      1.3418
       1       1       9      12      1.3289      0.8749
       2      -2       7       6      1.3282      2.6842
       2       0       8       6      1.3042      2.9414
       1       0      13       6      1.2994      0.4946
       0       0      15       2      1.3219      3.2178
       2       1       1      12      1.3274      1.6602
       0       1      14       6      1.3302      0.1338
       2      -2      10       6      1.3329      0.1705
       1       2       2      12      1.3358      0.4945
       1       1      12      12      1.3777      2.5194
       2       1       4      12      1.3842      2.9337
       2      -2     -11       6      1.4332      2.8238
       1       2       5      12      1.4403      1.1859
       2       1       7      12      1.7557      2.3839
       1       0      16       6      2.2130      2.0598
       1       2       8      12      2.3303      2.6166
       3      -3       0       6      2.3747      2.8184
       2      -2      13       6      3.2511      0.4308
       3      -3       3       6      3.6427      1.9243
       3      -3      -3       6      3.6427      1.9243
       0       0       3       2     17.2501      2.7544
       1      -1      -1       6      4.8624      2.1147
       0       0       6       2      4.5231      0.4622
       0       1       2       6      4.4856      0.6007
       1      -1      -4       6      3.4493      3.7060
       0       1       5       6      2.9599      1.5180
       0       0       9       2      2.2022      0.9944
       1       0       7       6      2.1950      3.0223
       1      -1       8       6      1.9184      3.3065
       1       1       0       6      1.9086      3.5601
       1       1       3      12      1.7853      2.4440
       2      -2       1       6      1.5494      1.8737
       1       0      10       6      1.5345      0.1820
       1       1       6      12      1.5299      0.4216
       2      -2      -2       6      1.5276      0.5452
       0       0      12       2      1.4600      2.8329
       0       2       4       6      1.4528      3.2973
       1      -1      11       6      1.4125      3.1776
       2       0       5       6      1.4081      1.3418
       1       1       9      12      1.3289      0.8749
       2      -2       7       6      1.3282      2.6842
       2       0       8       6      1.3042      2.9414
       1       0      13       6      1.2994      0.4946
       0       0      15       2      1.3219      3.2178
       2       1       1      12      1.3274      1.6602
       0       1      14       6      1.3302      0.1338
       2      -2      10       6      1.3329      0.1705
       1       2       2      12      1.3358      0.4945
       1       1      12      12      1.3777      2.5194
       2       1       4      12      1.3842      2.9337
       2      -2     -11       6      1.4332      2.8238
       1       2       5      12      1.4403      1.1859
       2       1       7      12      1.7557      2.3839
       1       0      16       6      2.2130      2.0598
       1       2       8      12      2.3303      2.6166
       3      -3       0       6      2.3747      2.8184
       2      -2      13       6      3.2511      0.4308
       3      -3       3       6      3.6427      1.9243
       3      -3      -3       6      3.6427      1.9243
       0       0       3       2     17.2501      2.7544
       1      -1      -1       6      4.8624      2.1147
       0       0       6       2      4.5231      0.4622
       0       1       2       6      4.4856      0.6007
       1      -1      -4       6      3.4493      3.7060
       0       1       5       6      2.9599      1.5180
       0       0       9       2      2.2022      0.9944
       1       0       7       6      2.1950      3.0223
       1      -1       8       6      1.9184      3.3065
       1       1       0       6      1.9086      3.5601
       1       1       3      12      1.7853      2.4440
       2      -2       1       6      1.5494      1.8737
       1       0      10       6      1.5345      0.1820
       1       1       6      12      1.5299      0.4216
       2      -2      -2       6      1.5276      0.5452
       0       0      12       2      1.4600      2.8329
       0       2       4       6      1.4528      3.2973
       1      -1      11       6      1.4125      3.1776
       2       0       5       6      1.4081      1.3418
       1       1       9      12      1.3289      0.8749
       2      -2       7       6      1.3282      2.6842
       2       0       8       6      1.3042      2.9414
       1       0      13       6      1.2994      0.4946
       0       0      15       2      1.3219      3.2178
       2       1       1      12      1.3274      1.6602
       0       1      14       6      1.3302      0.1338
       2      -2      10       6      1.3329      0.1705
       1       2       2      12      1.3358      0.4945
       1       1      12      12      1.3777      2.5194
       2       1       4      12      1.3842      2.9337
       2      -2     -11       6      1.4332      2.8238
       1       2       5      12      1.4403      1.1859
       2       1       7      12      1.7557      2.3839
       1       0      16       6      2.2130      2.0598
       1       2       8      12      2.3303      2.6166
       3      -3       0       6      2.3747      2.8184
       2      -2      13       6      3.2511      0.4308
       3      -3       3       6      3.6427      1.9243
       3      -3      -3       6      3.6427      1.9243
       0       0       3       2     17.2501      2.7544
       1      -1      -1       6      4.8624      2.1147
       0       0       6       2      4.5231      0.4622
       0       1       2       6      4.4856      0.6007
       1      -1      -4       6      3.4493      3.7060
       0       1       5       6      2.9599      1.5180
       0       0       9       2      2.2022      0.9944
       1       0       7       6      2.1950      3.0223
       1      -1       8       6      1.9184      3.3065
       1       1       0       6      1.9086      3.5601
       1       1       3      12      1.7853      2.4440
       2      -2       1       6      1.5494      1.8737
       1       0      10       6      1.5345      0.1820
       1       1       6      12      1.5299      0.4216
       2      -2      -2       6      1.5276      0.5452
       0       0      12       2      1.4600      2.8329
       0       2       4       6      1.4528      3.2973
       1      -1      11       6      1.4125      3.1776
       2       0       5       6      1.4081      1.3418
       1       1       9      12      1.3289      0.8749
       2      -2       7       6      1.3282      2.6842
       2       0       8       6      1.3042      2.9414
       1       0      13       6      1.2994      0.4946
       0       0      15       2      1.3219      3.2178
       2       1       1      12      1.3274      1.6602
       0       1      14       6      1.3302      0.1338
       2      -2      10       6      1.3329      0.1705
       1       2       2      12      1.3358      0.4945
       1       1      12      12      1.3777      2.5194
       2       1       4      12      1.3842      2.9337
       2      -2     -11       6      1.4332      2.8238
       1       2       5      12      1.4403      1.1859
       2       1       7      12      1.7557      2.3839
       1       0      16       6      2.2130      2.0598
       1       2       8      12      2.3303      2.6166
       3      -3       0       6      2.3747      2.8184
       2      -2      13       6      3.2511      0.4308
       3      -3       3       6      3.6427      1.9243
       3      -3      -3       6      3.6427      1.9243
       0       0       3       2     17.2501      2.7544
       1      -1      -1       6      4.8624      2.1147
       0       0       6       2      4.5231      0.4622
       0       1       2       6      4.4856      0.6007
       1      -1      -4       6      3.4493      3.7060
       0       1       5       6      2.9599      1.5180
       0       0       9       2      2.2022      0.9944
       1       0       7       6      2.1950      3.0223
       1      -1       8       6      1.9184      3.3065
       1       1       0       6      1.9086      3.5601
       1       1       3      12      1.7853      2.4440
       2      -2       1       6      1.5494      1.8737
       1       0      10       6      1.5345      0.1820
       1       1       6      12      1.5299      0.4216
       2      -2      -2       6      1.5276      0.5452
       0       0      12       2      1.4600      2.8329
       0       2       4       6      1.4528      3.2973
       1      -1      11       6      1.4125      3.1776
       2       0       5       6      1.4081      1.3418
       1       1       9      12      1.3289      0.8749
       2      -2       7       6      1.3282      2.6842
       2       0       8       6      1.3042      2.9414
       1       0      13       6      1.2994      0.4946
       0       0      15       2      1.3219      3.2178
       2       1       1      12      1.3274      1.6602
       0       1      14       6      1.3302      0.1338
       2      -2      10       6      1.3329      0.1705
       1       2       2      12      1.3358      0.4945
       1       1      12      12      1.3777      2.5194
       2       1       4      12      1.3842      2.9337
       2      -2     -11       6      1.4332      2.8238
       1       2       5      12      1.4403      1.1859
       2       1       7      12      1.7557      2.3839
       1       0      16       6      2.2130      2.0598
       1       2       8      12      2.3303      2.6166
       3      -3       0       6      2.3747      2.8184
       2      -2      13       6      3.2511      0.4308
       3      -3       3       6      3.6427      1.9243
       3      -3      -3       6      3.6427      1.9243
       0       0       3       2     17.2501      2.7544
       1      -1      -1       6      4.8624      2.1147
       0       0       6       2      4.5231      0.4622
       0       1       2       6      4.4856      0.6007
       1      -1      -4       6      3.4493      3.7060
       0       1       5       6      2.9599      1.5180
       0       0       9       2      2.2022      0.9944
       1       0       7       6      2.1950      3.0223
       1      -1       8       6      1.9184      3.3065
       1       1       0       6      1.9086      3.5601
       1       1       3      12      1.7853      2.4440
       2      -2       1       6      1.5494      1.8737
       1       0      10       6      1.5345      0.1820
       1       1       6      12      1.5299      0.4216
       2      -2      -2       6      1.5276      0.5452
       0       0      12       2      1.4600      2.8329
       0       2       4       6      1.4528      3.2973
       1      -1      11       6      1.4125      3.1776
       2       0       5       6      1.4081      1.3418
       1       1       9      12      1.3289      0.8749
       2      -2       7       6      1.3282      2.6842
       2       0       8       6      1.3042      2.9414
       1       0      13       6      1.2994      0.4946
       0       0      15       2      1.3219      3.2178
       2       1       1      12      1.3274      1.6602
       0       1      14       6      1.3302      0.1338
       2      -2      10       6      1.3329      0.1705
       1       2       2      12      1.3358      0.4945
       1       1      12      12      1.3777      2.5194
       2       1       4      12      1.3842      2.9337
       2      -2     -11       6      1.4332      2.8238
       1       2       5      12      1.4403      1.1859
       2       1       7      12      1.7557      2.3839
       1       0      16       6      2.2130      2.0598
       1       2       8      12      2.3303      2.6166
       3      -3       0       6      2.3747      2.8184
       2      -2      13       6      3.2511      0.4308
       3      -3       3       6      3.6427      1.9243
       3      -3      -3       6      3.6427      1.9243
       0       0       3       2     17.2501      2.7544
       1      -1      -1       6      4.8624      2.1147
       0       0       6       2      4.5231      0.4622
       0       1       2       6      4.4856      0.6007
       1      -1      -4       6      3.4493      3.7060
       0       1       5       6      2.9599      1.5180
       0       0       9       2      2.2022      0.9944
       1       0       7       6      2.1950      3.0223
       1      -1       8       6      1.9184      3.3065
       1       1       0       6      1.9086      3.5601
       1       1       3      12      1.7853      2.4440
       2      -2       1       6      1.5494      1.8737
       1       0      10       6      1.5345      0.1820
       1       1       6      12      1.5299      0.4216
       2      -2      -2       6      1.5276      0.5452
       0       0      12       2      1.4600      2.8329
       0       2       4       6      1.4528      3.2973
       1      -1      11       6      1.4125      3.1776
       2       0       5       6      1.4081      1.3418
       1       1       9      12      1.3289      0.8749
       2      -2       7       6      1.3282      2.6842
       2       0       8       6      1.3042      2.9414
       1       0      13       6      1.2994      0.4946
       0       0      15       2      1.3219      3.2178
       2       1       1      12      1.3274      1.6602
       0       1      14       6      1.3302      0.1338
       2      -2      10       6      1.3329      0.1705
       1       2       2      12      1.3358      0.4945
       1       1      12      12      1.3777      2.5194
       2       1       4      12      1.3842      2.9337
       2      -2     -11       6      1.4332      2.8238
       1       2       5      12      1.4403      1.1859
       2       1       7      12      1.7557      2.3839
       1       0      16       6      2.2130      2.0598
       1       2       8      12      2.3303      2.6166
       3      -3       0       6      2.3747      2.8184
       2      -2      13       6      3.2511      0.4308
       3      -3       3       6      3.6427      1.9243
       3      -3      -3       6      3.6427      1.9243
       0       0       3       2     17.2501      2.7544
       1      -1      -1       6      4.8624      2.1147
       0       0       6       2      4.5231      0.4622
       0       1       2       6      4.4856      0.6007
       1      -1      -4       6      3.4493      3.7060
       0       1       5       6      2.9599      1.5180
       0       0       9       2      2.2022      0.9944
       1       0       7       6      2.1950      3.0223
       1      -1       8       6      1.9184      3.3065
       1       1       0       6      1.9086      3.5601
       1       1       3      12      1.7853      2.4440
       2      -2       1       6      1.5494      1.8737
       1       0      10       6      1.5345      0.1820
       1       1       6      12      1.5299      0.4216
       2      -2      -2       6      1.5276      0.5452
       0       0      12       2      1.4600      2.8329
       0       2       4       6      1.4528      3.2973
       1      -1      11       6      1.4125      3.1776
       2       0       5       6      1.4081      1.3418
       1       1       9      12      1.3289      0.8749
       2      -2       7       6      1.3282      2.6842
       2       0       8       6      1.3042      2.9414
       1       0      13       6      1.2994      0.4946
       0       0      15       2      1.3219      3.2178
       2       1       1      12      1.3274      1.6602
       0       1      14       6      1.3302      0.1338
       2      -2      10       6      1.3329      0.1705
       1       2       2      12      1.3358      0.4945
       1       1      12      12      1.3777      2.5194
       2       1       4      12      1.3842      2.9337
       2      -2     -11       6      1.4332      2.8238
       1       2       5      12      1.4403      1.1859
       2       1       7      12      1.7557      2.3839
       1       0      16       6      2.2130      2.0598
       1       2       8      12      2.3303      2.6166
       3      -3       0       6      2.3747      2.8184
       2      -2      13       6      3.2511      0.4308
       3      -3       3       6      3.6427      1.9243
       3      -3      -3       6      3.6427      1.9243
       0       0       3       2     17.2501      2.7544
       1      -1      -1       6      4.8624      2.1147
       0       0       6       2      4.5231      0.4622
       0       1       2       6      4.4856      0.6007
       1      -1      -4       6      3.4493      3.7060
       0       1       5       6      2.9599      1.5180
       0       0       9       2      2.2022      0.9944
       1       0       7       6      2.1950      3.0223
       1      -1       8       6      1.9184      3.3065
       1       1       0       6      1.9086      3.5601
       1       1       3      12      1.7853      2.4440
       2      -2       1       6      1.5494      1.8737
       1       0      10       6      1.5345      0.1820
       1       1       6      12      1.5299      0.4216
       2      -2      -2       6      1.5276      0.5452
       0       0      12       2      1.4600      2.8329
       0       2       4       6      1.4528      3.2973
       1      -1      11       6      1.4125      3.1776
       2       0       5       6      1.4081      1.3418
       1       1       9      12      1.3289      0.8749
       2      -2       7       6      1.3282      2.6842
       2       0       8       6      1.3042      2.9414
       1       0      13       6      1.2994      0.4946
       0       0      15       2      1.3219      3.2178
       2       1       1      12      1.3274      1.6602
       0       1      14       6      1.3302      0.1338
       2      -2      10       6      1.3329      0.1705
       1       2       2      12      1.3358      0.4945
       1       1      12      12      1.3777      2.5194
       2       1       4      12      1.3842      2.9337
       2      -2     -11       6      1.4332      2.8238
       1       2       5      12      1.4403      1.1859
       2       1       7      12      1.7557      2.3839
       1       0      16       6      2.2130      2.0598
       1       2       8      12      2.3303      2.6166
       3      -3       0       6      2.3747      2.8184
       2      -2      13       6      3.2511      0.4308
       3      -3       3       6      3.6427      1.9243
       3      -3      -3       6      3.6427      1.9243
       0       0       3       2     17.2501      2.7544
       1      -1      -1       6      4.8624      2.1147
       0       0       6       2      4.5231      0.4622
       0       1       2       6      4.4856      0.6007
       1      -1      -4       6      3.4493      3.7060
       0       1       5       6      2.9599      1.5180
       0       0       9       2      2.2022      0.9944
       1       0       7       6      2.1950      3.0223
       1      -1       8       6      1.9184      3.3065
       1       1       0       6      1.9086      3.5601
       1       1       3      12      1.7853      2.4440
       2      -2       1       6      1.5494      1.8737
       1       0      10       6      1.5345      0.1820
       1       1       6      12      1.5299      0.4216
       2      -2      -2       6      1.5276      0.5451
       0       0      12       2      1.4600      2.8330
       0       2       4       6      1.4528      3.2973
       1      -1      11       6      1.4125      3.1776
       2       0       5       6      1.4081      1.3418
       1       1       9      12      1.3289      0.8749
       2      -2       7       6      1.3282      2.6842
       2       0       8       6      1.3042      2.9414
       1       0      13       6      1.2994      0.4946
       0       0      15       2      1.3219      3.2177
       2       1       1      12      1.3274      1.6601
       0       1      14       6      1.3302      0.1338
       2      -2      10       6      1.3329      0.1705
       1       2       2      12      1.3358      0.4945
       1       1      12      12      1.3777      2.5194
       2       1       4      12      1.3842      2.9337
       2      -2     -11       6      1.4332      2.8238
       1       2       5      12      1.4403      1.1859
       2       1       7      12      1.7557      2.3839
       1       0      16       6      2.2130      2.0598
       1       2       8      12      2.3303      2.6166
       3      -3       0       6      2.3747      2.8185
       2      -2      13       6      3.2511      0.4307
       3      -3       3       6      3.6427      1.9243
       3      -3      -3       6      3.6427      1.9243
       0       0       3       2     17.2501      2.7561
       1      -1      -1       6      4.8624      2.1163
       0       0       6       2      4.5231      0.4622
       0       1       2       6      4.4856      0.6007
       1      -1      -4       6      3.4493      3.7060
       0       1       5       6      2.9599      1.5196
       0       0       9       2      2.2022      0.9959
       1       0       7       6      2.1950      3.0238
       1      -1       8       6      1.9184      3.3065
       1       1       0       6      1.9086      3.5601
       1       1       3      12      1.7853      2.4455
       2      -2       1       6      1.5494      1.8751
       1       0      10       6      1.5345      0.1820
       1       1       6      12      1.5299      0.4216
       2      -2      -2       6      1.5276      0.5452
       0       0      12       2      1.4600      2.8329
       0       2       4       6      1.4528      3.2973
       1      -1      11       6      1.4125      3.1790
       2       0       5       6      1.4081      1.3431
       1       1       9      12      1.3289      0.8763
       2      -2       7       6      1.3282      2.6855
       2       0       8       6      1.3042      2.9414
       1       0      13       6      1.2994      0.4959
       0       0      15       2      1.3219      3.2190
       2       1       1      12      1.3274      1.6614
       0       1      14       6      1.3302      0.1338
       2      -2      10       6      1.3329      0.1705
       1       2       2      12      1.3358      0.4945
       1       1      12      12      1.3777      2.5194
       2       1       4      12      1.3842      2.9337
       2      -2     -11       6      1.4332      2.8250
       1       2       5      12      1.4403      1.1871
       2       1       7      12      1.7557      2.3851
       1       0      16       6      2.2130      2.0598
       1       2       8      12      2.3303      2.6166
       3      -3       0       6      2.3747      2.8184
       2      -2      13       6      3.2511      0.4319
       3      -3       3       6      3.6427      1.9255
       3      -3      -3       6      3.6427      1.9255
       0       0       3       2     17.2501      2.7544
       1      -1      -1       6      4.8624      2.1147
       0       0       6       2      4.5231      0.4622
       0       1       2       6      4.4856      0.6008
       1      -1      -4       6      3.4493      3.7060
       0       1       5       6      2.9599      1.5180
       0       0       9       2      2.2022      0.9943
       1       0       7       6      2.1950      3.0223
       1      -1       8       6      1.9184      3.3064
       1       1       0       6      1.9086      3.5600
       1       1       3      12      1.7853      2.4440
       2      -2       1       6      1.5494      1.8736
       1       0      10       6      1.5345      0.1821
       1       1       6      12      1.5299      0.4217
       2      -2      -2       6      1.5276      0.5453
       0       0      12       2      1.4600      2.8328
       0       2       4       6      1.4528      3.2972
       1      -1      11       6      1.4125      3.1775
       2       0       5       6      1.4081      1.3417
       1       1       9      12      1.3289      0.8748
       2      -2       7       6      1.3282      2.6841
       2       0       8       6      1.3042      2.9412
       1       0      13       6      1.2994      0.4945
       0       0      15       2      1.3219      3.2176
       2       1       1      12      1.3274      1.6600
       0       1      14       6      1.3302      0.1337
       2      -2      10       6      1.3329      0.1707
       1       2       2      12      1.3358      0.4947
       1       1      12      12      1.3777      2.5192
       2       1       4      12      1.3842      2.9335
       2      -2     -11       6      1.4332      2.8237
       1       2       5      12      1.4403      1.1858
       2       1       7      12      1.7557      2.3838
       1       0      16       6      2.2130      2.0596
       1       2       8      12      2.3303      2.6164
       3      -3       0       6      2.3747      2.8183
       2      -2      13       6      3.2511      0.4306
       3      -3       3       6      3.6427      1.9241
       3      -3      -3       6      3.6427      1.9241
       0       0       3       2     17.2501      2.7582
       1      -1      -1       6      4.8624      2.1134
       0       0       6       2      4.5231      0.4594
       0       1       2       6      4.4856      0.6004
       1      -1      -4       6      3.4493      3.7048
       0       1       5       6      2.9599      1.5122
       0       0       9       2      2.2022      0.9853
       1       0       7       6      2.1950      3.0298
       1      -1       8       6      1.9184      3.3020
       1       1       0       6      1.9086      3.5601
       1       1       3      12      1.7853      2.4475
       2      -2       1       6      1.5494      1.8726
       1       0      10       6      1.5345      0.1754
       1       1       6      12      1.5299      0.4191
       2      -2      -2       6      1.5276      0.5449
       0       0      12       2      1.4600      2.8238
       0       2       4       6      1.4528      3.2962
       1      -1      11       6      1.4125      3.1869
       2       0       5       6      1.4081      1.3366
       1       1       9      12      1.3289      0.8669
       2      -2       7       6      1.3282      2.6909
       2       0       8       6      1.3042      2.9373
       1       0      13       6      1.2994      0.4855
       0       0      15       2      1.3219      3.2266
       2       1       1      12      1.3274      1.6592
       0       1      14       6      1.3302      0.1446
       2      -2      10       6      1.3329      0.1646
       1       2       2      12      1.3358      0.4943
       1       1      12      12      1.3777      2.5112
       2       1       4      12      1.3842      2.9327
       2      -2     -11       6      1.4332      2.8321
       1       2       5      12      1.4403      1.1813
       2       1       7      12      1.7557      2.3899
       1       0      16       6      2.2130      2.0472
       1       2       8      12      2.3303      2.6130
       3      -3       0       6      2.3747      2.8184
       2      -2      13       6      3.2511      0.4226
       3      -3       3       6      3.6427      1.9270
       3      -3      -3       6      3.6427      1.9270
       0       0       3       2     17.2501      2.7544
       1      -1      -1       6      4.8655      2.1147
       0       0       6       2      4.5231      0.4622
       1      -1       2       6      4.4882      0.6007
       1      -1      -4       6      3.4508      3.7061
       0       1       5       6      2.9610      1.5181
       0       0       9       2      2.2022      0.9944
       1       0       7       6      2.1955      3.0224
       1      -1       8       6      1.9187      3.3066
       1       1       0       6      1.9096      3.5604
       1       1       3      12      1.7862      2.4443
       2      -2       1       6      1.5500      1.8739
       1       0      10       6      1.5346      0.1820
       1       1       6      12      1.5303      0.4216
       2      -2      -2       6      1.5282      0.5452
       0       0      12       2      1.4600      2.8329
       2      -2       4       6      1.4533      3.2977
       0       1      11       6      1.4126      3.1777
       2       0       5       6      1.4085      1.3419
       1       1       9      12      1.3291      0.8750
       0       2       7       6      1.3284      2.6845
       2      -2      -8       6      1.3043      2.9417
       1       0      13       6      1.2994      0.4946
       0       0      15       2      1.3219      3.2178
       2       1       1      12      1.3270      1.6605
       1      -1      14       6      1.3302      0.1338
       2      -2      10       6      1.3327      0.1705
       1       2       2      12      1.3353      0.4946
       1       1      12      12      1.3774      2.5196
       2       1       4      12      1.3834      2.9342
       2      -2     -11       6      1.4326      2.8241
       1       2       5      12      1.4392      1.1862
       2       1       7      12      1.7522      2.3844
       1       0      16       6      2.2118      2.0598
       1       2       8      12      2.3200      2.6171
       3      -3       0       6      2.3606      2.8191
       2      -2      13       6      3.2332      0.4308
       3      -3       3       6      3.5856      1.9248
       3      -3      -3       6      3.5856      1.9248
       0       0       3       2     17.2618      2.7544
       1       0       1       6      4.8625      2.1147
       0       0       6       2      4.5260      0.4622
       1      -1       2       6      4.4859      0.6007
       1      -1      -4       6      3.4500      3.7061
       1      -1       5       6      2.9607      1.5181
       0       0       9       2      2.2035      0.9944
       1       0       7       6      2.1958      3.0224
       1      -1       8       6      1.9191      3.3067
       1       1       0       6      1.9086      3.5601
       1       1       3      12      1.7854      2.4441
       0       2       1       6      1.5494      1.8737
       1       0      10       6      1.5350      0.1820
       1       1       6      12      1.5300      0.4216
       2      -2      -2       6      1.5276      0.5452
       0       0      12       2      1.4606      2.8333
       0       2       4       6      1.4529      3.2973
       1      -1      11       6      1.4129      3.1780
       2       0       5       6      1.4082      1.3418
       1       1       9      12      1.3291      0.8750
       0       2       7       6      1.3283      2.6843
       2       0       8       6      1.3042      2.9415
       1      -1     -13       6      1.2994      0.4947
       0       0      15       2      1.3215      3.2184
       2       1       1      12      1.3274      1.6602
       1      -1      14       6      1.3298      0.1339
       0       2      10       6      1.3327      0.1705
       1       2       2      12      1.3358      0.4945
       1       1      12      12      1.3772      2.5197
       2       1       4      12      1.3841      2.9337
       2      -2     -11       6      1.4327      2.8241
       1       2       5      12      1.4402      1.1860
       2       1       7      12      1.7549      2.3840
       1       0      16       6      2.2034      2.0602
       1       2       8      12      2.3274      2.6167
       3      -3       0       6      2.3747      2.8184
       0       2      13       6      3.2278      0.4308
       3      -3       3       6      3.6409      1.9243
       3      -3      -3       6      3.6409      1.9243
       0       0       3       2     17.2550      2.5978
       1      -1      -1       6      4.8364      2.1778
       0       0       6       2      4.5243      0.4309
       0       1       2       6      4.4638      0.5048
       1      -1      -4       6      3.4373      3.8737
       0       1       5       6      2.9515      1.7849
       0       0       9       2      2.2027      1.4302
       1      -1      -7       6      2.1911      2.9556
       1      -1       8       6      1.9157      3.6878
       1       1       0       6      1.8999      3.8265
       1       1       3      12      1.7783      2.5698
       2      -2       1       6      1.5437      2.1967
       1       0      10       6      1.5333      0.0066
       1       1       6      12      1.5259      0.1231
       2       0       2       6      1.5222      0.1890
       0       0      12       2      1.4602      3.4573
       0       2       4       6      1.4487      3.7152
       0       1      11       6      1.4118      3.2357
       2      -2      -5       6      1.4047      1.8478
       1       1       9      12      1.3277      1.5330
       0       2       7       6      1.3266      2.8930
       2       0       8       6      1.3035      3.5520
       1      -1     -13       6      1.2993      1.2608
       0       0      15       2      1.3217      3.4406
       0       1      14       6      1.3306      0.4408
       2       1       1      12      1.3310      2.2193
       0       2      10       6      1.3351      0.2719
       1       2       2      12      1.3400      0.0975
       1       1      12      12      1.3803      3.3490
       2       1       4      12      1.3913      3.5791
       2       0      11       6      1.4386      3.1470
       1       2       5      12      1.4505      1.9096
       2       1       7      12      1.7864      2.8429
       1       0      16       6      2.2196      3.1186
       1       2       8      12      2.4246      3.4361
       3      -3       0       6      2.5095      3.5464
       2      -2      13       6      3.4081      1.3890
       3      -3       3       6      4.2906      2.5390
       3      -3      -3       6      4.2906      2.5390
       0       0       3       2     17.2550      2.5978
       1      -1      -1       6      4.8364      2.1778
       0       0       6       2      4.5243      0.4309
       0       1       2       6      4.4638      0.5048
       1      -1      -4       6      3.4373      3.8737
       0       1       5       6      2.9515      1.7849
       0       0       9       2      2.2027      1.4302
       1      -1      -7       6      2.1911      2.9556
       1      -1       8       6      1.9157      3.6878
       1       1       0       6      1.8999      3.8265
       1       1       3      12      1.7783      2.5698
       2      -2       1       6      1.5437      2.1967
       1       0      10       6      1.5333      0.0066
       1       1       6      12      1.5259      0.1231
       2       0       2       6      1.5222      0.1890
       0       0      12       2      1.4602      3.4573
       0       2       4       6      1.4487      3.7152
       0       1      11       6      1.4118      3.2357
       2      -2      -5       6      1.4047      1.8478
       1       1       9      12      1.3277      1.5330
       0       2       7       6      1.3266      2.8930
       2       0       8       6      1.3035      3.5520
       1      -1     -13       6      1.2993      1.2608
       0       0      15       2      1.3217      3.4406
       0       1      14       6      1.3306      0.4408
       2       1       1      12      1.3310      2.2193
       0       2      10       6      1.3351      0.2719
       1       2       2      12      1.3400      0.0975
       1       1      12      12      1.3803      3.3490
       2       1       4      12      1.3913      3.5791
       2       0      11       6      1.4386      3.1470
       1       2       5      12      1.4505      1.9096
       2       1       7      12      1.7864      2.8429
       1       0      16       6      2.2196      3.1186
       1       2       8      12      2.4246      3.4361
       3      -3       0       6      2.5095      3.5464
       2      -2      13       6      3.4081      1.3890
       3      -3       3       6      4.2906      2.5390
       3      -3      -3       6      4.2906      2.5390
       0       0       3       2     17.2550      2.5978
       1      -1      -1       6      4.8364      2.1778
       0       0       6       2      4.5243      0.4309
       0       1       2       6      4.4638      0.5048
       1      -1      -4       6      3.4373      3.8737
       0       1       5       6      2.9515      1.7849
       0       0       9       2      2.2027      1.4302
       1      -1      -7       6      2.1911      2.9556
       1      -1       8       6      1.9157      3.6878
       1       1       0       6      1.8999      3.8265
       1       1       3      12      1.7783      2.5698
       2      -2       1       6      1.5437      2.1967
       1       0      10       6      1.5333      0.0066
       1       1       6      12      1.5259      0.1231
       2       0       2       6      1.5222      0.1890
       0       0      12       2      1.4602      3.4573
       0       2       4       6      1.4487      3.7152
       0       1      11       6      1.4118      3.2357
       2      -2      -5       6      1.4047      1.8478
       1       1       9      12      1.3277      1.5330
       0       2       7       6      1.3266      2.8930
       2       0       8       6      1.3035      3.5520
       1      -1     -13       6      1.2993      1.2608
       0       0      15       2      1.3217      3.4406
       0       1      14       6      1.3306      0.4408
       2       1       1      12      1.3310      2.2193
       0       2      10       6      1.3351      0.2719
       1       2       2      12      1.3400      0.0975
       1       1      12      12      1.3803      3.3490
       2       1       4      12      1.3913      3.5791
       2       0      11       6      1.4386      3.1470
       1       2       5      12      1.4505      1.9096
       2       1       7      12      1.7864      2.8429
       1       0      16       6      2.2196      3.1186
       1       2       8      12      2.4246      3.4361
       3      -3       0       6      2.5095      3.5464
       2      -2      13       6      3.4081      1.3890
       3      -3       3       6      4.2906      2.5390
       3      -3      -3       6      4.2906      2.5390
       0       0       3       2     17.2550      2.5978
       1      -1      -1       6      4.8364      2.1778
       0       0       6       2      4.5243      0.4309
       0       1       2       6      4.4638      0.5048
       1      -1      -4       6      3.4373      3.8737
       0       1       5       6      2.9515      1.7849
       0       0       9       2      2.2027      1.4302
       1      -1      -7       6      2.1911      2.9556
       1      -1       8       6      1.9157      3.6878
       1       1       0       6      1.8999      3.8265
       1       1       3      12      1.7783      2.5698
       2      -2       1       6      1.5437      2.1967
       1       0      10       6      1.5333      0.0066
       1       1       6      12      1.5259      0.1231
       2       0       2       6      1.5222      0.1890
       0       0      12       2      1.4602      3.4573
       0       2       4       6      1.4487      3.7152
       0       1      11       6      1.4118      3.2357
       2      -2      -5       6      1.4047      1.8478
       1       1       9      12      1.3277      1.5330
       0       2       7       6      1.3266      2.8930
       2       0       8       6      1.3035      3.5520
       1      -1     -13       6      1.2993      1.2608
       0       0      15       2      1.3217      3.4406
       0       1      14       6      1.3306      0.4408
       2       1       1      12      1.3310      2.2193
       0       2      10       6      1.3351      0.2719
       1       2       2      12      1.3400      0.0975
       1       1      12      12      1.3803      3.3490
       2       1       4      12      1.3913      3.5791
       2       0      11       6      1.4386      3.1470
       1       2       5      12      1.4505      1.9096
       2       1       7      12      1.7864      2.8429
       1       0      16       6      2.2196      3.1186
       1       2       8      12      2.4246      3.4361
       3      -3       0       6      2.5095      3.5464
       2      -2      13       6      3.4081      1.3890
       3      -3       3       6      4.2906      2.5390
       3      -3      -3       6      4.2906      2.5390
       0       0       3       2     17.2550      2.5978
       1      -1      -1       6      4.8364      2.1778
       0       0       6       2      4.5243      0.4309
       0       1       2       6      4.4638      0.5048
       1      -1      -4       6      3.4373      3.8737
       0       1       5       6      2.9515      1.7849
       0       0       9       2      2.2027      1.4302
       1      -1      -7       6      2.1911      2.9556
       1      -1       8       6      1.9157      3.6878
       1       1       0       6      1.8999      3.8265
       1       1       3      12      1.7783      2.5698
       2      -2       1       6      1.5437      2.1967
       1       0      10       6      1.5333      0.0066
       1       1       6      12      1.5259      0.1231
       2       0       2       6      1.5222      0.1890
       0       0      12       2      1.4602      3.4573
       0       2       4       6      1.4487      3.7152
       0       1      11       6      1.4118      3.2357
       2      -2      -5       6      1.4047      1.8478
       1       1       9      12      1.3277      1.5330
       0       2       7       6      1.3266      2.8930
       2       0       8       6      1.3035      3.5520
       1      -1     -13       6      1.2993      1.2608
       0       0      15       2      1.3217      3.4406
       0       1      14       6      1.3306      0.4408
       2       1       1      12      1.3310      2.2193
       0       2      10       6      1.3351      0.2719
       1       2       2      12      1.3400      0.0975
       1       1      12      12      1.3803      3.3490
       2       1       4      12      1.3913      3.5791
       2       0      11       6      1.4386      3.1470
       1       2       5      12      1.4505      1.9096
       2       1       7      12      1.7864      2.8429
       1       0      16       6      2.2196      3.1186
       1       2       8      12      2.4246      3.4361
       3      -3       0       6      2.5095      3.5464
       2      -2      13       6      3.4081      1.3890
       3      -3       3       6      4.2906      2.5390
       3      -3      -3       6      4.2906      2.5390
       0       0       3       2     17.2550      2.5978
       1      -1      -1       6      4.8364      2.1778
       0       0       6       2      4.5243      0.4309
       0       1       2       6      4.4638      0.5048
       1      -1      -4       6      3.4373      3.8737
       0       1       5       6      2.9515      1.7849
       0       0       9       2      2.2027      1.4302
       1      -1      -7       6      2.1911      2.9556
       1      -1       8       6      1.9157      3.6878
       1       1       0       6      1.8999      3.8265
       1       1       3      12      1.7783      2.5698
       2      -2       1       6      1.5437      2.1967
       1       0      10       6      1.5333      0.0066
       1       1       6      12      1.5259      0.1231
       2       0       2       6      1.5222      0.1890
       0       0      12       2      1.4602      3.4573
       0       2       4       6      1.4487      3.7152
       0       1      11       6      1.4118      3.2357
       2      -2      -5       6      1.4047      1.8478
       1       1       9      12      1.3277      1.5330
       0       2       7       6      1.3266      2.8930
       2       0       8       6      1.3035      3.5520
       1      -1     -13       6      1.2993      1.2608
       0       0      15       2      1.3217      3.4406
       0       1      14       6      1.3306      0.4408
       2       1       1      12      1.3310      2.2193
       0       2      10       6      1.3351      0.2719
       1       2       2      12      1.3400      0.0975
       1       1      12      12      1.3803      3.3490
       2       1       4      12      1.3913      3.5791
       2       0      11       6      1.4386      3.1470
       1       2       5      12      1.4505      1.9096
       2       1       7      12      1.7864      2.8429
       1       0      16       6      2.2196      3.1186
       1       2       8      12      2.4246      3.4361
       3      -3       0       6      2.5095      3.5464
       2      -2      13       6      3.4081      1.3890
       3      -3       3       6      4.2906      2.5390
       3      -3      -3       6      4.2906      2.5390
       0       0       3       2     17.2550      2.5978
       1      -1      -1       6      4.8364      2.1778
       0       0       6       2      4.5243      0.4309
       0       1       2       6      4.4638      0.5048
       1      -1      -4       6      3.4373      3.8737
       0       1       5       6      2.9515      1.7849
       0       0       9       2      2.2027      1.4302
       1      -1      -7       6      2.1911      2.9556
       1      -1       8       6      1.9157      3.6878
       1       1       0       6      1.8999      3.8265
       1       1       3      12      1.7783      2.5698
       2      -2       1       6      1.5437      2.1967
       1       0      10       6      1.5333      0.0066
       1       1       6      12      1.5259      0.1231
       2       0       2       6      1.5222      0.1890
       0       0      12       2      1.4602      3.4573
       0       2       4       6      1.4487      3.7152
       0       1      11       6      1.4118      3.2357
       2      -2      -5       6      1.4047      1.8478
       1       1       9      12      1.3277      1.5330
       0       2       7       6      1.3266      2.8930
       2       0       8       6      1.3035      3.5520
       1      -1     -13       6      1.2993      1.2608
       0       0      15       2      1.3217      3.4406
       0       1      14       6      1.3306      0.4408
       2       1       1      12      1.3310      2.2193
       0       2      10       6      1.3351      0.2719
       1       2       2      12      1.3400      0.0975
       1       1      12      12      1.3803      3.3490
       2       1       4      12      1.3913      3.5791
       2       0      11       6      1.4386      3.1470
       1       2       5      12      1.4505      1.9096
       2       1       7      12      1.7864      2.8429
       1       0      16       6      2.2196      3.1186
       1       2       8      12      2.4246      3.4361
       3      -3       0       6      2.5095      3.5464
       2      -2      13       6      3.4081      1.3890
       3      -3       3       6      4.2906      2.5390
       3      -3      -3       6      4.2906      2.5390
       0       0       3       2     17.2550      2.5978
       1      -1      -1       6      4.8364      2.1778
       0       0       6       2      4.5243      0.4309
       0       1       2       6      4.4638      0.5048
       1      -1      -4       6      3.4373      3.8737
       0       1       5       6      2.9515      1.7849
       0       0       9       2      2.2027      1.4302
       1      -1      -7       6      2.1911      2.9556
       1      -1       8       6      1.9157      3.6878
       1       1       0       6      1.8999      3.8265
       1       1       3      12      1.7783      2.5698
       2      -2       1       6      1.5437      2.1967
       1       0      10       6      1.5333      0.0066
       1       1       6      12      1.5259      0.1231
       2       0       2       6      1.5222      0.1890
       0       0      12       2      1.4602      3.4573
       0       2       4       6      1.4487      3.7152
       0       1      11       6      1.4118      3.2357
       2      -2      -5       6      1.4047      1.8478
       1       1       9      12      1.3277      1.5330
       0       2       7       6      1.3266      2.8930
       2       0       8       6      1.3035      3.5520
       1      -1     -13       6      1.2993      1.2608
       0       0      15       2      1.3217      3.4406
       0       1      14       6      1.3306      0.4408
       2       1       1      12      1.3310      2.2193
       0       2      10       6      1.3351      0.2719
       1       2       2      12      1.3400      0.0975
       1       1      12      12      1.3803      3.3490
       2       1       4      12      1.3913      3.5791
       2       0      11       6      1.4386      3.1470
       1       2       5      12      1.4505      1.9096
       2       1       7      12      1.7864      2.8429
       1       0      16       6      2.2196      3.1186
       1       2       8      12      2.4246      3.4361
       3      -3       0       6      2.5095      3.5464
       2      -2      13       6      3.4081      1.3890
       3      -3       3       6      4.2906      2.5390
       3      -3      -3       6      4.2906      2.5390
       0       0       3       2     17.2550      2.5978
       1      -1      -1       6      4.8364      2.1778
       0       0       6       2      4.5243      0.4309
       0       1       2       6      4.4638      0.5048
       1      -1      -4       6      3.4373      3.8737
       0       1       5       6      2.9515      1.7849
       0       0       9       2      2.2027      1.4302
       1      -1      -7       6      2.1911      2.9556
       1      -1       8       6      1.9157      3.6878
       1       1       0       6      1.8999      3.8265
       1       1       3      12      1.7783      2.5698
       2      -2       1       6      1.5437      2.1967
       1       0      10       6      1.5333      0.0066
       1       1       6      12      1.5259      0.1231
       2       0       2       6      1.5222      0.1890
       0       0      12       2      1.4602      3.4573
       0       2       4       6      1.4487      3.7152
       0       1      11       6      1.4118      3.2357
       2      -2      -5       6      1.4047      1.8478
       1       1       9      12      1.3277      1.5330
       0       2       7       6      1.3266      2.8930
       2       0       8       6      1.3035      3.5520
       1      -1     -13       6      1.2993      1.2608
       0       0      15       2      1.3217      3.4406
       0       1      14       6      1.3306      0.4408
       2       1       1      12      1.3310      2.2193
       0       2      10       6      1.3351      0.2719
       1       2       2      12      1.3400      0.0975
       1       1      12      12      1.3803      3.3490
       2       1       4      12      1.3913      3.5791
       2       0      11       6      1.4386      3.1470
       1       2       5      12      1.4505      1.9096
       2       1       7      12      1.7864      2.8429
       1       0      16       6      2.2196      3.1186
       1       2       8      12      2.4246      3.4361
       3      -3       0       6      2.5095      3.5464
       2      -2      13       6      3.4081      1.3890
       3      -3       3       6      4.2906      2.5390
       3      -3      -3       6      4.2906      2.5390
       0       0       3       2     17.2550      2.5978
       1      -1      -1       6      4.8364      2.1778
       0       0       6       2      4.5243      0.4309
       0       1       2       6      4.4638      0.5048
       1      -1      -4       6      3.4373      3.8737
       0       1       5       6      2.9515      1.7849
       0       0       9       2      2.2027      1.4302
       1      -1      -7       6      2.1911      2.9556
       1      -1       8       6      1.9157      3.6878
       1       1       0       6      1.8999      3.8265
       1       1       3      12      1.7783      2.5698
       2      -2       1       6      1.5437      2.1967
       1       0      10       6      1.5333      0.0066
       1       1       6      12      1.5259      0.1231
       2       0       2       6      1.5222      0.1890
       0       0      12       2      1.4602      3.4573
       0       2       4       6      1.4487      3.7152
       0       1      11       6      1.4118      3.2357
       2      -2      -5       6      1.4047      1.8478
       1       1       9      12      1.3277      1.5330
       0       2       7       6      1.3266      2.8930
       2       0       8       6      1.3035      3.5520
       1      -1     -13       6      1.2993      1.2608
       0       0      15       2      1.3217      3.4406
       0       1      14       6      1.3306      0.4408
       2       1       1      12      1.3310      2.2193
       0       2      10       6      1.3351      0.2719
       1       2       2      12      1.3400      0.0975
       1       1      12      12      1.3803      3.3490
       2       1       4      12      1.3913      3.5791
       2       0      11       6      1.4386      3.1470
       1       2       5      12      1.4505      1.9096
       2       1       7      12      1.7864      2.8429
       1       0      16       6      2.2196      3.1186
       1       2       8      12      2.4246      3.4361
       3      -3       0       6      2.5095      3.5464
       2      -2      13       6      3.4081      1.3890
       3      -3       3       6      4.2906      2.5390
       3      -3      -3       6      4.2906      2.5390
       0       0       3       2     17.2550      2.5978
       1      -1      -1       6      4.8364      2.1778
       0       0       6       2      4.5243      0.4309
       0       1       2       6      4.4638      0.5048
       1      -1      -4       6      3.4373      3.8737
       0       1       5       6      2.9515      1.7849
       0       0       9       2      2.2027      1.4302
       1      -1      -7       6      2.1911      2.9556
       1      -1       8       6      1.9157      3.6878
       1       1       0       6      1.8999      3.8265
       1       1       3      12      1.7783      2.5698
       2      -2       1       6      1.5437      2.1967
       1       0      10       6      1.5333      0.0066
       1       1       6      12      1.5259      0.1231
       2       0       2       6      1.5222      0.1890
       0       0      12       2      1.4602      3.4573
       0       2       4       6      1.4487      3.7152
       0       1      11       6      1.4118      3.2357
       2      -2      -5       6      1.4047      1.8478
       1       1       9      12      1.3277      1.5330
       0       2       7       6      1.3266      2.8930
       2       0       8       6      1.3035      3.5520
       1      -1     -13       6      1.2993      1.2608
       0       0      15       2      1.3217      3.4406
       0       1      14       6      1.3306      0.4408
       2       1       1      12      1.3310      2.2193
       0       2      10       6      1.3351      0.2719
       1       2       2      12      1.3400      0.0975
       1       1      12      12      1.3803      3.3490
       2       1       4      12      1.3913      3.5791
       2       0      11       6      1.4386      3.1470
       1       2       5      12      1.4505      1.9096
       2       1       7      12      1.7864      2.8429
       1       0      16       6      2.2196      3.1186
       1       2       8      12      2.4246      3.4361
       3      -3       0       6      2.5095      3.5464
       2      -2      13       6      3.4081      1.3890
       3      -3       3       6      4.2906      2.5390
       3      -3      -3       6      4.2906      2.5390
       0       0       3       2     17.2550      2.5978
       1      -1      -1       6      4.8364      2.1778
       0       0       6       2      4.5243      0.4309
       0       1       2       6      4.4638      0.5048
       1      -1      -4       6      3.4373      3.8737
       0       1       5       6      2.9515      1.7849
       0       0       9       2      2.2027      1.4302
       1      -1      -7       6      2.1911      2.9556
       1      -1       8       6      1.9157      3.6878
       1       1       0       6      1.8999      3.8265
       1       1       3      12      1.7783      2.5698
       2      -2       1       6      1.5437      2.1967
       1       0      10       6      1.5333      0.0066
       1       1       6      12      1.5259      0.1231
       2       0       2       6      1.5222      0.1890
       0       0      12       2      1.4602      3.4573
       0       2       4       6      1.4487      3.7152
       0       1      11       6      1.4118      3.2357
       2      -2      -5       6      1.4047      1.8478
       1       1       9      12      1.3277      1.5330
       0       2       7       6      1.3266      2.8930
       2       0       8       6      1.3035      3.5520
       1      -1     -13       6      1.2993      1.2608
       0       0      15       2      1.3217      3.4406
       0       1      14       6      1.3306      0.4408
       2       1       1      12      1.3310      2.2193
       0       2      10       6      1.3351      0.2719
       1       2       2      12      1.3400      0.0975
       1       1      12      12      1.3803      3.3490
       2       1       4      12      1.3913      3.5791
       2       0      11       6      1.4386      3.1470
       1       2       5      12      1.4505      1.9096
       2       1       7      12      1.7864      2.8429
       1       0      16       6      2.2196      3.1186
       1       2       8      12      2.4246      3.4361
       3      -3       0       6      2.5095      3.5464
       2      -2      13       6      3.4081      1.3890
       3      -3       3       6      4.2906      2.5390
       3      -3      -3       6      4.2906      2.5390
       0       0       3       2     17.2550      2.5978
       1      -1      -1       6      4.8364      2.1778
       0       0       6       2      4.5243      0.4309
       0       1       2       6      4.4638      0.5048
       1      -1      -4       6      3.4373      3.8737
       0       1       5       6      2.9515      1.7849
       0       0       9       2      2.2027      1.4302
       1      -1      -7       6      2.1911      2.9556
       1      -1       8       6      1.9157      3.6878
       1       1       0       6      1.8999      3.8265
       1       1       3      12      1.7783      2.5698
       2      -2       1       6      1.5437      2.1967
       1       0      10       6      1.5333      0.0066
       1       1       6      12      1.5259      0.1231
       2       0       2       6      1.5222      0.1890
       0       0      12       2      1.4602      3.4573
       0       2       4       6      1.4487      3.7152
       0       1      11       6      1.4118      3.2357
       2      -2      -5       6      1.4047      1.8478
       1       1       9      12      1.3277      1.5330
       0       2       7       6      1.3266      2.8930
       2       0       8       6      1.3035      3.5520
       1      -1     -13       6      1.2993      1.2608
       0       0      15       2      1.3217      3.4406
       0       1      14       6      1.3306      0.4408
       2       1       1      12      1.3310      2.2193
       0       2      10       6      1.3351      0.2719
       1       2       2      12      1.3400      0.0975
       1       1      12      12      1.3803      3.3490
       2       1       4      12      1.3913      3.5791
       2       0      11       6      1.4386      3.1470
       1       2       5      12      1.4505      1.9096
       2       1       7      12      1.7864      2.8429
       1       0      16       6      2.2196      3.1186
       1       2       8      12      2.4246      3.4361
       3      -3       0       6      2.5095      3.5464
       2      -2      13       6      3.4081      1.3890
       3      -3       3       6      4.2906      2.5390
       3      -3      -3       6      4.2906      2.5390
       0       0       3       2     17.2550      2.5978
       1      -1      -1       6      4.8364      2.1778
       0       0       6       2      4.5243      0.4309
       0       1       2       6      4.4638      0.5048
       1      -1      -4       6      3.4373      3.8737
       0       1       5       6      2.9515      1.7849
       0       0       9       2      2.2027      1.4302
       1      -1      -7       6      2.1911      2.9556
       1      -1       8       6      1.9157      3.6878
       1       1       0       6      1.8999      3.8265
       1       1       3      12      1.7783      2.5698
       2      -2       1       6      1.5437      2.1967
       1       0      10       6      1.5333      0.0066
       1       1       6      12      1.5259      0.1231
       2       0       2       6      1.5222      0.1890
       0       0      12       2      1.4602      3.4573
       0       2       4       6      1.4487      3.7152
       0       1      11       6      1.4118      3.2357
       2      -2      -5       6      1.4047      1.8478
       1       1       9      12      1.3277      1.5330
       0       2       7       6      1.3266      2.8930
       2       0       8       6      1.3035      3.5520
       1      -1     -13       6      1.2993      1.2608
       0       0      15       2      1.3217      3.4406
       0       1      14       6      1.3306      0.4408
       2       1       1      12      1.3310      2.2193
       0       2      10       6      1.3351      0.2719
       1       2       2      12      1.3400      0.0975
       1       1      12      12      1.3803      3.3490
       2       1       4      12      1.3913      3.5791
       2       0      11       6      1.4386      3.1470
       1       2       5      12      1.4505      1.9096
       2       1       7      12      1.7864      2.8429
       1       0      16       6      2.2196      3.1186
       1       2       8      12      2.4246      3.4361
       3      -3       0       6      2.5095      3.5464
       2      -2      13       6      3.4081      1.3890
       3      -3       3       6      4.2906      2.5390
       3      -3      -3       6      4.2906      2.5390
       0       0       3       2     17.2550      2.5978
       1      -1      -1       6      4.8364      2.1778
       0       0       6       2      4.5243      0.4309
       0       1       2       6      4.4638      0.5048
       1      -1      -4       6      3.4373      3.8737
       0       1       5       6      2.9515      1.7849
       0       0       9       2      2.2027      1.4302
       1      -1      -7       6      2.1911      2.9556
       1      -1       8       6      1.9157      3.6878
       1       1       0       6      1.8999      3.8265
       1       1       3      12      1.7783      2.5698
       2      -2       1       6      1.5437      2.1967
       1       0      10       6      1.5333      0.0066
       1       1       6      12      1.5259      0.1231
       2       0       2       6      1.5222      0.1890
       0       0      12       2      1.4602      3.4573
       0       2       4       6      1.4487      3.7152
       0       1      11       6      1.4118      3.2357
       2      -2      -5       6      1.4047      1.8478
       1       1       9      12      1.3277      1.5330
       0       2       7       6      1.3266      2.8930
       2       0       8       6      1.3035      3.5520
       1      -1     -13       6      1.2993      1.2608
       0       0      15       2      1.3217      3.4406
       0       1      14       6      1.3306      0.4408
       2       1       1      12      1.3310      2.2193
       0       2      10       6      1.3351      0.2719
       1       2       2      12      1.3400      0.0975
       1       1      12      12      1.3803      3.3490
       2       1       4      12      1.3913      3.5791
       2       0      11       6      1.4386      3.1470
       1       2       5      12      1.4505      1.9096
       2       1       7      12      1.7864      2.8429
       1       0      16       6      2.2196      3.1186
       1       2       8      12      2.4246      3.4361
       3      -3       0       6      2.5095      3.5464
       2      -2      13       6      3.4081      1.3890
       3      -3       3       6      4.2906      2.5390
       3      -3      -3       6      4.2906      2.5390
       0       0       3       2     17.2550      2.5978
       1      -1      -1       6      4.8364      2.1778
       0       0       6       2      4.5243      0.4309
       0       1       2       6      4.4638      0.5048
       1      -1      -4       6      3.4373      3.8737
       0       1       5       6      2.9515      1.7849
       0       0       9       2      2.2027      1.4302
       1      -1      -7       6      2.1911      2.9556
       1      -1       8       6      1.9157      3.6878
       1       1       0       6      1.8999      3.8265
       1       1       3      12      1.7783      2.5698
       2      -2       1       6      1.5437      2.1967
       1       0      10       6      1.5333      0.0066
       1       1       6      12      1.5259      0.1231
       2       0       2       6      1.5222      0.1890
       0       0      12       2      1.4602      3.4573
       0       2       4       6      1.4487      3.7152
       0       1      11       6      1.4118      3.2357
       2      -2      -5       6      1.4047      1.8478
       1       1       9      12      1.3277      1.5330
       0       2       7       6      1.3266      2.8930
       2       0       8       6      1.3035      3.5520
       1      -1     -13       6      1.2993      1.2608
       0       0      15       2      1.3217      3.4406
       0       1      14       6      1.3306      0.4408
       2       1       1      12      1.3310      2.2193
       0       2      10       6      1.3351      0.2719
       1       2       2      12      1.3400      0.0975
       1       1      12      12      1.3803      3.3490
       2       1       4      12      1.3913      3.5791
       2       0      11       6      1.4386      3.1470
       1       2       5      12      1.4505      1.9096
       2       1       7      12      1.7864      2.8429
       1       0      16       6      2.2196      3.1186
       1       2       8      12      2.4246      3.4361
       3      -3       0       6      2.5095      3.5464
       2      -2      13       6      3.4081      1.3890
       3      -3       3       6      4.2906      2.5390
       3      -3      -3       6      4.2906      2.5390
       0       0       3       2     17.2550      2.5978
       1      -1      -1       6      4.8364      2.1778
       0       0       6       2      4.5243      0.4309
       0       1       2       6      4.4638      0.5048
       1      -1      -4       6      3.4373      3.8737
       0       1       5       6      2.9515      1.7849
       0       0       9       2      2.2027      1.4302
       1      -1      -7       6      2.1911      2.9556
       1      -1       8       6      1.9157      3.6878
       1       1       0       6      1.8999      3.8265
       1       1       3      12      1.7783      2.5698
       2      -2       1       6      1.5437      2.1967
       1       0      10       6      1.5333      0.0066
       1       1       6      12      1.5259      0.1231
       2       0       2       6      1.5222      0.1890
       0       0      12       2      1.4602      3.4573
       0       2       4       6      1.4487      3.7152
       0       1      11       6      1.4118      3.2357
       2      -2      -5       6      1.4047      1.8478
       1       1       9      12      1.3277      1.5330
       0       2       7       6      1.3266      2.8930
       2       0       8       6      1.3035      3.5520
       1      -1     -13       6      1.2993      1.2608
       0       0      15       2      1.3217      3.4406
       0       1      14       6      1.3306      0.4408
       2       1       1      12      1.3310      2.2193
       0       2      10       6      1.3351      0.2719
       1       2       2      12      1.3400      0.0975
       1       1      12      12      1.3803      3.3490
       2       1       4      12      1.3913      3.5791
       2       0      11       6      1.4386      3.1470
       1       2       5      12      1.4505      1.9096
       2       1       7      12      1.7864      2.8429
       1       0      16       6      2.2196      3.1186
       1       2       8      12      2.4246      3.4361
       3      -3       0       6      2.5095      3.5464
       2      -2      13       6      3.4081      1.3890
       3      -3       3       6      4.2906      2.5390
       3      -3      -3       6      4.2906      2.5390
       0       0       3       2     17.2550      2.5978
       1      -1      -1       6      4.8364      2.1778
       0       0       6       2      4.5243      0.4309
       0       1       2       6      4.4638      0.5048
       1      -1      -4       6      3.4373      3.8737
       0       1       5       6      2.9515      1.7848
       0       0       9       2      2.2027      1.4302
       1      -1      -7       6      2.1911      2.9556
       1      -1       8       6      1.9157      3.6878
       1       1       0       6      1.8999      3.8265
       1       1       3      12      1.7783      2.5697
       2      -2       1       6      1.5437      2.1967
       1       0      10       6      1.5333      0.0066
       1       1       6      12      1.5259      0.1231
       2       0       2       6      1.5222      0.1890
       0       0      12       2      1.4602      3.4573
       0       2       4       6      1.4487      3.7153
       0       1      11       6      1.4118      3.2357
       2      -2      -5       6      1.4047      1.8478
       1       1       9      12      1.3277      1.5330
       0       2       7       6      1.3266      2.8930
       2       0       8       6      1.3035      3.5520
       1      -1     -13       6      1.2993      1.2607
       0       0      15       2      1.3217      3.4406
       0       1      14       6      1.3306      0.4408
       2       1       1      12      1.3310      2.2193
       0       2      10       6      1.3351      0.2719
       1       2       2      12      1.3400      0.0976
       1       1      12      12      1.3803      3.3490
       2       1       4      12      1.3913      3.5791
       2       0      11       6      1.4386      3.1470
       1       2       5      12      1.4505      1.9096
       2       1       7      12      1.7864      2.8429
       1       0      16       6      2.2196      3.1186
       1       2       8      12      2.4246      3.4361
       3      -3       0       6      2.5095      3.5465
       2      -2      13       6      3.4081      1.3890
       3      -3       3       6      4.2906      2.5390
       3      -3      -3       6      4.2906      2.5390
       0       0       3       2     17.2550      2.5995
       1      -1      -1       6      4.8364      2.1794
       0       0       6       2      4.5243      0.4308
       0       1       2       6      4.4638      0.5048
       1      -1      -4       6      3.4373      3.8737
       0       1       5       6      2.9515      1.7864
       0       0       9       2      2.2027      1.4318
       1      -1      -7       6      2.1911      2.9572
       1      -1       8       6      1.9157      3.6879
       1       1       0       6      1.8999      3.8266
       1       1       3      12      1.7783      2.5713
       2      -2       1       6      1.5437      2.1982
       1       0      10       6      1.5333      0.0068
       1       1       6      12      1.5259      0.1230
       2       0       2       6      1.5222      0.1889
       0       0      12       2      1.4602      3.4575
       0       2       4       6      1.4487      3.7154
       0       1      11       6      1.4118      3.2372
       2      -2      -5       6      1.4047      1.8493
       1       1       9      12      1.3277      1.5345
       0       2       7       6      1.3266      2.8945
       2       0       8       6      1.3035      3.5522
       1      -1     -13       6      1.2993      1.2622
       0       0      15       2      1.3217      3.4421
       0       1      14       6      1.3306      0.4410
       2       1       1      12      1.3310      2.2208
       0       2      10       6      1.3351      0.2721
       1       2       2      12      1.3400      0.0978
       1       1      12      12      1.3803      3.3493
       2       1       4      12      1.3913      3.5793
       2       0      11       6      1.4386      3.1484
       1       2       5      12      1.4505      1.9111
       2       1       7      12      1.7864      2.8444
       1       0      16       6      2.2196      3.1189
       1       2       8      12      2.4246      3.4364
       3      -3       0       6      2.5095      3.5467
       2      -2      13       6      3.4081      1.3905
       3      -3       3       6      4.2906      2.5405
       3      -3      -3       6      4.2906      2.5405
       0       0       3       2     17.2550      2.5978
       1      -1      -1       6      4.8364      2.1778
       0       0       6       2      4.5243      0.4309
       0       1       2       6      4.4638      0.5048
       1      -1      -4       6      3.4373      3.8737
       0       1       5       6      2.9515      1.7848
       0       0       9       2      2.2027      1.4302
       1      -1      -7       6      2.1911      2.9556
       1      -1       8       6      1.9157      3.6878
       1       1       0       6      1.8999      3.8265
       1       1       3      12      1.7783      2.5697
       2      -2       1       6      1.5437      2.1967
       1       0      10       6      1.5333      0.0066
       1       1       6      12      1.5259      0.1232
       2       0       2       6      1.5222      0.1891
       0       0      12       2      1.4602      3.4573
       0       2       4       6      1.4487      3.7152
       0       1      11       6      1.4118      3.2357
       2      -2      -5       6      1.4047      1.8478
       1       1       9      12      1.3277      1.5330
       0       2       7       6      1.3266      2.8930
       2       0       8       6      1.3035      3.5519
       1      -1     -13       6      1.2993      1.2607
       0       0      15       2      1.3217      3.4406
       0       1      14       6      1.3306      0.4407
       2       1       1      12      1.3310      2.2193
       0       2      10       6      1.3351      0.2718
       1       2       2      12      1.3400      0.0975
       1       1      12      12      1.3803      3.3490
       2       1       4      12      1.3913      3.5790
       2       0      11       6      1.4386      3.1470
       1       2       5      12      1.4505      1.9096
       2       1       7      12      1.7864      2.8429
       1       0      16       6      2.2196      3.1185
       1       2       8      12      2.4246      3.4360
       3      -3       0       6      2.5095      3.5464
       2      -2      13       6      3.4081      1.3890
       3      -3       3       6      4.2906      2.5390
       3      -3      -3       6      4.2906      2.5390
       0       0       3       2     17.2550      2.6016
       1      -1      -1       6      4.8364      2.1765
       0       0       6       2      4.5243      0.4288
       0       1       2       6      4.4638      0.5046
       1      -1      -4       6      3.4373      3.8728
       0       1       5       6      2.9515      1.7790
       0       0       9       2      2.2027      1.4206
       1      -1      -7       6      2.1911      2.9634
       1      -1       8       6      1.9157      3.6844
       1       1       0       6      1.8999      3.8265
       1       1       3      12      1.7783      2.5732
       2      -2       1       6      1.5437      2.1956
       1       0      10       6      1.5333      0.0116
       1       1       6      12      1.5259      0.1213
       2       0       2       6      1.5222      0.1888
       0       0      12       2      1.4602      3.4503
       0       2       4       6      1.4487      3.7144
       0       1      11       6      1.4118      3.2461
       2      -2      -5       6      1.4047      1.8425
       1       1       9      12      1.3277      1.5244
       0       2       7       6      1.3266      2.9000
       2       0       8       6      1.3035      3.5490
       1      -1     -13       6      1.2993      1.2498
       0       0      15       2      1.3217      3.4521
       0       1      14       6      1.3306      0.4492
       2       1       1      12      1.3310      2.2183
       0       2      10       6      1.3351      0.2763
       1       2       2      12      1.3400      0.0977
       1       1      12      12      1.3803      3.3428
       2       1       4      12      1.3913      3.5784
       2       0      11       6      1.4386      3.1562
       1       2       5      12      1.4505      1.9050
       2       1       7      12      1.7864      2.8491
       1       0      16       6      2.2196      3.1085
       1       2       8      12      2.4246      3.4334
       3      -3       0       6      2.5095      3.5464
       2      -2      13       6      3.4081      1.3793
       3      -3       3       6      4.2906      2.5417
       3      -3      -3       6      4.2906      2.5417
       0       0       3       2     17.2550      2.5978
       1       0       1       6      4.8394      2.1778
       0       0       6       2      4.5243      0.4309
       1      -1       2       6      4.4663      0.5049
       1       0       4       6      3.4387      3.8737
       1      -1       5       6      2.9525      1.7848
       0       0       9       2      2.2027      1.4302
       1      -1      -7       6      2.1916      2.9556
       1      -1       8       6      1.9161      3.6878
       1       1       0       6      1.9009      3.8266
       1       1       3      12      1.7791      2.5698
       2      -2       1       6      1.5443      2.1967
       1      -1     -10       6      1.5335      0.0065
       1       1       6      12      1.5264      0.1233
       2       0       2       6      1.5229      0.1893
       0       0      12       2      1.4602      3.4573
       0       2       4       6      1.4492      3.7154
       0       1      11       6      1.4119      3.2358
       2       0       5       6      1.4051      1.8477
       1       1       9      12      1.3279      1.5329
       0       2       7       6      1.3267      2.8930
       2       0       8       6      1.3036      3.5521
       1      -1     -13       6      1.2993      1.2607
       0       0      15       2      1.3217      3.4406
       0       1      14       6      1.3305      0.4407
       2       1       1      12      1.3306      2.2193
       2      -2      10       6      1.3348      0.2717
       1       2       2      12      1.3395      0.0971
       1       1      12      12      1.3800      3.3491
       2       1       4      12      1.3904      3.5793
       2       0      11       6      1.4379      3.1471
       1       2       5      12      1.4493      1.9095
       2       1       7      12      1.7826      2.8430
       1       0      16       6      2.2183      3.1186
       1       2       8      12      2.4127      3.4362
       3       0       0       6      2.4923      3.5467
       0       2      13       6      3.3872      1.3889
       3      -3       3       6      4.1954      2.5391
       3      -3      -3       6      4.1954      2.5391
       0       0       3       2     17.2667      2.5978
       1      -1      -1       6      4.8365      2.1778
       0       0       6       2      4.5272      0.4309
       0       1       2       6      4.4641      0.5048
       1      -1      -4       6      3.4380      3.8737
       0       1       5       6      2.9523      1.7848
       0       0       9       2      2.2040      1.4302
       1      -1      -7       6      2.1919      2.9556
       1      -1       8       6      1.9164      3.6878
       1       1       0       6      1.8999      3.8265
       1       1       3      12      1.7784      2.5698
       2      -2       1       6      1.5437      2.1967
       1      -1     -10       6      1.5338      0.0064
       1       1       6      12      1.5261      0.1232
       2       0       2       6      1.5223      0.1891
       0       0      12       2      1.4608      3.4574
       0       2       4       6      1.4488      3.7153
       1      -1      11       6      1.4122      3.2358
       2       0       5       6      1.4048      1.8478
       1       1       9      12      1.3278      1.5330
       2      -2       7       6      1.3266      2.8930
       2       0       8       6      1.3035      3.5520
       1      -1     -13       6      1.2993      1.2606
       0       0      15       2      1.3213      3.4408
       0       1      14       6      1.3302      0.4404
       2       1       1      12      1.3310      2.2193
       2      -2      10       6      1.3349      0.2717
       1       2       2      12      1.3400      0.0975
       1       1      12      12      1.3798      3.3491
       2       1       4      12      1.3912      3.5791
       2      -2     -11       6      1.4380      3.1471
       1       2       5      12      1.4504      1.9096
       2       1       7      12      1.7856      2.8430
       1       0      16       6      2.2098      3.1187
       1       2       8      12      2.4213      3.4361
       3      -3       0       6      2.5095      3.5464
       2      -2      13       6      3.3810      1.3889
       3      -3       3       6      4.2876      2.5390
       3      -3      -3       6      4.2876      2.5390
       0       0       3       2     17.2584      2.7111
       1      -1      -1       6      4.8483      2.1634
       0       0       6       2      4.5251      0.4245
       0       1       2       6      4.4739      0.5370
       1       0       4       6      3.4431      3.8062
       0       1       5       6      2.9557      1.6519
       0       0       9       2      2.2031      1.1983
       1      -1      -7       6      2.1933      3.0460
       1      -1       8       6      1.9173      3.5206
       1       1       0       6      1.9039      3.7283
       1       1       3      12      1.7816      2.5466
       2      -2       1       6      1.5463      2.0574
       1       0      10       6      1.5341      0.0258
       1       1       6      12      1.5278      0.2216
       2       0       2       6      1.5247      0.3219
       0       0      12       2      1.4604      3.1679
       2      -2       4       6      1.4506      3.5505
       1      -1      11       6      1.4123      3.2771
       2      -2      -5       6      1.4063      1.6006
       1       1       9      12      1.3283      1.1953
       0       2       7       6      1.3273      2.8432
       2       0       8       6      1.3038      3.2921
       1      -1     -13       6      1.2993      0.8575
       0       0      15       2      1.3216      3.4044
       2       1       1      12      1.3293      1.9600
       1      -1      14       6      1.3302      0.3779
       0       2      10       6      1.3340      0.1266
       1       2       2      12      1.3380      0.1376
       1       1      12      12      1.3789      2.9740
       2       1       4      12      1.3879      3.3151
       2       0      11       6      1.4358      3.0470
       1       2       5      12      1.4457      1.5519
       2       1       7      12      1.7717      2.6593
       1       0      16       6      2.2119      2.6179
       1       2       8      12      2.3783      3.0812
       3      -3       0       6      2.4445      3.2463
       0       2      13       6      3.3211      0.8877
       3      -3       3       6      3.9513      2.2606
       3      -3      -3       6      3.9513      2.2606
       0       0       3       2     17.2584      2.7111
       1      -1      -1       6      4.8483      2.1634
       0       0       6       2      4.5251      0.4245
       0       1       2       6      4.4739      0.5370
       1       0       4       6      3.4431      3.8062
       0       1       5       6      2.9557      1.6519
       0       0       9       2      2.2031      1.1983
       1      -1      -7       6      2.1933      3.0460
       1      -1       8       6      1.9173      3.5206
       1       1       0       6      1.9039      3.7283
       1       1       3      12      1.7816      2.5466
       2      -2       1       6      1.5463      2.0574
       1       0      10       6      1.5341      0.0258
       1       1       6      12      1.5278      0.2216
       2       0       2       6      1.5247      0.3219
       0       0      12       2      1.4604      3.1679
       2      -2       4       6      1.4506      3.5505
       1      -1      11       6      1.4123      3.2771
       2      -2      -5       6      1.4063      1.6006
       1       1       9      12      1.3283      1.1953
       0       2       7       6      1.3273      2.8432
       2       0       8       6      1.3038      3.2921
       1      -1     -13       6      1.2993      0.8575
       0       0      15       2      1.3216      3.4044
       2       1       1      12      1.3293      1.9600
       1      -1      14       6      1.3302      0.3779
       0       2      10       6      1.3340      0.1266
       1       2       2      12      1.3380      0.1376
       1       1      12      12      1.3789      2.9740
       2       1       4      12      1.3879      3.3151
       2       0      11       6      1.4358      3.0470
       1       2       5      12      1.4457      1.5519
       2       1       7      12      1.7717      2.6593
       1       0      16       6      2.2119      2.6179
       1       2       8      12      2.3783      3.0812
       3      -3       0       6      2.4445      3.2463
       0       2      13       6      3.3211      0.8877
       3      -3       3       6      3.9513      2.2606
       3      -3      -3       6      3.9513      2.2606
       0       0       3       2     17.2584      2.7111
       1      -1      -1       6      4.8483      2.1634
       0       0       6       2      4.5251      0.4245
       0       1       2       6      4.4739      0.5370
       1       0       4       6      3.4431      3.8062
       0       1       5       6      2.9557      1.6519
       0       0       9       2      2.2031      1.1983
       1      -1      -7       6      2.1933      3.0460
       1      -1       8       6      1.9173      3.5206
       1       1       0       6      1.9039      3.7283
       1       1       3      12      1.7816      2.5466
       2      -2       1       6      1.5463      2.0574
       1       0      10       6      1.5341      0.0258
       1       1       6      12      1.5278      0.2216
       2       0       2       6      1.5247      0.3219
       0       0      12       2      1.4604      3.1679
       2      -2       4       6      1.4506      3.5505
       1      -1      11       6      1.4123      3.2771
       2      -2      -5       6      1.4063      1.6006
       1       1       9      12      1.3283      1.1953
       0       2       7       6      1.3273      2.8432
       2       0       8       6      1.3038      3.2921
       1      -1     -13       6      1.2993      0.8575
       0       0      15       2      1.3216      3.4044
       2       1       1      12      1.3293      1.9600
       1      -1      14       6      1.3302      0.3779
       0       2      10       6      1.3340      0.1266
       1       2       2      12      1.3380      0.1376
       1       1      12      12      1.3789      2.9740
       2       1       4      12      1.3879      3.3151
       2       0      11       6      1.4358      3.0470
       1       2       5      12      1.4457      1.5519
       2       1       7      12      1.7717      2.6593
       1       0      16       6      2.2119      2.6179
       1       2       8      12      2.3783      3.0812
       3      -3       0       6      2.4445      3.2463
       0       2      13       6      3.3211      0.8877
       3      -3       3       6      3.9513      2.2606
       3      -3      -3       6      3.9513      2.2606
       0       0       3       2     17.2584      2.7111
       1      -1      -1       6      4.8483      2.1634
       0       0       6       2      4.5251      0.4245
       0       1       2       6      4.4739      0.5370
       1       0       4       6      3.4431      3.8062
       0       1       5       6      2.9557      1.6519
       0       0       9       2      2.2031      1.1983
       1      -1      -7       6      2.1933      3.0460
       1      -1       8       6      1.9173      3.5206
       1       1       0       6      1.9039      3.7283
       1       1       3      12      1.7816      2.5466
       2      -2       1       6      1.5463      2.0574
       1       0      10       6      1.5341      0.0258
       1       1       6      12      1.5278      0.2216
       2       0       2       6      1.5247      0.3219
       0       0      12       2      1.4604      3.1679
       2      -2       4       6      1.4506      3.5505
       1      -1      11       6      1.4123      3.2771
       2      -2      -5       6      1.4063      1.6006
       1       1       9      12      1.3283      1.1953
       0       2       7       6      1.3273      2.8432
       2       0       8       6      1.3038      3.2921
       1      -1     -13       6      1.2993      0.8575
       0       0      15       2      1.3216      3.4044
       2       1       1      12      1.3293      1.9600
       1      -1      14       6      1.3302      0.3779
       0       2      10       6      1.3340      0.1266
       1       2       2      12      1.3380      0.1376
       1       1      12      12      1.3789      2.9740
       2       1       4      12      1.3879      3.3151
       2       0      11       6      1.4358      3.0470
       1       2       5      12      1.4457      1.5519
       2       1       7      12      1.7717      2.6593
       1       0      16       6      2.2119      2.6179
       1       2       8      12      2.3783      3.0812
       3      -3       0       6      2.4445      3.2463
       0       2      13       6      3.3211      0.8877
       3      -3       3       6      3.9513      2.2606
       3      -3      -3       6      3.9513      2.2606
       0       0       3       2     17.2584      2.7111
       1      -1      -1       6      4.8483      2.1634
       0       0       6       2      4.5251      0.4245
       0       1       2       6      4.4739      0.5370
       1       0       4       6      3.4431      3.8062
       0       1       5       6      2.9557      1.6519
       0       0       9       2      2.2031      1.1983
       1      -1      -7       6      2.1933      3.0460
       1      -1       8       6      1.9173      3.5206
       1       1       0       6      1.9039      3.7283
       1       1       3      12      1.7816      2.5466
       2      -2       1       6      1.5463      2.0574
       1       0      10       6      1.5341      0.0258
       1       1       6      12      1.5278      0.2216
       2       0       2       6      1.5247      0.3219
       0       0      12       2      1.4604      3.1679
       2      -2       4       6      1.4506      3.5505
       1      -1      11       6      1.4123      3.2771
       2      -2      -5       6      1.4063      1.6006
       1       1       9      12      1.3283      1.1953
       0       2       7       6      1.3273      2.8432
       2       0       8       6      1.3038      3.2921
       1      -1     -13       6      1.2993      0.8575
       0       0      15       2      1.3216      3.4044
       2       1       1      12      1.3293      1.9600
       1      -1      14       6      1.3302      0.3779
       0       2      10       6      1.3340      0.1266
       1       2       2      12      1.3380      0.1376
       1       1      12      12      1.3789      2.9740
       2       1       4      12      1.3879      3.3151
       2       0      11       6      1.4358      3.0470
       1       2       5      12      1.4457      1.5519
       2       1       7      12      1.7717      2.6593
       1       0      16       6      2.2119      2.6179
       1       2       8      12      2.3783      3.0812
       3      -3       0       6      2.4445      3.2463
       0       2      13       6      3.3211      0.8877
       3      -3       3       6      3.9513      2.2606
       3      -3      -3       6      3.9513      2.2606
       0       0       3       2     17.2584      2.7111
       1      -1      -1       6      4.8483      2.1634
       0       0       6       2      4.5251      0.4245
       0       1       2       6      4.4739      0.5370
       1       0       4       6      3.4431      3.8062
       0       1       5       6      2.9557      1.6519
       0       0       9       2      2.2031      1.1983
       1      -1      -7       6      2.1933      3.0460
       1      -1       8       6      1.9173      3.5206
       1       1       0       6      1.9039      3.7283
       1       1       3      12      1.7816      2.5466
       2      -2       1       6      1.5463      2.0574
       1       0      10       6      1.5341      0.0258
       1       1       6      12      1.5278      0.2216
       2       0       2       6      1.5247      0.3219
       0       0      12       2      1.4604      3.1679
       2      -2       4       6      1.4506      3.5505
       1      -1      11       6      1.4123      3.2771
       2      -2      -5       6      1.4063      1.6006
       1       1       9      12      1.3283      1.1953
       0       2       7       6      1.3273      2.8432
       2       0       8       6      1.3038      3.2921
       1      -1     -13       6      1.2993      0.8575
       0       0      15       2      1.3216      3.4044
       2       1       1      12      1.3293      1.9600
       1      -1      14       6      1.3302      0.3779
       0       2      10       6      1.3340      0.1266
       1       2       2      12      1.3380      0.1376
       1       1      12      12      1.3789      2.9740
       2       1       4      12      1.3879      3.3151
       2       0      11       6      1.4358      3.0470
       1       2       5      12      1.4457      1.5519
       2       1       7      12      1.7717      2.6593
       1       0      16       6      2.2119      2.6179
       1       2       8      12      2.3783      3.0812
       3      -3       0       6      2.4445      3.2463
       0       2      13       6      3.3211      0.8877
       3      -3       3       6      3.9513      2.2606
       3      -3      -3       6      3.9513      2.2606
       0       0       3       2     17.2584      2.7111
       1      -1      -1       6      4.8483      2.1634
       0       0       6       2      4.5251      0.4245
       0       1       2       6      4.4739      0.5370
       1       0       4       6      3.4431      3.8062
       0       1       5       6      2.9557      1.6519
       0       0       9       2      2.2031      1.1983
       1      -1      -7       6      2.1933      3.0460
       1      -1       8       6      1.9173      3.5206
       1       1       0       6      1.9039      3.7283
       1       1       3      12      1.7816      2.5466
       2      -2       1       6      1.5463      2.0574
       1       0      10       6      1.5341      0.0258
       1       1       6      12      1.5278      0.2216
       2       0       2       6      1.5247      0.3219
       0       0      12       2      1.4604      3.1679
       2      -2       4       6      1.4506      3.5505
       1      -1      11       6      1.4123      3.2771
       2      -2      -5       6      1.4063      1.6006
       1       1       9      12      1.3283      1.1953
       0       2       7       6      1.3273      2.8432
       2       0       8       6      1.3038      3.2921
       1      -1     -13       6      1.2993      0.8575
       0       0      15       2      1.3216      3.4044
       2       1       1      12      1.3293      1.9600
       1      -1      14       6      1.3302      0.3779
       0       2      10       6      1.3340      0.1266
       1       2       2      12      1.3380      0.1376
       1       1      12      12      1.3789      2.9740
       2       1       4      12      1.3879      3.3151
       2       0      11       6      1.4358      3.0470
       1       2       5      12      1.4457      1.5519
       2       1       7      12      1.7717      2.6593
       1       0      16       6      2.2119      2.6179
       1       2       8      12      2.3783      3.0812
       3      -3       0       6      2.4445      3.2463
       0       2      13       6      3.3211      0.8877
       3      -3       3       6      3.9513      2.2606
       3      -3      -3       6      3.9513      2.2606
       0       0       3       2     17.2584      2.7111
       1      -1      -1       6      4.8483      2.1634
       0       0       6       2      4.5251      0.4245
       0       1       2       6      4.4739      0.5370
       1       0       4       6      3.4431      3.8062
       0       1       5       6      2.9557      1.6519
       0       0       9       2      2.2031      1.1983
       1      -1      -7       6      2.1933      3.0460
       1      -1       8       6      1.9173      3.5206
       1       1       0       6      1.9039      3.7283
       1       1       3      12      1.7816      2.5466
       2      -2       1       6      1.5463      2.0574
       1       0      10       6      1.5341      0.0258
       1       1       6      12      1.5278      0.2216
       2       0       2       6      1.5247      0.3219
       0       0      12       2      1.4604      3.1679
       2      -2       4       6      1.4506      3.5505
       1      -1      11       6      1.4123      3.2771
       2      -2      -5       6      1.4063      1.6006
       1       1       9      12      1.3283      1.1953
       0       2       7       6      1.3273      2.8432
       2       0       8       6      1.3038      3.2921
       1      -1     -13       6      1.2993      0.8575
       0       0      15       2      1.3216      3.4044
       2       1       1      12      1.3293      1.9600
       1      -1      14       6      1.3302      0.3779
       0       2      10       6      1.3340      0.1266
       1       2       2      12      1.3380      0.1376
       1       1      12      12      1.3789      2.9740
       2       1       4      12      1.3879      3.3151
       2       0      11       6      1.4358      3.0470
       1       2       5      12      1.4457      1.5519
       2       1       7      12      1.7717      2.6593
       1       0      16       6      2.2119      2.6179
       1       2       8      12      2.3783      3.0812
       3      -3       0       6      2.4445      3.2463
       0       2      13       6      3.3211      0.8877
       3      -3       3       6      3.9513      2.2606
       3      -3      -3       6      3.9513      2.2606
       0       0       3       2     17.2584      2.7111
       1      -1      -1       6      4.8483      2.1634
       0       0       6       2      4.5251      0.4245
       0       1       2       6      4.4739      0.5370
       1       0       4       6      3.4431      3.8062
       0       1       5       6      2.9557      1.6519
       0       0       9       2      2.2031      1.1983
       1      -1      -7       6      2.1933      3.0460
       1      -1       8       6      1.9173      3.5206
       1       1       0       6      1.9039      3.7283
       1       1       3      12      1.7816      2.5466
       2      -2       1       6      1.5463      2.0574
       1       0      10       6      1.5341      0.0258
       1       1       6      12      1.5278      0.2216
       2       0       2       6      1.5247      0.3219
       0       0      12       2      1.4604      3.1679
       2      -2       4       6      1.4506      3.5505
       1      -1      11       6      1.4123      3.2771
       2      -2      -5       6      1.4063      1.6006
       1       1       9      12      1.3283      1.1953
       0       2       7       6      1.3273      2.8432
       2       0       8       6      1.3038      3.2921
       1      -1     -13       6      1.2993      0.8575
       0       0      15       2      1.3216      3.4044
       2       1       1      12      1.3293      1.9600
       1      -1      14       6      1.3302      0.3779
       0       2      10       6      1.3340      0.1266
       1       2       2      12      1.3380      0.1376
       1       1      12      12      1.3789      2.9740
       2       1       4      12      1.3879      3.3151
       2       0      11       6      1.4358      3.0470
       1       2       5      12      1.4457      1.5519
       2       1       7      12      1.7717      2.6593
       1       0      16       6      2.2119      2.6179
       1       2       8      12      2.3783      3.0812
       3      -3       0       6      2.4445      3.2463
       0       2      13       6      3.3211      0.8877
       3      -3       3       6      3.9513      2.2606
       3      -3      -3       6      3.9513      2.2606
       0       0       3       2     17.2584      2.7111
       1      -1      -1       6      4.8483      2.1634
       0       0       6       2      4.5251      0.4245
       0       1       2       6      4.4739      0.5370
       1       0       4       6      3.4431      3.8062
       0       1       5       6      2.9557      1.6519
       0       0       9       2      2.2031      1.1983
       1      -1      -7       6      2.1933      3.0460
       1      -1       8       6      1.9173      3.5206
       1       1       0       6      1.9039      3.7283
       1       1       3      12      1.7816      2.5466
       2      -2       1       6      1.5463      2.0574
       1       0      10       6      1.5341      0.0258
       1       1       6      12      1.5278      0.2216
       2       0       2       6      1.5247      0.3219
       0       0      12       2      1.4604      3.1679
       2      -2       4       6      1.4506      3.5505
       1      -1      11       6      1.4123      3.2771
       2      -2      -5       6      1.4063      1.6006
       1       1       9      12      1.3283      1.1953
       0       2       7       6      1.3273      2.8432
       2       0       8       6      1.3038      3.2921
       1      -1     -13       6      1.2993      0.8575
       0       0      15       2      1.3216      3.4044
       2       1       1      12      1.3293      1.9600
       1      -1      14       6      1.3302      0.3779
       0       2      10       6      1.3340      0.1266
       1       2       2      12      1.3380      0.1376
       1       1      12      12      1.3789      2.9740
       2       1       4      12      1.3879      3.3151
       2       0      11       6      1.4358      3.0470
       1       2       5      12      1.4457      1.5519
       2       1       7      12      1.7717      2.6593
       1       0      16       6      2.2119      2.6179
       1       2       8      12      2.3783      3.0812
       3      -3       0       6      2.4445      3.2463
       0       2      13       6      3.3211      0.8877
       3      -3       3       6      3.9513      2.2606
       3      -3      -3       6      3.9513      2.2606
       0       0       3       2     17.2584      2.7111
       1      -1      -1       6      4.8483      2.1634
       0       0       6       2      4.5251      0.4245
       0       1       2       6      4.4739      0.5370
       1       0       4       6      3.4431      3.8062
       0       1       5       6      2.9557      1.6519
       0       0       9       2      2.2031      1.1983
       1      -1      -7       6      2.1933      3.0460
       1      -1       8       6      1.9173      3.5206
       1       1       0       6      1.9039      3.7283
       1       1       3      12      1.7816      2.5466
       2      -2       1       6      1.5463      2.0574
       1       0      10       6      1.5341      0.0258
       1       1       6      12      1.5278      0.2216
       2       0       2       6      1.5247      0.3219
       0       0      12       2      1.4604      3.1679
       2      -2       4       6      1.4506      3.5505
       1      -1      11       6      1.4123      3.2771
       2      -2      -5       6      1.4063      1.6006
       1       1       9      12      1.3283      1.1953
       0       2       7       6      1.3273      2.8432
       2       0       8       6      1.3038      3.2921
       1      -1     -13       6      1.2993      0.8575
       0       0      15       2      1.3216      3.4044
       2       1       1      12      1.3293      1.9600
       1      -1      14       6      1.3302      0.3779
       0       2      10       6      1.3340      0.1266
       1       2       2      12      1.3380      0.1376
       1       1      12      12      1.3789      2.9740
       2       1       4      12      1.3879      3.3151
       2       0      11       6      1.4358      3.0470
       1       2       5      12      1.4457      1.5519
       2       1       7      12      1.7717      2.6593
       1       0      16       6      2.2119      2.6179
       1       2       8      12      2.3783      3.0812
       3      -3       0       6      2.4445      3.2463
       0       2      13       6      3.3211      0.8877
       3      -3       3       6      3.9513      2.2606
       3      -3      -3       6      3.9513      2.2606
       0       0       3       2     17.2584      2.7111
       1      -1      -1       6      4.8483      2.1634
       0       0       6       2      4.5251      0.4245
       0       1       2       6      4.4739      0.5370
       1       0       4       6      3.4431      3.8062
       0       1       5       6      2.9557      1.6519
       0       0       9       2      2.2031      1.1983
       1      -1      -7       6      2.1933      3.0460
       1      -1       8       6      1.9173      3.5206
       1       1       0       6      1.9039      3.7283
       1       1       3      12      1.7816      2.5466
       2      -2       1       6      1.5463      2.0574
       1       0      10       6      1.5341      0.0258
       1       1       6      12      1.5278      0.2216
       2       0       2       6      1.5247      0.3219
       0       0      12       2      1.4604      3.1679
       2      -2       4       6      1.4506      3.5505
       1      -1      11       6      1.4123      3.2771
       2      -2      -5       6      1.4063      1.6006
       1       1       9      12      1.3283      1.1953
       0       2       7       6      1.3273      2.8432
       2       0       8       6      1.3038      3.2921
       1      -1     -13       6      1.2993      0.8575
       0       0      15       2      1.3216      3.4044
       2       1       1      12      1.3293      1.9600
       1      -1      14       6      1.3302      0.3779
       0       2      10       6      1.3340      0.1266
       1       2       2      12      1.3380      0.1376
       1       1      12      12      1.3789      2.9740
       2       1       4      12      1.3879      3.3151
       2       0      11       6      1.4358      3.0470
       1       2       5      12      1.4457      1.5519
       2       1       7      12      1.7717      2.6593
       1       0      16       6      2.2119      2.6179
       1       2       8      12      2.3783      3.0812
       3      -3       0       6      2.4445      3.2463
       0       2      13       6      3.3211      0.8877
       3      -3       3       6      3.9513      2.2606
       3      -3      -3       6      3.9513      2.2606
       0       0       3       2     17.2584      2.7111
       1      -1      -1       6      4.8483      2.1634
       0       0       6       2      4.5251      0.4245
       0       1       2       6      4.4739      0.5370
       1       0       4       6      3.4431      3.8062
       0       1       5       6      2.9557      1.6519
       0       0       9       2      2.2031      1.1983
       1      -1      -7       6      2.1933      3.0460
       1      -1       8       6      1.9173      3.5206
       1       1       0       6      1.9039      3.7283
       1       1       3      12      1.7816      2.5466
       2      -2       1       6      1.5463      2.0574
       1       0      10       6      1.5341      0.0258
       1       1       6      12      1.5278      0.2216
       2       0       2       6      1.5247      0.3219
       0       0      12       2      1.4604      3.1679
       2      -2       4       6      1.4506      3.5505
       1      -1      11       6      1.4123      3.2771
       2      -2      -5       6      1.4063      1.6006
       1       1       9      12      1.3283      1.1953
       0       2       7       6      1.3273      2.8432
       2       0       8       6      1.3038      3.2921
       1      -1     -13       6      1.2993      0.8575
       0       0      15       2      1.3216      3.4044
       2       1       1      12      1.3293      1.9600
       1      -1      14       6      1.3302      0.3779
       0       2      10       6      1.3340      0.1266
       1       2       2      12      1.3380      0.1376
       1       1      12      12      1.3789      2.9740
       2       1       4      12      1.3879      3.3151
       2       0      11       6      1.4358      3.0470
       1       2       5      12      1.4457      1.5519
       2       1       7      12      1.7717      2.6593
       1       0      16       6      2.2119      2.6179
       1       2       8      12      2.3783      3.0812
       3      -3       0       6      2.4445      3.2463
       0       2      13       6      3.3211      0.8877
       3      -3       3       6      3.9513      2.2606
       3      -3      -3       6      3.9513      2.2606
       0       0       3       2     17.2584      2.7111
       1      -1      -1       6      4.8483      2.1634
       0       0       6       2      4.5251      0.4245
       0       1       2       6      4.4739      0.5370
       1       0       4       6      3.4431      3.8062
       0       1       5       6      2.9557      1.6519
       0       0       9       2      2.2031      1.1983
       1      -1      -7       6      2.1933      3.0460
       1      -1       8       6      1.9173      3.5206
       1       1       0       6      1.9039      3.7283
       1       1       3      12      1.7816      2.5466
       2      -2       1       6      1.5463      2.0574
       1       0      10       6      1.5341      0.0258
       1       1       6      12      1.5278      0.2216
       2       0       2       6      1.5247      0.3219
       0       0      12       2      1.4604      3.1679
       2      -2       4       6      1.4506      3.5505
       1      -1      11       6      1.4123      3.2771
       2      -2      -5       6      1.4063      1.6006
       1       1       9      12      1.3283      1.1953
       0       2       7       6      1.3273      2.8432
       2       0       8       6      1.3038      3.2921
       1      -1     -13       6      1.2993      0.8575
       0       0      15       2      1.3216      3.4044
       2       1       1      12      1.3293      1.9600
       1      -1      14       6      1.3302      0.3779
       0       2      10       6      1.3340      0.1266
       1       2       2      12      1.3380      0.1376
       1       1      12      12      1.3789      2.9740
       2       1       4      12      1.3879      3.3151
       2       0      11       6      1.4358      3.0470
       1       2       5      12      1.4457      1.5519
       2       1       7      12      1.7717      2.6593
       1       0      16       6      2.2119      2.6179
       1       2       8      12      2.3783      3.0812
       3      -3       0       6      2.4445      3.2463
       0       2      13       6      3.3211      0.8877
       3      -3       3       6      3.9513      2.2606
       3      -3      -3       6      3.9513      2.2606
       0       0       3       2     17.2584      2.7111
       1      -1      -1       6      4.8483      2.1634
       0       0       6       2      4.5251      0.4245
       0       1       2       6      4.4739      0.5370
       1       0       4       6      3.4431      3.8062
       0       1       5       6      2.9557      1.6519
       0       0       9       2      2.2031      1.1983
       1      -1      -7       6      2.1933      3.0460
       1      -1       8       6      1.9173      3.5206
       1       1       0       6      1.9039      3.7283
       1       1       3      12      1.7816      2.5466
       2      -2       1       6      1.5463      2.0574
       1       0      10       6      1.5341      0.0258
       1       1       6      12      1.5278      0.2216
       2       0       2       6      1.5247      0.3219
       0       0      12       2      1.4604      3.1679
       2      -2       4       6      1.4506      3.5505
       1      -1      11       6      1.4123      3.2771
       2      -2      -5       6      1.4063      1.6006
       1       1       9      12      1.3283      1.1953
       0       2       7       6      1.3273      2.8432
       2       0       8       6      1.3038      3.2921
       1      -1     -13       6      1.2993      0.8575
       0       0      15       2      1.3216      3.4044
       2       1       1      12      1.3293      1.9600
       1      -1      14       6      1.3302      0.3779
       0       2      10       6      1.3340      0.1266
       1       2       2      12      1.3380      0.1376
       1       1      12      12      1.3789      2.9740
       2       1       4      12      1.3879      3.3151
       2       0      11       6      1.4358      3.0470
       1       2       5      12      1.4457      1.5519
       2       1       7      12      1.7717      2.6593
       1       0      16       6      2.2119      2.6179
       1       2       8      12      2.3783      3.0812
       3      -3       0       6      2.4445      3.2463
       0       2      13       6      3.3211      0.8877
       3      -3       3       6      3.9513      2.2606
       3      -3      -3       6      3.9513      2.2606
       0       0       3       2     17.2584      2.7111
       1      -1      -1       6      4.8483      2.1634
       0       0       6       2      4.5251      0.4245
       0       1       2       6      4.4739      0.5370
       1       0       4       6      3.4431      3.8062
       0       1       5       6      2.9557      1.6519
       0       0       9       2      2.2031      1.1983
       1      -1      -7       6      2.1933      3.0460
       1      -1       8       6      1.9173      3.5206
       1       1       0       6      1.9039      3.7283
       1       1       3      12      1.7816      2.5466
       2      -2       1       6      1.5463      2.0574
       1       0      10       6      1.5341      0.0258
       1       1       6      12      1.5278      0.2216
       2       0       2       6      1.5247      0.3219
       0       0      12       2      1.4604      3.1679
       2      -2       4       6      1.4506      3.5505
       1      -1      11       6      1.4123      3.2771
       2      -2      -5       6      1.4063      1.6006
       1       1       9      12      1.3283      1.1953
       0       2       7       6      1.3273      2.8432
       2       0       8       6      1.3038      3.2921
       1      -1     -13       6      1.2993      0.8575
       0       0      15       2      1.3216      3.4044
       2       1       1      12      1.3293      1.9600
       1      -1      14       6      1.3302      0.3779
       0       2      10       6      1.3340      0.1266
       1       2       2      12      1.3380      0.1376
       1       1      12      12      1.3789      2.9740
       2       1       4      12      1.3879      3.3151
       2       0      11       6      1.4358      3.0470
       1       2       5      12      1.4457      1.5519
       2       1       7      12      1.7717      2.6593
       1       0      16       6      2.2119      2.6179
       1       2       8      12      2.3783      3.0812
       3      -3       0       6      2.4445      3.2463
       0       2      13       6      3.3211      0.8877
       3      -3       3       6      3.9513      2.2606
       3      -3      -3       6      3.9513      2.2606
       0       0       3       2     17.2584      2.7111
       1      -1      -1       6      4.8483      2.1634
       0       0       6       2      4.5251      0.4245
       0       1       2       6      4.4739      0.5370
       1       0       4       6      3.4431      3.8062
       0       1       5       6      2.9557      1.6519
       0       0       9       2      2.2031      1.1983
       1      -1      -7       6      2.1933      3.0460
       1      -1       8       6      1.9173      3.5206
       1       1       0       6      1.9039      3.7283
       1       1       3      12      1.7816      2.5466
       2      -2       1       6      1.5463      2.0574
       1       0      10       6      1.5341      0.0258
       1       1       6      12      1.5278      0.2216
       2       0       2       6      1.5247      0.3219
       0       0      12       2      1.4604      3.1679
       2      -2       4       6      1.4506      3.5505
       1      -1      11       6      1.4123      3.2771
       2      -2      -5       6      1.4063      1.6006
       1       1       9      12      1.3283      1.1953
       0       2       7       6      1.3273      2.8432
       2       0       8       6      1.3038      3.2921
       1      -1     -13       6      1.2993      0.8575
       0       0      15       2      1.3216      3.4044
       2       1       1      12      1.3293      1.9600
       1      -1      14       6      1.3302      0.3779
       0       2      10       6      1.3340      0.1266
       1       2       2      12      1.3380      0.1376
       1       1      12      12      1.3789      2.9740
       2       1       4      12      1.3879      3.3151
       2       0      11       6      1.4358      3.0470
       1       2       5      12      1.4457      1.5519
       2       1       7      12      1.7717      2.6593
       1       0      16       6      2.2119      2.6179
       1       2       8      12      2.3783      3.0812
       3      -3       0       6      2.4445      3.2463
       0       2      13       6      3.3211      0.8877
       3      -3       3       6      3.9513      2.2606
       3      -3      -3       6      3.9513      2.2606
       0       0       3       2     17.2584      2.7111
       1      -1      -1       6      4.8483      2.1634
       0       0       6       2      4.5251      0.4245
       0       1       2       6      4.4739      0.5370
       1       0       4       6      3.4431      3.8062
       0       1       5       6      2.9557      1.6519
       0       0       9       2      2.2031      1.1983
       1      -1      -7       6      2.1933      3.0460
       1      -1       8       6      1.9173      3.5206
       1       1       0       6      1.9039      3.7283
       1       1       3      12      1.7816      2.5466
       2      -2       1       6      1.5463      2.0574
       1       0      10       6      1.5341      0.0258
       1       1       6      12      1.5278      0.2216
       2       0       2       6      1.5247      0.3219
       0       0      12       2      1.4604      3.1679
       2      -2       4       6      1.4506      3.5505
       1      -1      11       6      1.4123      3.2770
       2      -2      -5       6      1.4063      1.6006
       1       1       9      12      1.3283      1.1953
       0       2       7       6      1.3273      2.8431
       2       0       8       6      1.3038      3.2921
       1      -1     -13       6      1.2993      0.8575
       0       0      15       2      1.3216      3.4043
       2       1       1      12      1.3293      1.9600
       1      -1      14       6      1.3302      0.3779
       0       2      10       6      1.3340      0.1266
       1       2       2      12      1.3380      0.1375
       1       1      12      12      1.3789      2.9740
       2       1       4      12      1.3879      3.3152
       2       0      11       6      1.4358      3.0470
       1       2       5      12      1.4457      1.5518
       2       1       7      12      1.7717      2.6592
       1       0      16       6      2.2119      2.6179
       1       2       8      12      2.3783      3.0813
       3      -3       0       6      2.4445      3.2464
       0       2      13       6      3.3211      0.8877
       3      -3       3       6      3.9513      2.2606
       3      -3      -3       6      3.9513      2.2606
       0       0       3       2     17.2584      2.7128
       1      -1      -1       6      4.8483      2.1650
       0       0       6       2      4.5251      0.4245
       0       1       2       6      4.4739      0.5369
       1       0       4       6      3.4431      3.8063
       0       1       5       6      2.9557      1.6535
       0       0       9       2      2.2031      1.1998
       1      -1      -7       6      2.1933      3.0475
       1      -1       8       6      1.9173      3.5207
       1       1       0       6      1.9039      3.7284
       1       1       3      12      1.7816      2.5481
       2      -2       1       6      1.5463      2.0589
       1       0      10       6      1.5341      0.0257
       1       1       6      12      1.5278      0.2215
       2       0       2       6      1.5247      0.3218
       0       0      12       2      1.4604      3.1680
       2      -2       4       6      1.4506      3.5507
       1      -1      11       6      1.4123      3.2785
       2      -2      -5       6      1.4063      1.6020
       1       1       9      12      1.3283      1.1967
       0       2       7       6      1.3273      2.8445
       2       0       8       6      1.3038      3.2923
       1      -1     -13       6      1.2993      0.8589
       0       0      15       2      1.3216      3.4057
       2       1       1      12      1.3293      1.9614
       1      -1      14       6      1.3302      0.3781
       0       2      10       6      1.3340      0.1268
       1       2       2      12      1.3380      0.1374
       1       1      12      12      1.3789      2.9742
       2       1       4      12      1.3879      3.3154
       2       0      11       6      1.4358      3.0483
       1       2       5      12      1.4457      1.5531
       2       1       7      12      1.7717      2.6605
       1       0      16       6      2.2119      2.6181
       1       2       8      12      2.3783      3.0815
       3      -3       0       6      2.4445      3.2466
       0       2      13       6      3.3211      0.8889
       3      -3       3       6      3.9513      2.2619
       3      -3      -3       6      3.9513      2.2619
       0       0       3       2     17.2584      2.7111
       1      -1      -1       6      4.8483      2.1634
       0       0       6       2      4.5251      0.4245
       0       1       2       6      4.4739      0.5370
       1       0       4       6      3.4431      3.8062
       0       1       5       6      2.9557      1.6519
       0       0       9       2      2.2031      1.1983
       1      -1      -7       6      2.1933      3.0460
       1      -1       8       6      1.9173      3.5206
       1       1       0       6      1.9039      3.7283
       1       1       3      12      1.7816      2.5466
       2      -2       1       6      1.5463      2.0574
       1       0      10       6      1.5341      0.0259
       1       1       6      12      1.5278      0.2216
       2       0       2       6      1.5247      0.3220
       0       0      12       2      1.4604      3.1678
       2      -2       4       6      1.4506      3.5505
       1      -1      11       6      1.4123      3.2770
       2      -2      -5       6      1.4063      1.6005
       1       1       9      12      1.3283      1.1953
       0       2       7       6      1.3273      2.8431
       2       0       8       6      1.3038      3.2920
       1      -1     -13       6      1.2993      0.8575
       0       0      15       2      1.3216      3.4043
       2       1       1      12      1.3293      1.9600
       1      -1      14       6      1.3302      0.3778
       0       2      10       6      1.3340      0.1265
       1       2       2      12      1.3380      0.1376
       1       1      12      12      1.3789      2.9740
       2       1       4      12      1.3879      3.3151
       2       0      11       6      1.4358      3.0470
       1       2       5      12      1.4457      1.5518
       2       1       7      12      1.7717      2.6592
       1       0      16       6      2.2119      2.6178
       1       2       8      12      2.3783      3.0812
       3      -3       0       6      2.4445      3.2463
       0       2      13       6      3.3211      0.8876
       3      -3       3       6      3.9513      2.2606
       3      -3      -3       6      3.9513      2.2606
       0       0       3       2     17.2584      2.7149
       1      -1      -1       6      4.8483      2.1622
       0       0       6       2      4.5251      0.4220
       0       1       2       6      4.4739      0.5367
       1       0       4       6      3.4431      3.8051
       0       1       5       6      2.9557      1.6461
       0       0       9       2      2.2031      1.1890
       1      -1      -7       6      2.1933      3.0536
       1      -1       8       6      1.9173      3.5165
       1       1       0       6      1.9039      3.7283
       1       1       3      12      1.7816      2.5500
       2      -2       1       6      1.5463      2.0563
       1       0      10       6      1.5341      0.0198
       1       1       6      12      1.5278      0.2194
       2       0       2       6      1.5247      0.3217
       0       0      12       2      1.4604      3.1595
       2      -2       4       6      1.4506      3.5495
       1      -1      11       6      1.4123      3.2868
       2      -2      -5       6      1.4063      1.5954
       1       1       9      12      1.3283      1.1870
       0       2       7       6      1.3273      2.8500
       2       0       8       6      1.3038      3.2884
       1      -1     -13       6      1.2993      0.8477
       0       0      15       2      1.3216      3.4142
       2       1       1      12      1.3293      1.9591
       1      -1      14       6      1.3302      0.3879
       0       2      10       6      1.3340      0.1320
       1       2       2      12      1.3380      0.1373
       1       1      12      12      1.3789      2.9666
       2       1       4      12      1.3879      3.3143
       2       0      11       6      1.4358      3.0557
       1       2       5      12      1.4457      1.5472
       2       1       7      12      1.7717      2.6654
       1       0      16       6      2.2119      2.6061
       1       2       8      12      2.3783      3.0780
       3      -3       0       6      2.4445      3.2463
       0       2      13       6      3.3211      0.8789
       3      -3       3       6      3.9513      2.2633
       3      -3      -3       6      3.9513      2.2633
       0       0       3       2     17.2584      2.7111
       1       0       1       6      4.8514      2.1634
       0       0       6       2      4.5251      0.4245
       1      -1       2       6      4.4764      0.5370
       1       0       4       6      3.4446      3.8063
       0       1       5       6      2.9568      1.6519
       0       0       9       2      2.2031      1.1983
       1      -1      -7       6      2.1938      3.0460
       0       1       8       6      1.9176      3.5206
       1       1       0       6      1.9049      3.7285
       1       1       3      12      1.7824      2.5467
       2      -2       1       6      1.5469      2.0575
       1       0      10       6      1.5342      0.0259
       1       1       6      12      1.5283      0.2217
       2       0       2       6      1.5253      0.3221
       0       0      12       2      1.4604      3.1679
       0       2       4       6      1.4511      3.5507
       0       1      11       6      1.4124      3.2771
       2       0       5       6      1.4067      1.6006
       1       1       9      12      1.3285      1.1953
       2      -2       7       6      1.3275      2.8433
       2       0       8       6      1.3039      3.2923
       1      -1     -13       6      1.2994      0.8575
       0       0      15       2      1.3216      3.4044
       2       1       1      12      1.3289      1.9602
       0       1      14       6      1.3302      0.3779
       0       2      10       6      1.3338      0.1265
       1       2       2      12      1.3376      0.1379
       1       1      12      12      1.3785      2.9741
       2       1       4      12      1.3871      3.3155
       2      -2     -11       6      1.4352      3.0472
       1       2       5      12      1.4445      1.5519
       2       1       7      12      1.7681      2.6596
       1      -1     -16       6      2.2106      2.6179
       1       2       8      12      2.3672      3.0816
       3      -3       0       6      2.4289      3.2468
       0       2      13       6      3.3018      0.8877
       3      -3       3       6      3.8776      2.2609
       3      -3      -3       6      3.8776      2.2609
       0       0       3       2     17.2701      2.7111
       1       0       1       6      4.8484      2.1634
       0       0       6       2      4.5281      0.4246
       1      -1       2       6      4.4742      0.5370
       1       0       4       6      3.4438      3.8062
       0       1       5       6      2.9565      1.6519
       0       0       9       2      2.2043      1.1983
       1      -1      -7       6      2.1940      3.0461
       1      -1       8       6      1.9180      3.5207
       1       1       0       6      1.9039      3.7283
       1       1       3      12      1.7816      2.5466
       2      -2       1       6      1.5463      2.0574
       1      -1     -10       6      1.5346      0.0260
       1       1       6      12      1.5280      0.2217
       2       0       2       6      1.5247      0.3219
       0       0      12       2      1.4610      3.1681
       0       2       4       6      1.4507      3.5505
       0       1      11       6      1.4127      3.2773
       2      -2      -5       6      1.4064      1.6006
       1       1       9      12      1.3285      1.1953
       0       2       7       6      1.3274      2.8432
       2      -2      -8       6      1.3039      3.2922
       1       0      13       6      1.2994      0.8575
       0       0      15       2      1.3212      3.4048
       2       1       1      12      1.3293      1.9600
       1      -1      14       6      1.3299      0.3777
       2      -2      10       6      1.3338      0.1265
       1       2       2      12      1.3380      0.1376
       1       1      12      12      1.3784      2.9742
       2       1       4      12      1.3879      3.3152
       2      -2     -11       6      1.4352      3.0472
       1       2       5      12      1.4456      1.5519
       2       1       7      12      1.7709      2.6593
       1       0      16       6      2.2022      2.6182
       1       2       8      12      2.3752      3.0813
       3      -3       0       6      2.4445      3.2463
       0       2      13       6      3.2960      0.8877
       3      -3       3       6      3.9489      2.2606
       3      -3      -3       6      3.9489      2.2606
       0       0       3       2     17.2598      2.7168
       1      -1      -1       6      4.8480      2.1709
       0       0       6       2      4.5255      0.4144
       1      -1       2       6      4.4736      0.5257
       1       0       4       6      3.4430      3.8217
       0       1       5       6      2.9557      1.6612
       0       0       9       2      2.2032      1.2092
       1      -1      -7       6      2.1933      3.0489
       1      -1       8       6      1.9173      3.5506
       1       1       0       6      1.9038      3.7565
       1       1       3      12      1.7815      2.5518
       2      -2       1       6      1.5462      2.0652
       1       0      10       6      1.5341      0.0083
       1       1       6      12      1.5278      0.1855
       2       0       2       6      1.5246      0.2848
       0       0      12       2      1.4605      3.2114
       0       2       4       6      1.4506      3.5910
       1      -1      11       6      1.4123      3.2804
       2      -2      -5       6      1.4063      1.6110
       1       1       9      12      1.3283      1.2081
       0       2       7       6      1.3273      2.8488
       2      -2      -8       6      1.3038      3.3442
       1       0      13       6      1.2994      0.8721
       0       0      15       2      1.3216      3.4109
       2       1       1      12      1.3293      1.9719
       0       1      14       6      1.3302      0.4304
       2      -2      10       6      1.3340      0.1815
       1       2       2      12      1.3381      0.0800
       1       1      12      12      1.3789      3.0371
       2       1       4      12      1.3880      3.3754
       2      -2     -11       6      1.4358      3.0557
       1       2       5      12      1.4458      1.5668
       2       1       7      12      1.7720      2.6708
       1       0      16       6      2.2109      2.6911
       1       2       8      12      2.3792      3.1509
       3      -3       0       6      2.4464      3.3145
       2      -2      13       6      3.3203      0.9079
       3      -3       3       6      3.9598      2.2755
       3      -3      -3       6      3.9598      2.2755
       0       0       3       2     17.2598      2.7168
       1      -1      -1       6      4.8480      2.1709
       0       0       6       2      4.5255      0.4144
       1      -1       2       6      4.4736      0.5257
       1       0       4       6      3.4430      3.8217
       0       1       5       6      2.9557      1.6612
       0       0       9       2      2.2032      1.2092
       1      -1      -7       6      2.1933      3.0489
       1      -1       8       6      1.9173      3.5506
       1       1       0       6      1.9038      3.7565
       1       1       3      12      1.7815      2.5518
       2      -2       1       6      1.5462      2.0652
       1       0      10       6      1.5341      0.0083
       1       1       6      12      1.5278      0.1855
       2       0       2       6      1.5246      0.2848
       0       0      12       2      1.4605      3.2114
       0       2       4       6      1.4506      3.5910
       1      -1      11       6      1.4123      3.2804
       2      -2      -5       6      1.4063      1.6110
       1       1       9      12      1.3283      1.2081
       0       2       7       6      1.3273      2.8488
       2      -2      -8       6      1.3038      3.3442
       1       0      13       6      1.2994      0.8721
       0       0      15       2      1.3216      3.4109
       2       1       1      12      1.3293      1.9719
       0       1      14       6      1.3302      0.4304
       2      -2      10       6      1.3340      0.1815
       1       2       2      12      1.3381      0.0800
       1       1      12      12      1.3789      3.0371
       2       1       4      12      1.3880      3.3754
       2      -2     -11       6      1.4358      3.0557
       1       2       5      12      1.4458      1.5668
       2       1       7      12      1.7720      2.6708
       1       0      16       6      2.2109      2.6911
       1       2       8      12      2.3792      3.1509
       3      -3       0       6      2.4464      3.3145
       2      -2      13       6      3.3203      0.9079
       3      -3       3       6      3.9598      2.2755
       3      -3      -3       6      3.9598      2.2755
       0       0       3       2     17.2598      2.7168
       1      -1      -1       6      4.8480      2.1709
       0       0       6       2      4.5255      0.4144
       1      -1       2       6      4.4736      0.5257
       1       0       4       6      3.4430      3.8217
       0       1       5       6      2.9557      1.6612
       0       0       9       2      2.2032      1.2092
       1      -1      -7       6      2.1933      3.0489
       1      -1       8       6      1.9173      3.5506
       1       1       0       6      1.9038      3.7565
       1       1       3      12      1.7815      2.5518
       2      -2       1       6      1.5462      2.0652
       1       0      10       6      1.5341      0.0083
       1       1       6      12      1.5278      0.1855
       2       0       2       6      1.5246      0.2848
       0       0      12       2      1.4605      3.2114
       0       2       4       6      1.4506      3.5910
       1      -1      11       6      1.4123      3.2804
       2      -2      -5       6      1.4063      1.6110
       1       1       9      12      1.3283      1.2081
       0       2       7       6      1.3273      2.8488
       2      -2      -8       6      1.3038      3.3442
       1       0      13       6      1.2994      0.8721
       0       0      15       2      1.3216      3.4109
       2       1       1      12      1.3293      1.9719
       0       1      14       6      1.3302      0.4304
       2      -2      10       6      1.3340      0.1815
       1       2       2      12      1.3381      0.0800
       1       1      12      12      1.3789      3.0371
       2       1       4      12      1.3880      3.3754
       2      -2     -11       6      1.4358      3.0557
       1       2       5      12      1.4458      1.5668
       2       1       7      12      1.7720      2.6708
       1       0      16       6      2.2109      2.6911
       1       2       8      12      2.3792      3.1509
       3      -3       0       6      2.4464      3.3145
       2      -2      13       6      3.3203      0.9079
       3      -3       3       6      3.9598      2.2755
       3      -3      -3       6      3.9598      2.2755
       0       0       3       2     17.2598      2.7168
       1      -1      -1       6      4.8480      2.1709
       0       0       6       2      4.5255      0.4144
       1      -1       2       6      4.4736      0.5257
       1       0       4       6      3.4430      3.8217
       0       1       5       6      2.9557      1.6612
       0       0       9       2      2.2032      1.2092
       1      -1      -7       6      2.1933      3.0489
       1      -1       8       6      1.9173      3.5506
       1       1       0       6      1.9038      3.7565
       1       1       3      12      1.7815      2.5518
       2      -2       1       6      1.5462      2.0652
       1       0      10       6      1.5341      0.0083
       1       1       6      12      1.5278      0.1855
       2       0       2       6      1.5246      0.2848
       0       0      12       2      1.4605      3.2114
       0       2       4       6      1.4506      3.5910
       1      -1      11       6      1.4123      3.2804
       2      -2      -5       6      1.4063      1.6110
       1       1       9      12      1.3283      1.2081
       0       2       7       6      1.3273      2.8488
       2      -2      -8       6      1.3038      3.3442
       1       0      13       6      1.2994      0.8721
       0       0      15       2      1.3216      3.4109
       2       1       1      12      1.3293      1.9719
       0       1      14       6      1.3302      0.4304
       2      -2      10       6      1.3340      0.1815
       1       2       2      12      1.3381      0.0800
       1       1      12      12      1.3789      3.0371
       2       1       4      12      1.3880      3.3754
       2      -2     -11       6      1.4358      3.0557
       1       2       5      12      1.4458      1.5668
       2       1       7      12      1.7720      2.6708
       1       0      16       6      2.2109      2.6911
       1       2       8      12      2.3792      3.1509
       3      -3       0       6      2.4464      3.3145
       2      -2      13       6      3.3203      0.9079
       3      -3       3       6      3.9598      2.2755
       3      -3      -3       6      3.9598      2.2755
       0       0       3       2     17.2598      2.7168
       1      -1      -1       6      4.8480      2.1709
       0       0       6       2      4.5255      0.4144
       1      -1       2       6      4.4736      0.5257
       1       0       4       6      3.4430      3.8217
       0       1       5       6      2.9557      1.6612
       0       0       9       2      2.2032      1.2092
       1      -1      -7       6      2.1933      3.0489
       1      -1       8       6      1.9173      3.5506
       1       1       0       6      1.9038      3.7565
       1       1       3      12      1.7815      2.5518
       2      -2       1       6      1.5462      2.0652
       1       0      10       6      1.5341      0.0083
       1       1       6      12      1.5278      0.1855
       2       0       2       6      1.5246      0.2848
       0       0      12       2      1.4605      3.2114
       0       2       4       6      1.4506      3.5910
       1      -1      11       6      1.4123      3.2804
       2      -2      -5       6      1.4063      1.6110
       1       1       9      12      1.3283      1.2081
       0       2       7       6      1.3273      2.8488
       2      -2      -8       6      1.3038      3.3442
       1       0      13       6      1.2994      0.8721
       0       0      15       2      1.3216      3.4109
       2       1       1      12      1.3293      1.9719
       0       1      14       6      1.3302      0.4304
       2      -2      10       6      1.3340      0.1815
       1       2       2      12      1.3381      0.0800
       1       1      12      12      1.3789      3.0371
       2       1       4      12      1.3880      3.3754
       2      -2     -11       6      1.4358      3.0557
       1       2       5      12      1.4458      1.5668
       2       1       7      12      1.7720      2.6708
       1       0      16       6      2.2109      2.6911
       1       2       8      12      2.3792      3.1509
       3      -3       0       6      2.4464      3.3145
       2      -2      13       6      3.3203      0.9079
       3      -3       3       6      3.9598      2.2755
       3      -3      -3       6      3.9598      2.2755
       0       0       3       2     17.2598      2.7168
       1      -1      -1       6      4.8480      2.1709
       0       0       6       2      4.5255      0.4144
       1      -1       2       6      4.4736      0.5257
       1       0       4       6      3.4430      3.8217
       0       1       5       6      2.9557      1.6612
       0       0       9       2      2.2032      1.2092
       1      -1      -7       6      2.1933      3.0489
       1      -1       8       6      1.9173      3.5506
       1       1       0       6      1.9038      3.7565
       1       1       3      12      1.7815      2.5518
       2      -2       1       6      1.5462      2.0652
       1       0      10       6      1.5341      0.0083
       1       1       6      12      1.5278      0.1855
       2       0       2       6      1.5246      0.2848
       0       0      12       2      1.4605      3.2114
       0       2       4       6      1.4506      3.5910
       1      -1      11       6      1.4123      3.2804
       2      -2      -5       6      1.4063      1.6110
       1       1       9      12      1.3283      1.2081
       0       2       7       6      1.3273      2.8488
       2      -2      -8       6      1.3038      3.3442
       1       0      13       6      1.2994      0.8721
       0       0      15       2      1.3216      3.4109
       2       1       1      12      1.3293      1.9719
       0       1      14       6      1.3302      0.4304
       2      -2      10       6      1.3340      0.1815
       1       2       2      12      1.3381      0.0800
       1       1      12      12      1.3789      3.0371
       2       1       4      12      1.3880      3.3754
       2      -2     -11       6      1.4358      3.0557
       1       2       5      12      1.4458      1.5668
       2       1       7      12      1.7720      2.6708
       1       0      16       6      2.2109      2.6911
       1       2       8      12      2.3792      3.1509
       3      -3       0       6      2.4464      3.3145
       2      -2      13       6      3.3203      0.9079
       3      -3       3       6      3.9598      2.2755
       3      -3      -3       6      3.9598      2.2755
       0       0       3       2     17.2598      2.7168
       1      -1      -1       6      4.8480      2.1709
       0       0       6       2      4.5255      0.4144
       1      -1       2       6      4.4736      0.5257
       1       0       4       6      3.4430      3.8217
       0       1       5       6      2.9557      1.6612
       0       0       9       2      2.2032      1.2092
       1      -1      -7       6      2.1933      3.0489
       1      -1       8       6      1.9173      3.5506
       1       1       0       6      1.9038      3.7565
       1       1       3      12      1.7815      2.5518
       2      -2       1       6      1.5462      2.0652
       1       0      10       6      1.5341      0.0083
       1       1       6      12      1.5278      0.1855
       2       0       2       6      1.5246      0.2848
       0       0      12       2      1.4605      3.2114
       0       2       4       6      1.4506      3.5910
       1      -1      11       6      1.4123      3.2804
       2      -2      -5       6      1.4063      1.6110
       1       1       9      12      1.3283      1.2081
       0       2       7       6      1.3273      2.8488
       2      -2      -8       6      1.3038      3.3442
       1       0      13       6      1.2994      0.8721
       0       0      15       2      1.3216      3.4109
       2       1       1      12      1.3293      1.9719
       0       1      14       6      1.3302      0.4304
       2      -2      10       6      1.3340      0.1815
       1       2       2      12      1.3381      0.0800
       1       1      12      12      1.3789      3.0371
       2       1       4      12      1.3880      3.3754
       2      -2     -11       6      1.4358      3.0557
       1       2       5      12      1.4458      1.5668
       2       1       7      12      1.7720      2.6708
       1       0      16       6      2.2109      2.6911
       1       2       8      12      2.3792      3.1509
       3      -3       0       6      2.4464      3.3145
       2      -2      13       6      3.3203      0.9079
       3      -3       3       6      3.9598      2.2755
       3      -3      -3       6      3.9598      2.2755
       0       0       3       2     17.2598      2.7168
       1      -1      -1       6      4.8480      2.1709
       0       0       6       2      4.5255      0.4144
       1      -1       2       6      4.4736      0.5257
       1       0       4       6      3.4430      3.8217
       0       1       5       6      2.9557      1.6612
       0       0       9       2      2.2032      1.2092
       1      -1      -7       6      2.1933      3.0489
       1      -1       8       6      1.9173      3.5506
       1       1       0       6      1.9038      3.7565
       1       1       3      12      1.7815      2.5518
       2      -2       1       6      1.5462      2.0652
       1       0      10       6      1.5341      0.0083
       1       1       6      12      1.5278      0.1855
       2       0       2       6      1.5246      0.2848
       0       0      12       2      1.4605      3.2114
       0       2       4       6      1.4506      3.5910
       1      -1      11       6      1.4123      3.2804
       2      -2      -5       6      1.4063      1.6110
       1       1       9      12      1.3283      1.2081
       0       2       7       6      1.3273      2.8488
       2      -2      -8       6      1.3038      3.3442
       1       0      13       6      1.2994      0.8721
       0       0      15       2      1.3216      3.4109
       2       1       1      12      1.3293      1.9719
       0       1      14       6      1.3302      0.4304
       2      -2      10       6      1.3340      0.1815
       1       2       2      12      1.3381      0.0800
       1       1      12      12      1.3789      3.0371
       2       1       4      12      1.3880      3.3754
       2      -2     -11       6      1.4358      3.0557
       1       2       5      12      1.4458      1.5668
       2       1       7      12      1.7720      2.6708
       1       0      16       6      2.2109      2.6911
       1       2       8      12      2.3792      3.1509
       3      -3       0       6      2.4464      3.3145
       2      -2      13       6      3.3203      0.9079
       3      -3       3       6      3.9598      2.2755
       3      -3      -3       6      3.9598      2.2755
       0       0       3       2     17.2598      2.7168
       1      -1      -1       6      4.8480      2.1709
       0       0       6       2      4.5255      0.4144
       1      -1       2       6      4.4736      0.5257
       1       0       4       6      3.4430      3.8217
       0       1       5       6      2.9557      1.6612
       0       0       9       2      2.2032      1.2092
       1      -1      -7       6      2.1933      3.0489
       1      -1       8       6      1.9173      3.5506
       1       1       0       6      1.9038      3.7565
       1       1       3      12      1.7815      2.5518
       2      -2       1       6      1.5462      2.0652
       1       0      10       6      1.5341      0.0083
       1       1       6      12      1.5278      0.1855
       2       0       2       6      1.5246      0.2848
       0       0      12       2      1.4605      3.2114
       0       2       4       6      1.4506      3.5910
       1      -1      11       6      1.4123      3.2804
       2      -2      -5       6      1.4063      1.6110
       1       1       9      12      1.3283      1.2081
       0       2       7       6      1.3273      2.8488
       2      -2      -8       6      1.3038      3.3442
       1       0      13       6      1.2994      0.8721
       0       0      15       2      1.3216      3.4109
       2       1       1      12      1.3293      1.9719
       0       1      14       6      1.3302      0.4304
       2      -2      10       6      1.3340      0.1815
       1       2       2      12      1.3381      0.0800
       1       1      12      12      1.3789      3.0371
       2       1       4      12      1.3880      3.3754
       2      -2     -11       6      1.4358      3.0557
       1       2       5      12      1.4458      1.5668
       2       1       7      12      1.7720      2.6708
       1       0      16       6      2.2109      2.6911
       1       2       8      12      2.3792      3.1509
       3      -3       0       6      2.4464      3.3145
       2      -2      13       6      3.3203      0.9079
       3      -3       3       6      3.9598      2.2755
       3      -3      -3       6      3.9598      2.2755
       0       0       3       2     17.2598      2.7168
       1      -1      -1       6      4.8480      2.1709
       0       0       6       2      4.5255      0.4144
       1      -1       2       6      4.4736      0.5257
       1       0       4       6      3.4430      3.8217
       0       1       5       6      2.9557      1.6612
       0       0       9       2      2.2032      1.2092
       1      -1      -7       6      2.1933      3.0489
       1      -1       8       6      1.9173      3.5506
       1       1       0       6      1.9038      3.7565
       1       1       3      12      1.7815      2.5518
       2      -2       1       6      1.5462      2.0652
       1       0      10       6      1.5341      0.0083
       1       1       6      12      1.5278      0.1855
       2       0       2       6      1.5246      0.2848
       0       0      12       2      1.4605      3.2114
       0       2       4       6      1.4506      3.5910
       1      -1      11       6      1.4123      3.2804
       2      -2      -5       6      1.4063      1.6110
       1       1       9      12      1.3283      1.2081
       0       2       7       6      1.3273      2.8488
       2      -2      -8       6      1.3038      3.3442
       1       0      13       6      1.2994      0.8721
       0       0      15       2      1.3216      3.4109
       2       1       1      12      1.3293      1.9719
       0       1      14       6      1.3302      0.4304
       2      -2      10       6      1.3340      0.1815
       1       2       2      12      1.3381      0.0800
       1       1      12      12      1.3789      3.0371
       2       1       4      12      1.3880      3.3754
       2      -2     -11       6      1.4358      3.0557
       1       2       5      12      1.4458      1.5668
       2       1       7      12      1.7720      2.6708
       1       0      16       6      2.2109      2.6911
       1       2       8      12      2.3792      3.1509
       3      -3       0       6      2.4464      3.3145
       2      -2      13       6      3.3203      0.9079
       3      -3       3       6      3.9598      2.2755
       3      -3      -3       6      3.9598      2.2755
       0       0       3       2     17.2598      2.7168
       1      -1      -1       6      4.8480      2.1709
       0       0       6       2      4.5255      0.4144
       1      -1       2       6      4.4736      0.5257
       1       0       4       6      3.4430      3.8217
       0       1       5       6      2.9557      1.6612
       0       0       9       2      2.2032      1.2092
       1      -1      -7       6      2.1933      3.0489
       1      -1       8       6      1.9173      3.5506
       1       1       0       6      1.9038      3.7565
       1       1       3      12      1.7815      2.5518
       2      -2       1       6      1.5462      2.0652
       1       0      10       6      1.5341      0.0083
       1       1       6      12      1.5278      0.1855
       2       0       2       6      1.5246      0.2848
       0       0      12       2      1.4605      3.2114
       0       2       4       6      1.4506      3.5910
       1      -1      11       6      1.4123      3.2804
       2      -2      -5       6      1.4063      1.6110
       1       1       9      12      1.3283      1.2081
       0       2       7       6      1.3273      2.8488
       2      -2      -8       6      1.3038      3.3442
       1       0      13       6      1.2994      0.8721
       0       0      15       2      1.3216      3.4109
       2       1       1      12      1.3293      1.9719
       0       1      14       6      1.3302      0.4304
       2      -2      10       6      1.3340      0.1815
       1       2       2      12      1.3381      0.0800
       1       1      12      12      1.3789      3.0371
       2       1       4      12      1.3880      3.3754
       2      -2     -11       6      1.4358      3.0557
       1       2       5      12      1.4458      1.5668
       2       1       7      12      1.7720      2.6708
       1       0      16       6      2.2109      2.6911
       1       2       8      12      2.3792      3.1509
       3      -3       0       6      2.4464      3.3145
       2      -2      13       6      3.3203      0.9079
       3      -3       3       6      3.9598      2.2755
       3      -3      -3       6      3.9598      2.2755
       0       0       3       2     17.2598      2.7168
       1      -1      -1       6      4.8480      2.1709
       0       0       6       2      4.5255      0.4144
       1      -1       2       6      4.4736      0.5257
       1       0       4       6      3.4430      3.8217
       0       1       5       6      2.9557      1.6612
       0       0       9       2      2.2032      1.2092
       1      -1      -7       6      2.1933      3.0489
       1      -1       8       6      1.9173      3.5506
       1       1       0       6      1.9038      3.7565
       1       1       3      12      1.7815      2.5518
       2      -2       1       6      1.5462      2.0652
       1       0      10       6      1.5341      0.0083
       1       1       6      12      1.5278      0.1855
       2       0       2       6      1.5246      0.2848
       0       0      12       2      1.4605      3.2114
       0       2       4       6      1.4506      3.5910
       1      -1      11       6      1.4123      3.2804
       2      -2      -5       6      1.4063      1.6110
       1       1       9      12      1.3283      1.2081
       0       2       7       6      1.3273      2.8488
       2      -2      -8       6      1.3038      3.3442
       1       0      13       6      1.2994      0.8721
       0       0      15       2      1.3216      3.4109
       2       1       1      12      1.3293      1.9719
       0       1      14       6      1.3302      0.4304
       2      -2      10       6      1.3340      0.1815
       1       2       2      12      1.3381      0.0800
       1       1      12      12      1.3789      3.0371
       2       1       4      12      1.3880      3.3754
       2      -2     -11       6      1.4358      3.0557
       1       2       5      12      1.4458      1.5668
       2       1       7      12      1.7720      2.6708
       1       0      16       6      2.2109      2.6911
       1       2       8      12      2.3792      3.1509
       3      -3       0       6      2.4464      3.3145
       2      -2      13       6      3.3203      0.9079
       3      -3       3       6      3.9598      2.2755
       3      -3      -3       6      3.9598      2.2755
       0       0       3       2     17.2598      2.7168
       1      -1      -1       6      4.8480      2.1709
       0       0       6       2      4.5255      0.4144
       1      -1       2       6      4.4736      0.5257
       1       0       4       6      3.4430      3.8217
       0       1       5       6      2.9557      1.6612
       0       0       9       2      2.2032      1.2092
       1      -1      -7       6      2.1933      3.0489
       1      -1       8       6      1.9173      3.5506
       1       1       0       6      1.9038      3.7565
       1       1       3      12      1.7815      2.5518
       2      -2       1       6      1.5462      2.0652
       1       0      10       6      1.5341      0.0083
       1       1       6      12      1.5278      0.1855
       2       0       2       6      1.5246      0.2848
       0       0      12       2      1.4605      3.2114
       0       2       4       6      1.4506      3.5910
       1      -1      11       6      1.4123      3.2804
       2      -2      -5       6      1.4063      1.6110
       1       1       9      12      1.3283      1.2081
       0       2       7       6      1.3273      2.8488
       2      -2      -8       6      1.3038      3.3442
       1       0      13       6      1.2994      0.8721
       0       0      15       2      1.3216      3.4109
       2       1       1      12      1.3293      1.9719
       0       1      14       6      1.3302      0.4304
       2      -2      10       6      1.3340      0.1815
       1       2       2      12      1.3381      0.0800
       1       1      12      12      1.3789      3.0371
       2       1       4      12      1.3880      3.3754
       2      -2     -11       6      1.4358      3.0557
       1       2       5      12      1.4458      1.5668
       2       1       7      12      1.7720      2.6708
       1       0      16       6      2.2109      2.6911
       1       2       8      12      2.3792      3.1509
       3      -3       0       6      2.4464      3.3145
       2      -2      13       6      3.3203      0.9079
       3      -3       3       6      3.9598      2.2755
       3      -3      -3       6      3.9598      2.2755
       0       0       3       2     17.2598      2.7168
       1      -1      -1       6      4.8480      2.1709
       0       0       6       2      4.5255      0.4144
       1      -1       2       6      4.4736      0.5257
       1       0       4       6      3.4430      3.8217
       0       1       5       6      2.9557      1.6612
       0       0       9       2      2.2032      1.2092
       1      -1      -7       6      2.1933      3.0489
       1      -1       8       6      1.9173      3.5506
       1       1       0       6      1.9038      3.7565
       1       1       3      12      1.7815      2.5518
       2      -2       1       6      1.5462      2.0652
       1       0      10       6      1.5341      0.0083
       1       1       6      12      1.5278      0.1855
       2       0       2       6      1.5246      0.2848
       0       0      12       2      1.4605      3.2114
       0       2       4       6      1.4506      3.5910
       1      -1      11       6      1.4123      3.2804
       2      -2      -5       6      1.4063      1.6110
       1       1       9      12      1.3283      1.2081
       0       2       7       6      1.3273      2.8488
       2      -2      -8       6      1.3038      3.3442
       1       0      13       6      1.2994      0.8721
       0       0      15       2      1.3216      3.4109
       2       1       1      12      1.3293      1.9719
       0       1      14       6      1.3302      0.4304
       2      -2      10       6      1.3340      0.1815
       1       2       2      12      1.3381      0.0800
       1       1      12      12      1.3789      3.0371
       2       1       4      12      1.3880      3.3754
       2      -2     -11       6      1.4358      3.0557
       1       2       5      12      1.4458      1.5668
       2       1       7      12      1.7720      2.6708
       1       0      16       6      2.2109      2.6911
       1       2       8      12      2.3792      3.1509
       3      -3       0       6      2.4464      3.3145
       2      -2      13       6      3.3203      0.9079
       3      -3       3       6      3.9598      2.2755
       3      -3      -3       6      3.9598      2.2755
       0       0       3       2     17.2598      2.7168
       1      -1      -1       6      4.8480      2.1709
       0       0       6       2      4.5255      0.4144
       1      -1       2       6      4.4736      0.5257
       1       0       4       6      3.4430      3.8217
       0       1       5       6      2.9557      1.6612
       0       0       9       2      2.2032      1.2092
       1      -1      -7       6      2.1933      3.0489
       1      -1       8       6      1.9173      3.5506
       1       1       0       6      1.9038      3.7565
       1       1       3      12      1.7815      2.5518
       2      -2       1       6      1.5462      2.0652
       1       0      10       6      1.5341      0.0083
       1       1       6      12      1.5278      0.1855
       2       0       2       6      1.5246      0.2848
       0       0      12       2      1.4605      3.2114
       0       2       4       6      1.4506      3.5910
       1      -1      11       6      1.4123      3.2804
       2      -2      -5       6      1.4063      1.6110
       1       1       9      12      1.3283      1.2081
       0       2       7       6      1.3273      2.8488
       2      -2      -8       6      1.3038      3.3442
       1       0      13       6      1.2994      0.8721
       0       0      15       2      1.3216      3.4109
       2       1       1      12      1.3293      1.9719
       0       1      14       6      1.3302      0.4304
       2      -2      10       6      1.3340      0.1815
       1       2       2      12      1.3381      0.0800
       1       1      12      12      1.3789      3.0371
       2       1       4      12      1.3880      3.3754
       2      -2     -11       6      1.4358      3.0557
       1       2       5      12      1.4458      1.5668
       2       1       7      12      1.7720      2.6708
       1       0      16       6      2.2109      2.6911
       1       2       8      12      2.3792      3.1509
       3      -3       0       6      2.4464      3.3145
       2      -2      13       6      3.3203      0.9079
       3      -3       3       6      3.9598      2.2755
       3      -3      -3       6      3.9598      2.2755
       0       0       3       2     17.2598      2.7168
       1      -1      -1       6      4.8480      2.1709
       0       0       6       2      4.5255      0.4144
       1      -1       2       6      4.4736      0.5257
       1       0       4       6      3.4430      3.8217
       0       1       5       6      2.9557      1.6612
       0       0       9       2      2.2032      1.2092
       1      -1      -7       6      2.1933      3.0489
       1      -1       8       6      1.9173      3.5506
       1       1       0       6      1.9038      3.7565
       1       1       3      12      1.7815      2.5518
       2      -2       1       6      1.5462      2.0652
       1       0      10       6      1.5341      0.0083
       1       1       6      12      1.5278      0.1855
       2       0       2       6      1.5246      0.2848
       0       0      12       2      1.4605      3.2114
       0       2       4       6      1.4506      3.5910
       1      -1      11       6      1.4123      3.2804
       2      -2      -5       6      1.4063      1.6110
       1       1       9      12      1.3283      1.2081
       0       2       7       6      1.3273      2.8488
       2      -2      -8       6      1.3038      3.3442
       1       0      13       6      1.2994      0.8721
       0       0      15       2      1.3216      3.4109
       2       1       1      12      1.3293      1.9719
       0       1      14       6      1.3302      0.4304
       2      -2      10       6      1.3340      0.1815
       1       2       2      12      1.3381      0.0800
       1       1      12      12      1.3789      3.0371
       2       1       4      12      1.3880      3.3754
       2      -2     -11       6      1.4358      3.0557
       1       2       5      12      1.4458      1.5668
       2       1       7      12      1.7720      2.6708
       1       0      16       6      2.2109      2.6911
       1       2       8      12      2.3792      3.1509
       3      -3       0       6      2.4464      3.3145
       2      -2      13       6      3.3203      0.9079
       3      -3       3       6      3.9598      2.2755
       3      -3      -3       6      3.9598      2.2755
       0       0       3       2     17.2598      2.7168
       1      -1      -1       6      4.8480      2.1709
       0       0       6       2      4.5255      0.4144
       1      -1       2       6      4.4736      0.5257
       1       0       4       6      3.4430      3.8217
       0       1       5       6      2.9557      1.6612
       0       0       9       2      2.2032      1.2092
       1      -1      -7       6      2.1933      3.0489
       1      -1       8       6      1.9173      3.5506
       1       1       0       6      1.9038      3.7565
       1       1       3      12      1.7815      2.5518
       2      -2       1       6      1.5462      2.0652
       1       0      10       6      1.5341      0.0083
       1       1       6      12      1.5278      0.1855
       2       0       2       6      1.5246      0.2848
       0       0      12       2      1.4605      3.2114
       0       2       4       6      1.4506      3.5910
       1      -1      11       6      1.4123      3.2804
       2      -2      -5       6      1.4063      1.6110
       1       1       9      12      1.3283      1.2081
       0       2       7       6      1.3273      2.8488
       2      -2      -8       6      1.3038      3.3442
       1       0      13       6      1.2994      0.8721
       0       0      15       2      1.3216      3.4109
       2       1       1      12      1.3293      1.9719
       0       1      14       6      1.3302      0.4304
       2      -2      10       6      1.3340      0.1815
       1       2       2      12      1.3381      0.0800
       1       1      12      12      1.3789      3.0371
       2       1       4      12      1.3880      3.3754
       2      -2     -11       6      1.4358      3.0557
       1       2       5      12      1.4458      1.5668
       2       1       7      12      1.7720      2.6708
       1       0      16       6      2.2109      2.6911
       1       2       8      12      2.3792      3.1509
       3      -3       0       6      2.4464      3.3145
       2      -2      13       6      3.3203      0.9079
       3      -3       3       6      3.9598      2.2755
       3      -3      -3       6      3.9598      2.2755
       0       0       3       2     17.2598      2.7168
       1      -1      -1       6      4.8480      2.1708
       0       0       6       2      4.5255      0.4144
       1      -1       2       6      4.4736      0.5257
       1       0       4       6      3.4430      3.8217
       0       1       5       6      2.9557      1.6612
       0       0       9       2      2.2032      1.2092
       1      -1      -7       6      2.1933      3.0489
       1      -1       8       6      1.9173      3.5506
       1       1       0       6      1.9038      3.7566
       1       1       3      12      1.7815      2.5517
       2      -2       1       6      1.5462      2.0652
       1       0      10       6      1.5341      0.0083
       1       1       6      12      1.5278      0.1855
       2       0       2       6      1.5246      0.2848
       0       0      12       2      1.4605      3.2114
       0       2       4       6      1.4506      3.5910
       1      -1      11       6      1.4123      3.2804
       2      -2      -5       6      1.4063      1.6110
       1       1       9      12      1.3283      1.2081
       0       2       7       6      1.3273      2.8488
       2      -2      -8       6      1.3038      3.3442
       1       0      13       6      1.2994      0.8721
       0       0      15       2      1.3216      3.4109
       2       1       1      12      1.3293      1.9718
       0       1      14       6      1.3302      0.4304
       2      -2      10       6      1.3340      0.1815
       1       2       2      12      1.3381      0.0799
       1       1      12      12      1.3789      3.0371
       2       1       4      12      1.3880      3.3754
       2      -2     -11       6      1.4358      3.0557
       1       2       5      12      1.4458      1.5668
       2       1       7      12      1.7720      2.6707
       1       0      16       6      2.2109      2.6912
       1       2       8      12      2.3792      3.1509
       3      -3       0       6      2.4464      3.3146
       2      -2      13       6      3.3203      0.9078
       3      -3       3       6      3.9598      2.2754
       3      -3      -3       6      3.9598      2.2754
       0       0       3       2     17.2598      2.7185
       1      -1      -1       6      4.8480      2.1724
       0       0       6       2      4.5255      0.4144
       1      -1       2       6      4.4736      0.5256
       1       0       4       6      3.4430      3.8217
       0       1       5       6      2.9557      1.6627
       0       0       9       2      2.2032      1.2107
       1      -1      -7       6      2.1933      3.0504
       1      -1       8       6      1.9173      3.5507
       1       1       0       6      1.9038      3.7567
       1       1       3      12      1.7815      2.5532
       2      -2       1       6      1.5462      2.0666
       1       0      10       6      1.5341      0.0084
       1       1       6      12      1.5278      0.1853
       2       0       2       6      1.5246      0.2846
       0       0      12       2      1.4605      3.2116
       0       2       4       6      1.4506      3.5912
       1      -1      11       6      1.4123      3.2818
       2      -2      -5       6      1.4063      1.6124
       1       1       9      12      1.3283      1.2095
       0       2       7       6      1.3273      2.8502
       2      -2      -8       6      1.3038      3.3444
       1       0      13       6      1.2994      0.8734
       0       0      15       2      1.3216      3.4122
       2       1       1      12      1.3293      1.9731
       0       1      14       6      1.3302      0.4306
       2      -2      10       6      1.3340      0.1818
       1       2       2      12      1.3381      0.0797
       1       1      12      12      1.3789      3.0373
       2       1       4      12      1.3880      3.3757
       2      -2     -11       6      1.4358      3.0569
       1       2       5      12      1.4458      1.5681
       2       1       7      12      1.7720      2.6720
       1       0      16       6      2.2109      2.6914
       1       2       8      12      2.3792      3.1512
       3      -3       0       6      2.4464      3.3149
       2      -2      13       6      3.3203      0.9090
       3      -3       3       6      3.9598      2.2767
       3      -3      -3       6      3.9598      2.2767
       0       0       3       2     17.2598      2.7168
       1      -1      -1       6      4.8480      2.1708
       0       0       6       2      4.5255      0.4144
       1      -1       2       6      4.4736      0.5257
       1       0       4       6      3.4430      3.8216
       0       1       5       6      2.9557      1.6612
       0       0       9       2      2.2032      1.2092
       1      -1      -7       6      2.1933      3.0489
       1      -1       8       6      1.9173      3.5505
       1       1       0       6      1.9038      3.7565
       1       1       3      12      1.7815      2.5517
       2      -2       1       6      1.5462      2.0652
       1       0      10       6      1.5341      0.0082
       1       1       6      12      1.5278      0.1855
       2       0       2       6      1.5246      0.2848
       0       0      12       2      1.4605      3.2114
       0       2       4       6      1.4506      3.5910
       1      -1      11       6      1.4123      3.2804
       2      -2      -5       6      1.4063      1.6110
       1       1       9      12      1.3283      1.2081
       0       2       7       6      1.3273      2.8488
       2      -2      -8       6      1.3038      3.3441
       1       0      13       6      1.2994      0.8721
       0       0      15       2      1.3216      3.4109
       2       1       1      12      1.3293      1.9718
       0       1      14       6      1.3302      0.4303
       2      -2      10       6      1.3340      0.1815
       1       2       2      12      1.3381      0.0800
       1       1      12      12      1.3789      3.0370
       2       1       4      12      1.3880      3.3753
       2      -2     -11       6      1.4358      3.0556
       1       2       5      12      1.4458      1.5668
       2       1       7      12      1.7720      2.6707
       1       0      16       6      2.2109      2.6911
       1       2       8      12      2.3792      3.1508
       3      -3       0       6      2.4464      3.3145
       2      -2      13       6      3.3203      0.9078
       3      -3       3       6      3.9598      2.2754
       3      -3      -3       6      3.9598      2.2754
       0       0       3       2     17.2598      2.7207
       1      -1      -1       6      4.8480      2.1696
       0       0       6       2      4.5255      0.4119
       1      -1       2       6      4.4736      0.5254
       1       0       4       6      3.4430      3.8205
       0       1       5       6      2.9557      1.6553
       0       0       9       2      2.2032      1.1999
       1      -1      -7       6      2.1933      3.0565
       1      -1       8       6      1.9173      3.5465
       1       1       0       6      1.9038      3.7565
       1       1       3      12      1.7815      2.5552
       2      -2       1       6      1.5462      2.0641
       1       0      10       6      1.5341      0.0143
       1       1       6      12      1.5278      0.1833
       2       0       2       6      1.5246      0.2845
       0       0      12       2      1.4605      3.2031
       0       2       4       6      1.4506      3.5900
       1      -1      11       6      1.4123      3.2902
       2      -2      -5       6      1.4063      1.6058
       1       1       9      12      1.3283      1.1998
       0       2       7       6      1.3273      2.8557
       2      -2      -8       6      1.3038      3.3405
       1       0      13       6      1.2994      0.8622
       0       0      15       2      1.3216      3.4208
       2       1       1      12      1.3293      1.9709
       0       1      14       6      1.3302      0.4403
       2      -2      10       6      1.3340      0.1869
       1       2       2      12      1.3381      0.0798
       1       1      12      12      1.3789      3.0296
       2       1       4      12      1.3880      3.3745
       2      -2     -11       6      1.4358      3.0644
       1       2       5      12      1.4458      1.5622
       2       1       7      12      1.7720      2.6769
       1       0      16       6      2.2109      2.6794
       1       2       8      12      2.3792      3.1476
       3      -3       0       6      2.4464      3.3145
       2      -2      13       6      3.3203      0.8990
       3      -3       3       6      3.9598      2.2782
       3      -3      -3       6      3.9598      2.2782
       0       0       3       2     17.2598      2.7168
       1       0       1       6      4.8510      2.1709
       0       0       6       2      4.5255      0.4144
       0       1       2       6      4.4762      0.5258
       1      -1      -4       6      3.4445      3.8217
       0       1       5       6      2.9567      1.6612
       0       0       9       2      2.2032      1.2092
       1       0       7       6      2.1938      3.0489
       0       1       8       6      1.9177      3.5506
       1       1       0       6      1.9048      3.7567
       1       1       3      12      1.7823      2.5519
       0       2       1       6      1.5469      2.0653
       1       0      10       6      1.5343      0.0082
       1       1       6      12      1.5282      0.1857
       2       0       2       6      1.5252      0.2850
       0       0      12       2      1.4605      3.2114
       2      -2       4       6      1.4510      3.5912
       1      -1      11       6      1.4124      3.2805
       2       0       5       6      1.4067      1.6110
       1       1       9      12      1.3285      1.2081
       2      -2       7       6      1.3275      2.8490
       2       0       8       6      1.3039      3.3444
       1       0      13       6      1.2994      0.8721
       0       0      15       2      1.3216      3.4109
       2       1       1      12      1.3289      1.9720
       1      -1      14       6      1.3301      0.4303
       2      -2      10       6      1.3338      0.1814
       1       2       2      12      1.3376      0.0803
       1       1      12      12      1.3785      3.0372
       2       1       4      12      1.3872      3.3757
       2      -2     -11       6      1.4352      3.0559
       1       2       5      12      1.4446      1.5669
       2       1       7      12      1.7684      2.6710
       1       0      16       6      2.2096      2.6912
       1       2       8      12      2.3681      3.1512
       3      -3       0       6      2.4307      3.3150
       2      -2      13       6      3.3011      0.9078
       3      -3       3       6      3.8856      2.2757
       3      -3      -3       6      3.8856      2.2757
       0       0       3       2     17.2715      2.7169
       1       0       1       6      4.8481      2.1709
       0       0       6       2      4.5284      0.4145
       1      -1       2       6      4.4739      0.5257
       1      -1      -4       6      3.4437      3.8217
       0       1       5       6      2.9565      1.6612
       0       0       9       2      2.2045      1.2092
       1      -1      -7       6      2.1941      3.0490
       1      -1       8       6      1.9180      3.5506
       1       1       0       6      1.9038      3.7565
       1       1       3      12      1.7815      2.5518
       0       2       1       6      1.5462      2.0652
       1       0      10       6      1.5346      0.0081
       1       1       6      12      1.5279      0.1856
       2      -2      -2       6      1.5246      0.2848
       0       0      12       2      1.4610      3.2116
       2      -2       4       6      1.4506      3.5910
       1      -1      11       6      1.4127      3.2806
       2       0       5       6      1.4063      1.6110
       1       1       9      12      1.3285      1.2081
       2      -2       7       6      1.3274      2.8489
       2       0       8       6      1.3039      3.3443
       1       0      13       6      1.2994      0.8721
       0       0      15       2      1.3212      3.4113
       2       1       1      12      1.3293      1.9719
       0       1      14       6      1.3298      0.4302
       2      -2      10       6      1.3338      0.1814
       1       2       2      12      1.3381      0.0800
       1       1      12      12      1.3784      3.0372
       2       1       4      12      1.3880      3.3754
       2      -2     -11       6      1.4352      3.0559
       1       2       5      12      1.4457      1.5669
       2       1       7      12      1.7712      2.6708
       1       0      16       6      2.2012      2.6914
       1       2       8      12      2.3761      3.1509
       3      -3       0       6      2.4464      3.3145
       2      -2      13       6      3.2953      0.9078
       3      -3       3       6      3.9575      2.2755
       3      -3      -3       6      3.9575      2.2755
       0       0       3       2     17.2601      2.7238
       1      -1      -1       6      4.8483      2.1743
       0       0       6       2      4.5256      0.4091
       1      -1       2       6      4.4739      0.5217
       1       0       4       6      3.4432      3.8259
       0       1       5       6      2.9558      1.6616
       0       0       9       2      2.2033      1.2074
       1      -1      -7       6      2.1934      3.0581
       1      -1       8       6      1.9174      3.5572
       1       1       0       6      1.9039      3.7659
       1       1       3      12      1.7815      2.5584
       2      -2       1       6      1.5463      2.0692
       1       0      10       6      1.5341      0.0243
       1       1       6      12      1.5278      0.1719
       2       0       2       6      1.5247      0.2724
       0       0      12       2      1.4605      3.2191
       2      -2       4       6      1.4506      3.6035
       0       1      11       6      1.4123      3.2917
       2      -2      -5       6      1.4063      1.6126
       1       1       9      12      1.3283      1.2081
       0       2       7       6      1.3274      2.8587
       2      -2      -8       6      1.3038      3.3583
       1       0      13       6      1.2994      0.8716
       0       0      15       2      1.3215      3.4238
       2       1       1      12      1.3293      1.9777
       1      -1      14       6      1.3302      0.4555
       2      -2      10       6      1.3340      0.2037
       1       2       2      12      1.3381      0.0610
       1       1      12      12      1.3788      3.0517
       2       1       4      12      1.3880      3.3944
       2      -2     -11       6      1.4357      3.0684
       1       2       5      12      1.4457      1.5709
       2       1       7      12      1.7716      2.6825
       1       0      16       6      2.2105      2.7056
       1       2       8      12      2.3781      3.1710
       3      -3       0       6      2.4449      3.3368
       2      -2      13       6      3.3178      0.9105
       3      -3       3       6      3.9527      2.2857
       3      -3      -3       6      3.9527      2.2857
       0       0       3       2     17.2601      2.7238
       1      -1      -1       6      4.8483      2.1743
       0       0       6       2      4.5256      0.4091
       1      -1       2       6      4.4739      0.5217
       1       0       4       6      3.4432      3.8259
       0       1       5       6      2.9558      1.6616
       0       0       9       2      2.2033      1.2074
       1      -1      -7       6      2.1934      3.0581
       1      -1       8       6      1.9174      3.5572
       1       1       0       6      1.9039      3.7659
       1       1       3      12      1.7815      2.5584
       2      -2       1       6      1.5463      2.0692
       1       0      10       6      1.5341      0.0243
       1       1       6      12      1.5278      0.1719
       2       0       2       6      1.5247      0.2724
       0       0      12       2      1.4605      3.2191
       2      -2       4       6      1.4506      3.6035
       0       1      11       6      1.4123      3.2917
       2      -2      -5       6      1.4063      1.6126
       1       1       9      12      1.3283      1.2081
       0       2       7       6      1.3274      2.8587
       2      -2      -8       6      1.3038      3.3583
       1       0      13       6      1.2994      0.8716
       0       0      15       2      1.3215      3.4238
       2       1       1      12      1.3293      1.9777
       1      -1      14       6      1.3302      0.4555
       2      -2      10       6      1.3340      0.2037
       1       2       2      12      1.3381      0.0610
       1       1      12      12      1.3788      3.0517
       2       1       4      12      1.3880      3.3944
       2      -2     -11       6      1.4357      3.0684
       1       2       5      12      1.4457      1.5709
       2       1       7      12      1.7716      2.6825
       1       0      16       6      2.2105      2.7056
       1       2       8      12      2.3781      3.1710
       3      -3       0       6      2.4449      3.3368
       2      -2      13       6      3.3178      0.9105
       3      -3       3       6      3.9527      2.2857
       3      -3      -3       6      3.9527      2.2857
       0       0       3       2     17.2601      2.7238
       1      -1      -1       6      4.8483      2.1743
       0       0       6       2      4.5256      0.4091
       1      -1       2       6      4.4739      0.5217
       1       0       4       6      3.4432      3.8259
       0       1       5       6      2.9558      1.6616
       0       0       9       2      2.2033      1.2074
       1      -1      -7       6      2.1934      3.0581
       1      -1       8       6      1.9174      3.5572
       1       1       0       6      1.9039      3.7659
       1       1       3      12      1.7815      2.5584
       2      -2       1       6      1.5463      2.0692
       1       0      10       6      1.5341      0.0243
       1       1       6      12      1.5278      0.1719
       2       0       2       6      1.5247      0.2724
       0       0      12       2      1.4605      3.2191
       2      -2       4       6      1.4506      3.6035
       0       1      11       6      1.4123      3.2917
       2      -2      -5       6      1.4063      1.6126
       1       1       9      12      1.3283      1.2081
       0       2       7       6      1.3274      2.8587
       2      -2      -8       6      1.3038      3.3583
       1       0      13       6      1.2994      0.8716
       0       0      15       2      1.3215      3.4238
       2       1       1      12      1.3293      1.9777
       1      -1      14       6      1.3302      0.4555
       2      -2      10       6      1.3340      0.2037
       1       2       2      12      1.3381      0.0610
       1       1      12      12      1.3788      3.0517
       2       1       4      12      1.3880      3.3944
       2      -2     -11       6      1.4357      3.0684
       1       2       5      12      1.4457      1.5709
       2       1       7      12      1.7716      2.6825
       1       0      16       6      2.2105      2.7056
       1       2       8      12      2.3781      3.1710
       3      -3       0       6      2.4449      3.3368
       2      -2      13       6      3.3178      0.9105
       3      -3       3       6      3.9527      2.2857
       3      -3      -3       6      3.9527      2.2857
       0       0       3       2     17.2601      2.7238
       1      -1      -1       6      4.8483      2.1743
       0       0       6       2      4.5256      0.4091
       1      -1       2       6      4.4739      0.5217
       1       0       4       6      3.4432      3.8259
       0       1       5       6      2.9558      1.6616
       0       0       9       2      2.2033      1.2074
       1      -1      -7       6      2.1934      3.0581
       1      -1       8       6      1.9174      3.5572
       1       1       0       6      1.9039      3.7659
       1       1       3      12      1.7815      2.5584
       2      -2       1       6      1.5463      2.0692
       1       0      10       6      1.5341      0.0243
       1       1       6      12      1.5278      0.1719
       2       0       2       6      1.5247      0.2724
       0       0      12       2      1.4605      3.2191
       2      -2       4       6      1.4506      3.6035
       0       1      11       6      1.4123      3.2917
       2      -2      -5       6      1.4063      1.6126
       1       1       9      12      1.3283      1.2081
       0       2       7       6      1.3274      2.8587
       2      -2      -8       6      1.3038      3.3583
       1       0      13       6      1.2994      0.8716
       0       0      15       2      1.3215      3.4238
       2       1       1      12      1.3293      1.9777
       1      -1      14       6      1.3302      0.4555
       2      -2      10       6      1.3340      0.2037
       1       2       2      12      1.3381      0.0610
       1       1      12      12      1.3788      3.0517
       2       1       4      12      1.3880      3.3944
       2      -2     -11       6      1.4357      3.0684
       1       2       5      12      1.4457      1.5709
       2       1       7      12      1.7716      2.6825
       1       0      16       6      2.2105      2.7056
       1       2       8      12      2.3781      3.1710
       3      -3       0       6      2.4449      3.3368
       2      -2      13       6      3.3178      0.9105
       3      -3       3       6      3.9527      2.2857
       3      -3      -3       6      3.9527      2.2857
       0       0       3       2     17.2601      2.7238
       1      -1      -1       6      4.8483      2.1743
       0       0       6       2      4.5256      0.4091
       1      -1       2       6      4.4739      0.5217
       1       0       4       6      3.4432      3.8259
       0       1       5       6      2.9558      1.6616
       0       0       9       2      2.2033      1.2074
       1      -1      -7       6      2.1934      3.0581
       1      -1       8       6      1.9174      3.5572
       1       1       0       6      1.9039      3.7659
       1       1       3      12      1.7815      2.5584
       2      -2       1       6      1.5463      2.0692
       1       0      10       6      1.5341      0.0243
       1       1       6      12      1.5278      0.1719
       2       0       2       6      1.5247      0.2724
       0       0      12       2      1.4605      3.2191
       2      -2       4       6      1.4506      3.6035
       0       1      11       6      1.4123      3.2917
       2      -2      -5       6      1.4063      1.6126
       1       1       9      12      1.3283      1.2081
       0       2       7       6      1.3274      2.8587
       2      -2      -8       6      1.3038      3.3583
       1       0      13       6      1.2994      0.8716
       0       0      15       2      1.3215      3.4238
       2       1       1      12      1.3293      1.9777
       1      -1      14       6      1.3302      0.4555
       2      -2      10       6      1.3340      0.2037
       1       2       2      12      1.3381      0.0610
       1       1      12      12      1.3788      3.0517
       2       1       4      12      1.3880      3.3944
       2      -2     -11       6      1.4357      3.0684
       1       2       5      12      1.4457      1.5709
       2       1       7      12      1.7716      2.6825
       1       0      16       6      2.2105      2.7056
       1       2       8      12      2.3781      3.1710
       3      -3       0       6      2.4449      3.3368
       2      -2      13       6      3.3178      0.9105
       3      -3       3       6      3.9527      2.2857
       3      -3      -3       6      3.9527      2.2857
       0       0       3       2     17.2601      2.7238
       1      -1      -1       6      4.8483      2.1743
       0       0       6       2      4.5256      0.4091
       1      -1       2       6      4.4739      0.5217
       1       0       4       6      3.4432      3.8259
       0       1       5       6      2.9558      1.6616
       0       0       9       2      2.2033      1.2074
       1      -1      -7       6      2.1934      3.0581
       1      -1       8       6      1.9174      3.5572
       1       1       0       6      1.9039      3.7659
       1       1       3      12      1.7815      2.5584
       2      -2       1       6      1.5463      2.0692
       1       0      10       6      1.5341      0.0243
       1       1       6      12      1.5278      0.1719
       2       0       2       6      1.5247      0.2724
       0       0      12       2      1.4605      3.2191
       2      -2       4       6      1.4506      3.6035
       0       1      11       6      1.4123      3.2917
       2      -2      -5       6      1.4063      1.6126
       1       1       9      12      1.3283      1.2081
       0       2       7       6      1.3274      2.8587
       2      -2      -8       6      1.3038      3.3583
       1       0      13       6      1.2994      0.8716
       0       0      15       2      1.3215      3.4238
       2       1       1      12      1.3293      1.9777
       1      -1      14       6      1.3302      0.4555
       2      -2      10       6      1.3340      0.2037
       1       2       2      12      1.3381      0.0610
       1       1      12      12      1.3788      3.0517
       2       1       4      12      1.3880      3.3944
       2      -2     -11       6      1.4357      3.0684
       1       2       5      12      1.4457      1.5709
       2       1       7      12      1.7716      2.6825
       1       0      16       6      2.2105      2.7056
       1       2       8      12      2.3781      3.1710
       3      -3       0       6      2.4449      3.3368
       2      -2      13       6      3.3178      0.9105
       3      -3       3       6      3.9527      2.2857
       3      -3      -3       6      3.9527      2.2857
       0       0       3       2     17.2601      2.7238
       1      -1      -1       6      4.8483      2.1743
       0       0       6       2      4.5256      0.4091
       1      -1       2       6      4.4739      0.5217
       1       0       4       6      3.4432      3.8259
       0       1       5       6      2.9558      1.6616
       0       0       9       2      2.2033      1.2074
       1      -1      -7       6      2.1934      3.0581
       1      -1       8       6      1.9174      3.5572
       1       1       0       6      1.9039      3.7659
       1       1       3      12      1.7815      2.5584
       2      -2       1       6      1.5463      2.0692
       1       0      10       6      1.5341      0.0243
       1       1       6      12      1.5278      0.1719
       2       0       2       6      1.5247      0.2724
       0       0      12       2      1.4605      3.2191
       2      -2       4       6      1.4506      3.6035
       0       1      11       6      1.4123      3.2917
       2      -2      -5       6      1.4063      1.6126
       1       1       9      12      1.3283      1.2081
       0       2       7       6      1.3274      2.8587
       2      -2      -8       6      1.3038      3.3583
       1       0      13       6      1.2994      0.8716
       0       0      15       2      1.3215      3.4238
       2       1       1      12      1.3293      1.9777
       1      -1      14       6      1.3302      0.4555
       2      -2      10       6      1.3340      0.2037
       1       2       2      12      1.3381      0.0610
       1       1      12      12      1.3788      3.0517
       2       1       4      12      1.3880      3.3944
       2      -2     -11       6      1.4357      3.0684
       1       2       5      12      1.4457      1.5709
       2       1       7      12      1.7716      2.6825
       1       0      16       6      2.2105      2.7056
       1       2       8      12      2.3781      3.1710
       3      -3       0       6      2.4449      3.3368
       2      -2      13       6      3.3178      0.9105
       3      -3       3       6      3.9527      2.2857
       3      -3      -3       6      3.9527      2.2857
       0       0       3       2     17.2601      2.7238
       1      -1      -1       6      4.8483      2.1743
       0       0       6       2      4.5256      0.4091
       1      -1       2       6      4.4739      0.5217
       1       0       4       6      3.4432      3.8259
       0       1       5       6      2.9558      1.6616
       0       0       9       2      2.2033      1.2074
       1      -1      -7       6      2.1934      3.0581
       1      -1       8       6      1.9174      3.5572
       1       1       0       6      1.9039      3.7659
       1       1       3      12      1.7815      2.5584
       2      -2       1       6      1.5463      2.0692
       1       0      10       6      1.5341      0.0243
       1       1       6      12      1.5278      0.1719
       2       0       2       6      1.5247      0.2724
       0       0      12       2      1.4605      3.2191
       2      -2       4       6      1.4506      3.6035
       0       1      11       6      1.4123      3.2917
       2      -2      -5       6      1.4063      1.6126
       1       1       9      12      1.3283      1.2081
       0       2       7       6      1.3274      2.8587
       2      -2      -8       6      1.3038      3.3583
       1       0      13       6      1.2994      0.8716
       0       0      15       2      1.3215      3.4238
       2       1       1      12      1.3293      1.9777
       1      -1      14       6      1.3302      0.4555
       2      -2      10       6      1.3340      0.2037
       1       2       2      12      1.3381      0.0610
       1       1      12      12      1.3788      3.0517
       2       1       4      12      1.3880      3.3944
       2      -2     -11       6      1.4357      3.0684
       1       2       5      12      1.4457      1.5709
       2       1       7      12      1.7716      2.6825
       1       0      16       6      2.2105      2.7056
       1       2       8      12      2.3781      3.1710
       3      -3       0       6      2.4449      3.3368
       2      -2      13       6      3.3178      0.9105
       3      -3       3       6      3.9527      2.2857
       3      -3      -3       6      3.9527      2.2857
       0       0       3       2     17.2601      2.7238
       1      -1      -1       6      4.8483      2.1743
       0       0       6       2      4.5256      0.4091
       1      -1       2       6      4.4739      0.5217
       1       0       4       6      3.4432      3.8259
       0       1       5       6      2.9558      1.6616
       0       0       9       2      2.2033      1.2074
       1      -1      -7       6      2.1934      3.0581
       1      -1       8       6      1.9174      3.5572
       1       1       0       6      1.9039      3.7659
       1       1       3      12      1.7815      2.5584
       2      -2       1       6      1.5463      2.0692
       1       0      10       6      1.5341      0.0243
       1       1       6      12      1.5278      0.1719
       2       0       2       6      1.5247      0.2724
       0       0      12       2      1.4605      3.2191
       2      -2       4       6      1.4506      3.6035
       0       1      11       6      1.4123      3.2917
       2      -2      -5       6      1.4063      1.6126
       1       1       9      12      1.3283      1.2081
       0       2       7       6      1.3274      2.8587
       2      -2      -8       6      1.3038      3.3583
       1       0      13       6      1.2994      0.8716
       0       0      15       2      1.3215      3.4238
       2       1       1      12      1.3293      1.9777
       1      -1      14       6      1.3302      0.4555
       2      -2      10       6      1.3340      0.2037
       1       2       2      12      1.3381      0.0610
       1       1      12      12      1.3788      3.0517
       2       1       4      12      1.3880      3.3944
       2      -2     -11       6      1.4357      3.0684
       1       2       5      12      1.4457      1.5709
       2       1       7      12      1.7716      2.6825
       1       0      16       6      2.2105      2.7056
       1       2       8      12      2.3781      3.1710
       3      -3       0       6      2.4449      3.3368
       2      -2      13       6      3.3178      0.9105
       3      -3       3       6      3.9527      2.2857
       3      -3      -3       6      3.9527      2.2857
       0       0       3       2     17.2601      2.7238
       1      -1      -1       6      4.8483      2.1743
       0       0       6       2      4.5256      0.4091
       1      -1       2       6      4.4739      0.5217
       1       0       4       6      3.4432      3.8259
       0       1       5       6      2.9558      1.6616
       0       0       9       2      2.2033      1.2074
       1      -1      -7       6      2.1934      3.0581
       1      -1       8       6      1.9174      3.5572
       1       1       0       6      1.9039      3.7659
       1       1       3      12      1.7815      2.5584
       2      -2       1       6      1.5463      2.0692
       1       0      10       6      1.5341      0.0243
       1       1       6      12      1.5278      0.1719
       2       0       2       6      1.5247      0.2724
       0       0      12       2      1.4605      3.2191
       2      -2       4       6      1.4506      3.6035
       0       1      11       6      1.4123      3.2917
       2      -2      -5       6      1.4063      1.6126
       1       1       9      12      1.3283      1.2081
       0       2       7       6      1.3274      2.8587
       2      -2      -8       6      1.3038      3.3583
       1       0      13       6      1.2994      0.8716
       0       0      15       2      1.3215      3.4238
       2       1       1      12      1.3293      1.9777
       1      -1      14       6      1.3302      0.4555
       2      -2      10       6      1.3340      0.2037
       1       2       2      12      1.3381      0.0610
       1       1      12      12      1.3788      3.0517
       2       1       4      12      1.3880      3.3944
       2      -2     -11       6      1.4357      3.0684
       1       2       5      12      1.4457      1.5709
       2       1       7      12      1.7716      2.6825
       1       0      16       6      2.2105      2.7056
       1       2       8      12      2.3781      3.1710
       3      -3       0       6      2.4449      3.3368
       2      -2      13       6      3.3178      0.9105
       3      -3       3       6      3.9527      2.2857
       3      -3      -3       6      3.9527      2.2857
       0       0       3       2     17.2601      2.7238
       1      -1      -1       6      4.8483      2.1743
       0       0       6       2      4.5256      0.4091
       1      -1       2       6      4.4739      0.5217
       1       0       4       6      3.4432      3.8259
       0       1       5       6      2.9558      1.6616
       0       0       9       2      2.2033      1.2074
       1      -1      -7       6      2.1934      3.0581
       1      -1       8       6      1.9174      3.5572
       1       1       0       6      1.9039      3.7659
       1       1       3      12      1.7815      2.5584
       2      -2       1       6      1.5463      2.0692
       1       0      10       6      1.5341      0.0243
       1       1       6      12      1.5278      0.1719
       2       0       2       6      1.5247      0.2724
       0       0      12       2      1.4605      3.2191
       2      -2       4       6      1.4506      3.6035
       0       1      11       6      1.4123      3.2917
       2      -2      -5       6      1.4063      1.6126
       1       1       9      12      1.3283      1.2081
       0       2       7       6      1.3274      2.8587
       2      -2      -8       6      1.3038      3.3583
       1       0      13       6      1.2994      0.8716
       0       0      15       2      1.3215      3.4238
       2       1       1      12      1.3293      1.9777
       1      -1      14       6      1.3302      0.4555
       2      -2      10       6      1.3340      0.2037
       1       2       2      12      1.3381      0.0610
       1       1      12      12      1.3788      3.0517
       2       1       4      12      1.3880      3.3944
       2      -2     -11       6      1.4357      3.0684
       1       2       5      12      1.4457      1.5709
       2       1       7      12      1.7716      2.6825
       1       0      16       6      2.2105      2.7056
       1       2       8      12      2.3781      3.1710
       3      -3       0       6      2.4449      3.3368
       2      -2      13       6      3.3178      0.9105
       3      -3       3       6      3.9527      2.2857
       3      -3      -3       6      3.9527      2.2857
       0       0       3       2     17.2601      2.7238
       1      -1      -1       6      4.8483      2.1743
       0       0       6       2      4.5256      0.4091
       1      -1       2       6      4.4739      0.5217
       1       0       4       6      3.4432      3.8259
       0       1       5       6      2.9558      1.6616
       0       0       9       2      2.2033      1.2074
       1      -1      -7       6      2.1934      3.0581
       1      -1       8       6      1.9174      3.5572
       1       1       0       6      1.9039      3.7659
       1       1       3      12      1.7815      2.5584
       2      -2       1       6      1.5463      2.0692
       1       0      10       6      1.5341      0.0243
       1       1       6      12      1.5278      0.1719
       2       0       2       6      1.5247      0.2724
       0       0      12       2      1.4605      3.2191
       2      -2       4       6      1.4506      3.6035
       0       1      11       6      1.4123      3.2917
       2      -2      -5       6      1.4063      1.6126
       1       1       9      12      1.3283      1.2081
       0       2       7       6      1.3274      2.8587
       2      -2      -8       6      1.3038      3.3583
       1       0      13       6      1.2994      0.8716
       0       0      15       2      1.3215      3.4238
       2       1       1      12      1.3293      1.9777
       1      -1      14       6      1.3302      0.4555
       2      -2      10       6      1.3340      0.2037
       1       2       2      12      1.3381      0.0610
       1       1      12      12      1.3788      3.0517
       2       1       4      12      1.3880      3.3944
       2      -2     -11       6      1.4357      3.0684
       1       2       5      12      1.4457      1.5709
       2       1       7      12      1.7716      2.6825
       1       0      16       6      2.2105      2.7056
       1       2       8      12      2.3781      3.1710
       3      -3       0       6      2.4449      3.3368
       2      -2      13       6      3.3178      0.9105
       3      -3       3       6      3.9527      2.2857
       3      -3      -3       6      3.9527      2.2857
       0       0       3       2     17.2601      2.7238
       1      -1      -1       6      4.8483      2.1743
       0       0       6       2      4.5256      0.4091
       1      -1       2       6      4.4739      0.5217
       1       0       4       6      3.4432      3.8259
       0       1       5       6      2.9558      1.6616
       0       0       9       2      2.2033      1.2074
       1      -1      -7       6      2.1934      3.0581
       1      -1       8       6      1.9174      3.5572
       1       1       0       6      1.9039      3.7659
       1       1       3      12      1.7815      2.5584
       2      -2       1       6      1.5463      2.0692
       1       0      10       6      1.5341      0.0243
       1       1       6      12      1.5278      0.1719
       2       0       2       6      1.5247      0.2724
       0       0      12       2      1.4605      3.2191
       2      -2       4       6      1.4506      3.6035
       0       1      11       6      1.4123      3.2917
       2      -2      -5       6      1.4063      1.6126
       1       1       9      12      1.3283      1.2081
       0       2       7       6      1.3274      2.8587
       2      -2      -8       6      1.3038      3.3583
       1       0      13       6      1.2994      0.8716
       0       0      15       2      1.3215      3.4238
       2       1       1      12      1.3293      1.9777
       1      -1      14       6      1.3302      0.4555
       2      -2      10       6      1.3340      0.2037
       1       2       2      12      1.3381      0.0610
       1       1      12      12      1.3788      3.0517
       2       1       4      12      1.3880      3.3944
       2      -2     -11       6      1.4357      3.0684
       1       2       5      12      1.4457      1.5709
       2       1       7      12      1.7716      2.6825
       1       0      16       6      2.2105      2.7056
       1       2       8      12      2.3781      3.1710
       3      -3       0       6      2.4449      3.3368
       2      -2      13       6      3.3178      0.9105
       3      -3       3       6      3.9527      2.2857
       3      -3      -3       6      3.9527      2.2857
       0       0       3       2     17.2601      2.7238
       1      -1      -1       6      4.8483      2.1743
       0       0       6       2      4.5256      0.4091
       1      -1       2       6      4.4739      0.5217
       1       0       4       6      3.4432      3.8259
       0       1       5       6      2.9558      1.6616
       0       0       9       2      2.2033      1.2074
       1      -1      -7       6      2.1934      3.0581
       1      -1       8       6      1.9174      3.5572
       1       1       0       6      1.9039      3.7659
       1       1       3      12      1.7815      2.5584
       2      -2       1       6      1.5463      2.0692
       1       0      10       6      1.5341      0.0243
       1       1       6      12      1.5278      0.1719
       2       0       2       6      1.5247      0.2724
       0       0      12       2      1.4605      3.2191
       2      -2       4       6      1.4506      3.6035
       0       1      11       6      1.4123      3.2917
       2      -2      -5       6      1.4063      1.6126
       1       1       9      12      1.3283      1.2081
       0       2       7       6      1.3274      2.8587
       2      -2      -8       6      1.3038      3.3583
       1       0      13       6      1.2994      0.8716
       0       0      15       2      1.3215      3.4238
       2       1       1      12      1.3293      1.9777
       1      -1      14       6      1.3302      0.4555
       2      -2      10       6      1.3340      0.2037
       1       2       2      12      1.3381      0.0610
       1       1      12      12      1.3788      3.0517
       2       1       4      12      1.3880      3.3944
       2      -2     -11       6      1.4357      3.0684
       1       2       5      12      1.4457      1.5709
       2       1       7      12      1.7716      2.6825
       1       0      16       6      2.2105      2.7056
       1       2       8      12      2.3781      3.1710
       3      -3       0       6      2.4449      3.3368
       2      -2      13       6      3.3178      0.9105
       3      -3       3       6      3.9527      2.2857
       3      -3      -3       6      3.9527      2.2857
       0       0       3       2     17.2601      2.7238
       1      -1      -1       6      4.8483      2.1743
       0       0       6       2      4.5256      0.4091
       1      -1       2       6      4.4739      0.5217
       1       0       4       6      3.4432      3.8259
       0       1       5       6      2.9558      1.6616
       0       0       9       2      2.2033      1.2074
       1      -1      -7       6      2.1934      3.0581
       1      -1       8       6      1.9174      3.5572
       1       1       0       6      1.9039      3.7659
       1       1       3      12      1.7815      2.5584
       2      -2       1       6      1.5463      2.0692
       1       0      10       6      1.5341      0.0243
       1       1       6      12      1.5278      0.1719
       2       0       2       6      1.5247      0.2724
       0       0      12       2      1.4605      3.2191
       2      -2       4       6      1.4506      3.6035
       0       1      11       6      1.4123      3.2917
       2      -2      -5       6      1.4063      1.6126
       1       1       9      12      1.3283      1.2081
       0       2       7       6      1.3274      2.8587
       2      -2      -8       6      1.3038      3.3583
       1       0      13       6      1.2994      0.8716
       0       0      15       2      1.3215      3.4238
       2       1       1      12      1.3293      1.9777
       1      -1      14       6      1.3302      0.4555
       2      -2      10       6      1.3340      0.2037
       1       2       2      12      1.3381      0.0610
       1       1      12      12      1.3788      3.0517
       2       1       4      12      1.3880      3.3944
       2      -2     -11       6      1.4357      3.0684
       1       2       5      12      1.4457      1.5709
       2       1       7      12      1.7716      2.6825
       1       0      16       6      2.2105      2.7056
       1       2       8      12      2.3781      3.1710
       3      -3       0       6      2.4449      3.3368
       2      -2      13       6      3.3178      0.9105
       3      -3       3       6      3.9527      2.2857
       3      -3      -3       6      3.9527      2.2857
       0       0       3       2     17.2601      2.7238
       1      -1      -1       6      4.8483      2.1743
       0       0       6       2      4.5256      0.4091
       1      -1       2       6      4.4739      0.5217
       1       0       4       6      3.4432      3.8259
       0       1       5       6      2.9558      1.6616
       0       0       9       2      2.2033      1.2074
       1      -1      -7       6      2.1934      3.0581
       1      -1       8       6      1.9174      3.5572
       1       1       0       6      1.9039      3.7659
       1       1       3      12      1.7815      2.5584
       2      -2       1       6      1.5463      2.0692
       1       0      10       6      1.5341      0.0243
       1       1       6      12      1.5278      0.1719
       2       0       2       6      1.5247      0.2724
       0       0      12       2      1.4605      3.2191
       2      -2       4       6      1.4506      3.6035
       0       1      11       6      1.4123      3.2917
       2      -2      -5       6      1.4063      1.6126
       1       1       9      12      1.3283      1.2081
       0       2       7       6      1.3274      2.8587
       2      -2      -8       6      1.3038      3.3583
       1       0      13       6      1.2994      0.8716
       0       0      15       2      1.3215      3.4238
       2       1       1      12      1.3293      1.9777
       1      -1      14       6      1.3302      0.4555
       2      -2      10       6      1.3340      0.2037
       1       2       2      12      1.3381      0.0610
       1       1      12      12      1.3788      3.0517
       2       1       4      12      1.3880      3.3944
       2      -2     -11       6      1.4357      3.0684
       1       2       5      12      1.4457      1.5709
       2       1       7      12      1.7716      2.6825
       1       0      16       6      2.2105      2.7056
       1       2       8      12      2.3781      3.1710
       3      -3       0       6      2.4449      3.3368
       2      -2      13       6      3.3178      0.9105
       3      -3       3       6      3.9527      2.2857
       3      -3      -3       6      3.9527      2.2857
       0       0       3       2     17.2601      2.7238
       1      -1      -1       6      4.8483      2.1743
       0       0       6       2      4.5256      0.4091
       1      -1       2       6      4.4739      0.5217
       1       0       4       6      3.4432      3.8259
       0       1       5       6      2.9558      1.6616
       0       0       9       2      2.2033      1.2074
       1      -1      -7       6      2.1934      3.0581
       1      -1       8       6      1.9174      3.5572
       1       1       0       6      1.9039      3.7659
       1       1       3      12      1.7815      2.5584
       2      -2       1       6      1.5463      2.0692
       1       0      10       6      1.5341      0.0243
       1       1       6      12      1.5278      0.1719
       2       0       2       6      1.5247      0.2724
       0       0      12       2      1.4605      3.2191
       2      -2       4       6      1.4506      3.6035
       0       1      11       6      1.4123      3.2917
       2      -2      -5       6      1.4063      1.6126
       1       1       9      12      1.3283      1.2081
       0       2       7       6      1.3274      2.8587
       2      -2      -8       6      1.3038      3.3583
       1       0      13       6      1.2994      0.8716
       0       0      15       2      1.3215      3.4238
       2       1       1      12      1.3293      1.9777
       1      -1      14       6      1.3302      0.4555
       2      -2      10       6      1.3340      0.2037
       1       2       2      12      1.3381      0.0610
       1       1      12      12      1.3788      3.0517
       2       1       4      12      1.3880      3.3944
       2      -2     -11       6      1.4357      3.0684
       1       2       5      12      1.4457      1.5709
       2       1       7      12      1.7716      2.6825
       1       0      16       6      2.2105      2.7056
       1       2       8      12      2.3781      3.1710
       3      -3       0       6      2.4449      3.3368
       2      -2      13       6      3.3178      0.9105
       3      -3       3       6      3.9527      2.2857
       3      -3      -3       6      3.9527      2.2857
       0       0       3       2     17.2601      2.7238
       1      -1      -1       6      4.8483      2.1743
       0       0       6       2      4.5256      0.4091
       1      -1       2       6      4.4739      0.5217
       1       0       4       6      3.4432      3.8259
       0       1       5       6      2.9558      1.6616
       0       0       9       2      2.2033      1.2073
       1      -1      -7       6      2.1934      3.0581
       1      -1       8       6      1.9174      3.5572
       1       1       0       6      1.9039      3.7659
       1       1       3      12      1.7815      2.5583
       2      -2       1       6      1.5463      2.0691
       1       0      10       6      1.5341      0.0243
       1       1       6      12      1.5278      0.1718
       2       0       2       6      1.5247      0.2724
       0       0      12       2      1.4605      3.2191
       2      -2       4       6      1.4506      3.6036
       0       1      11       6      1.4123      3.2917
       2      -2      -5       6      1.4063      1.6126
       1       1       9      12      1.3283      1.2081
       0       2       7       6      1.3274      2.8587
       2      -2      -8       6      1.3038      3.3584
       1       0      13       6      1.2994      0.8715
       0       0      15       2      1.3215      3.4237
       2       1       1      12      1.3293      1.9777
       1      -1      14       6      1.3302      0.4555
       2      -2      10       6      1.3340      0.2038
       1       2       2      12      1.3381      0.0610
       1       1      12      12      1.3788      3.0517
       2       1       4      12      1.3880      3.3944
       2      -2     -11       6      1.4357      3.0683
       1       2       5      12      1.4457      1.5708
       2       1       7      12      1.7716      2.6824
       1       0      16       6      2.2105      2.7056
       1       2       8      12      2.3781      3.1710
       3      -3       0       6      2.4449      3.3369
       2      -2      13       6      3.3178      0.9104
       3      -3       3       6      3.9527      2.2856
       3      -3      -3       6      3.9527      2.2856
       0       0       3       2     17.2601      2.7254
       1      -1      -1       6      4.8483      2.1759
       0       0       6       2      4.5256      0.4090
       1      -1       2       6      4.4739      0.5217
       1       0       4       6      3.4432      3.8260
       0       1       5       6      2.9558      1.6631
       0       0       9       2      2.2033      1.2088
       1      -1      -7       6      2.1934      3.0596
       1      -1       8       6      1.9174      3.5573
       1       1       0       6      1.9039      3.7661
       1       1       3      12      1.7815      2.5598
       2      -2       1       6      1.5463      2.0706
       1       0      10       6      1.5341      0.0245
       1       1       6      12      1.5278      0.1717
       2       0       2       6      1.5247      0.2722
       0       0      12       2      1.4605      3.2193
       2      -2       4       6      1.4506      3.6037
       0       1      11       6      1.4123      3.2931
       2      -2      -5       6      1.4063      1.6140
       1       1       9      12      1.3283      1.2094
       0       2       7       6      1.3274      2.8600
       2      -2      -8       6      1.3038      3.3586
       1       0      13       6      1.2994      0.8728
       0       0      15       2      1.3215      3.4250
       2       1       1      12      1.3293      1.9789
       1      -1      14       6      1.3302      0.4558
       2      -2      10       6      1.3340      0.2040
       1       2       2      12      1.3381      0.0607
       1       1      12      12      1.3788      3.0520
       2       1       4      12      1.3880      3.3947
       2      -2     -11       6      1.4357      3.0696
       1       2       5      12      1.4457      1.5721
       2       1       7      12      1.7716      2.6836
       1       0      16       6      2.2105      2.7059
       1       2       8      12      2.3781      3.1713
       3      -3       0       6      2.4449      3.3372
       2      -2      13       6      3.3178      0.9116
       3      -3       3       6      3.9527      2.2868
       3      -3      -3       6      3.9527      2.2868
       0       0       3       2     17.2601      2.7238
       1      -1      -1       6      4.8483      2.1743
       0       0       6       2      4.5256      0.4091
       1      -1       2       6      4.4739      0.5217
       1       0       4       6      3.4432      3.8259
       0       1       5       6      2.9558      1.6616
       0       0       9       2      2.2033      1.2073
       1      -1      -7       6      2.1934      3.0581
       1      -1       8       6      1.9174      3.5572
       1       1       0       6      1.9039      3.7659
       1       1       3      12      1.7815      2.5583
       2      -2       1       6      1.5463      2.0691
       1       0      10       6      1.5341      0.0243
       1       1       6      12      1.5278      0.1719
       2       0       2       6      1.5247      0.2724
       0       0      12       2      1.4605      3.2190
       2      -2       4       6      1.4506      3.6035
       0       1      11       6      1.4123      3.2917
       2      -2      -5       6      1.4063      1.6126
       1       1       9      12      1.3283      1.2081
       0       2       7       6      1.3274      2.8587
       2      -2      -8       6      1.3038      3.3583
       1       0      13       6      1.2994      0.8715
       0       0      15       2      1.3215      3.4237
       2       1       1      12      1.3293      1.9776
       1      -1      14       6      1.3302      0.4554
       2      -2      10       6      1.3340      0.2037
       1       2       2      12      1.3381      0.0611
       1       1      12      12      1.3788      3.0517
       2       1       4      12      1.3880      3.3944
       2      -2     -11       6      1.4357      3.0683
       1       2       5      12      1.4457      1.5708
       2       1       7      12      1.7716      2.6824
       1       0      16       6      2.2105      2.7055
       1       2       8      12      2.3781      3.1709
       3      -3       0       6      2.4449      3.3368
       2      -2      13       6      3.3178      0.9104
       3      -3       3       6      3.9527      2.2856
       3      -3      -3       6      3.9527      2.2856
       0       0       3       2     17.2601      2.7276
       1      -1      -1       6      4.8483      2.1730
       0       0       6       2      4.5256      0.4065
       1      -1       2       6      4.4739      0.5215
       1       0       4       6      3.4432      3.8248
       0       1       5       6      2.9558      1.6557
       0       0       9       2      2.2033      1.1981
       1      -1      -7       6      2.1934      3.0657
       1      -1       8       6      1.9174      3.5531
       1       1       0       6      1.9039      3.7659
       1       1       3      12      1.7815      2.5618
       2      -2       1       6      1.5463      2.0680
       1       0      10       6      1.5341      0.0303
       1       1       6      12      1.5278      0.1696
       2       0       2       6      1.5247      0.2721
       0       0      12       2      1.4605      3.2107
       2      -2       4       6      1.4506      3.6025
       0       1      11       6      1.4123      3.3014
       2      -2      -5       6      1.4063      1.6074
       1       1       9      12      1.3283      1.1998
       0       2       7       6      1.3274      2.8655
       2      -2      -8       6      1.3038      3.3547
       1       0      13       6      1.2994      0.8617
       0       0      15       2      1.3215      3.4336
       2       1       1      12      1.3293      1.9767
       1      -1      14       6      1.3302      0.4655
       2      -2      10       6      1.3340      0.2091
       1       2       2      12      1.3381      0.0608
       1       1      12      12      1.3788      3.0442
       2       1       4      12      1.3880      3.3935
       2      -2     -11       6      1.4357      3.0770
       1       2       5      12      1.4457      1.5662
       2       1       7      12      1.7716      2.6885
       1       0      16       6      2.2105      2.6938
       1       2       8      12      2.3781      3.1677
       3      -3       0       6      2.4449      3.3368
       2      -2      13       6      3.3178      0.9017
       3      -3       3       6      3.9527      2.2884
       3      -3      -3       6      3.9527      2.2884
       0       0       3       2     17.2601      2.7238
       1      -1      -1       6      4.8513      2.1743
       0       0       6       2      4.5256      0.4091
       0       1       2       6      4.4764      0.5218
       1       0       4       6      3.4446      3.8260
       0       1       5       6      2.9569      1.6616
       0       0       9       2      2.2033      1.2074
       1      -1      -7       6      2.1939      3.0582
       1      -1       8       6      1.9177      3.5572
       1       1       0       6      1.9049      3.7661
       1       1       3      12      1.7824      2.5585
       2      -2       1       6      1.5469      2.0692
       1       0      10       6      1.5343      0.0243
       1       1       6      12      1.5283      0.1720
       2       0       2       6      1.5253      0.2726
       0       0      12       2      1.4605      3.2191
       0       2       4       6      1.4511      3.6037
       1      -1      11       6      1.4124      3.2918
       2      -2      -5       6      1.4067      1.6127
       1       1       9      12      1.3285      1.2081
       2      -2       7       6      1.3275      2.8589
       2      -2      -8       6      1.3039      3.3585
       1       0      13       6      1.2994      0.8716
       0       0      15       2      1.3215      3.4238
       2       1       1      12      1.3289      1.9778
       0       1      14       6      1.3301      0.4555
       2      -2      10       6      1.3337      0.2036
       1       2       2      12      1.3376      0.0613
       1       1      12      12      1.3785      3.0518
       2       1       4      12      1.3871      3.3947
       2      -2     -11       6      1.4351      3.0686
       1       2       5      12      1.4445      1.5709
       2       1       7      12      1.7680      2.6827
       1      -1     -16       6      2.2093      2.7056
       1       2       8      12      2.3670      3.1713
       0       3       0       6      2.4292      3.3372
       2      -2      13       6      3.2986      0.9104
       0       3       3       6      3.8788      2.2859
       3       0       3       6      3.8788      2.2859
       0       0       3       2     17.2718      2.7238
       1      -1      -1       6      4.8483      2.1743
       0       0       6       2      4.5285      0.4091
       1      -1       2       6      4.4742      0.5217
       1       0       4       6      3.4439      3.8259
       0       1       5       6      2.9566      1.6616
       0       0       9       2      2.2045      1.2074
       1       0       7       6      2.1941      3.0582
       0       1       8       6      1.9180      3.5573
       1       1       0       6      1.9039      3.7659
       1       1       3      12      1.7816      2.5584
       2      -2       1       6      1.5463      2.0692
       1       0      10       6      1.5346      0.0242
       1       1       6      12      1.5280      0.1719
       2       0       2       6      1.5247      0.2724
       0       0      12       2      1.4610      3.2192
       0       2       4       6      1.4507      3.6036
       1      -1      11       6      1.4127      3.2919
       2       0       5       6      1.4064      1.6126
       1       1       9      12      1.3285      1.2081
       2      -2       7       6      1.3274      2.8587
       2       0       8       6      1.3039      3.3584
       1       0      13       6      1.2994      0.8715
       0       0      15       2      1.3212      3.4242
       2       1       1      12      1.3293      1.9777
       0       1      14       6      1.3298      0.4553
       0       2      10       6      1.3338      0.2036
       1       2       2      12      1.3380      0.0610
       1       1      12      12      1.3783      3.0519
       2       1       4      12      1.3879      3.3944
       2       0      11       6      1.4351      3.0685
       1       2       5      12      1.4456      1.5709
       2       1       7      12      1.7709      2.6825
       1      -1     -16       6      2.2008      2.7058
       1       2       8      12      2.3750      3.1711
       3      -3       0       6      2.4449      3.3368
       0       2      13       6      3.2929      0.9104
       3      -3       3       6      3.9503      2.2857
       3      -3      -3       6      3.9503      2.2857
       0       0       3       2     17.2601      2.7230
       1      -1      -1       6      4.8482      2.1731
       0       0       6       2      4.5256      0.4086
       0       1       2       6      4.4738      0.5215
       1       0       4       6      3.4432      3.8260
       0       1       5       6      2.9558      1.6600
       0       0       9       2      2.2033      1.2055
       1      -1      -7       6      2.1934      3.0580
       1      -1       8       6      1.9174      3.5572
       1       1       0       6      1.9038      3.7664
       1       1       3      12      1.7815      2.5579
       2      -2       1       6      1.5462      2.0684
       1       0      10       6      1.5341      0.0256
       1       1       6      12      1.5278      0.1710
       2       0       2       6      1.5247      0.2717
       0       0      12       2      1.4605      3.2189
       0       2       4       6      1.4506      3.6041
       1      -1      11       6      1.4123      3.2922
       2      -2      -5       6      1.4063      1.6115
       1       1       9      12      1.3283      1.2068
       0       2       7       6      1.3273      2.8589
       2       0       8       6      1.3038      3.3589
       1       0      13       6      1.2994      0.8701
       0       0      15       2      1.3215      3.4245
       2       1       1      12      1.3293      1.9773
       0       1      14       6      1.3302      0.4576
       2      -2      10       6      1.3340      0.2053
       1       2       2      12      1.3381      0.0599
       1       1      12      12      1.3788      3.0520
       2       1       4      12      1.3880      3.3954
       2      -2     -11       6      1.4358      3.0691
       1       2       5      12      1.4458      1.5702
       2       1       7      12      1.7717      2.6831
       1       0      16       6      2.2105      2.7056
       1       2       8      12      2.3784      3.1719
       3      -3       0       6      2.4452      3.3381
       0       2      13       6      3.3183      0.9096
       0       3       3       6      3.9542      2.2860
       3       0       3       6      3.9542      2.2860
       0       0       3       2     17.2601      2.7230
       1      -1      -1       6      4.8482      2.1731
       0       0       6       2      4.5256      0.4086
       0       1       2       6      4.4738      0.5215
       1       0       4       6      3.4432      3.8260
       0       1       5       6      2.9558      1.6600
       0       0       9       2      2.2033      1.2055
       1      -1      -7       6      2.1934      3.0580
       1      -1       8       6      1.9174      3.5572
       1       1       0       6      1.9038      3.7664
       1       1       3      12      1.7815      2.5579
       2      -2       1       6      1.5462      2.0684
       1       0      10       6      1.5341      0.0256
       1       1       6      12      1.5278      0.1710
       2       0       2       6      1.5247      0.2717
       0       0      12       2      1.4605      3.2189
       0       2       4       6      1.4506      3.6041
       1      -1      11       6      1.4123      3.2922
       2      -2      -5       6      1.4063      1.6115
       1       1       9      12      1.3283      1.2068
       0       2       7       6      1.3273      2.8589
       2       0       8       6      1.3038      3.3589
       1       0      13       6      1.2994      0.8701
       0       0      15       2      1.3215      3.4245
       2       1       1      12      1.3293      1.9773
       0       1      14       6      1.3302      0.4576
       2      -2      10       6      1.3340      0.2053
       1       2       2      12      1.3381      0.0599
       1       1      12      12      1.3788      3.0520
       2       1       4      12      1.3880      3.3954
       2      -2     -11       6      1.4358      3.0691
       1       2       5      12      1.4458      1.5702
       2       1       7      12      1.7717      2.6831
       1       0      16       6      2.2105      2.7056
       1       2       8      12      2.3784      3.1719
       3      -3       0       6      2.4452      3.3381
       0       2      13       6      3.3183      0.9096
       0       3       3       6      3.9542      2.2860
       3       0       3       6      3.9542      2.2860
       0       0       3       2     17.2601      2.7230
       1      -1      -1       6      4.8482      2.1731
       0       0       6       2      4.5256      0.4086
       0       1       2       6      4.4738      0.5215
       1       0       4       6      3.4432      3.8260
       0       1       5       6      2.9558      1.6600
       0       0       9       2      2.2033      1.2055
       1      -1      -7       6      2.1934      3.0580
       1      -1       8       6      1.9174      3.5572
       1       1       0       6      1.9038      3.7664
       1       1       3      12      1.7815      2.5579
       2      -2       1       6      1.5462      2.0684
       1       0      10       6      1.5341      0.0256
       1       1       6      12      1.5278      0.1710
       2       0       2       6      1.5247      0.2717
       0       0      12       2      1.4605      3.2189
       0       2       4       6      1.4506      3.6041
       1      -1      11       6      1.4123      3.2922
       2      -2      -5       6      1.4063      1.6115
       1       1       9      12      1.3283      1.2068
       0       2       7       6      1.3273      2.8589
       2       0       8       6      1.3038      3.3589
       1       0      13       6      1.2994      0.8701
       0       0      15       2      1.3215      3.4245
       2       1       1      12      1.3293      1.9773
       0       1      14       6      1.3302      0.4576
       2      -2      10       6      1.3340      0.2053
       1       2       2      12      1.3381      0.0599
       1       1      12      12      1.3788      3.0520
       2       1       4      12      1.3880      3.3954
       2      -2     -11       6      1.4358      3.0691
       1       2       5      12      1.4458      1.5702
       2       1       7      12      1.7717      2.6831
       1       0      16       6      2.2105      2.7056
       1       2       8      12      2.3784      3.1719
       3      -3       0       6      2.4452      3.3381
       0       2      13       6      3.3183      0.9096
       0       3       3       6      3.9542      2.2860
       3       0       3       6      3.9542      2.2860
       0       0       3       2     17.2601      2.7230
       1      -1      -1       6      4.8482      2.1731
       0       0       6       2      4.5256      0.4086
       0       1       2       6      4.4738      0.5215
       1       0       4       6      3.4432      3.8260
       0       1       5       6      2.9558      1.6600
       0       0       9       2      2.2033      1.2055
       1      -1      -7       6      2.1934      3.0580
       1      -1       8       6      1.9174      3.5572
       1       1       0       6      1.9038      3.7664
       1       1       3      12      1.7815      2.5579
       2      -2       1       6      1.5462      2.0684
       1       0      10       6      1.5341      0.0256
       1       1       6      12      1.5278      0.1710
       2       0       2       6      1.5247      0.2717
       0       0      12       2      1.4605      3.2189
       0       2       4       6      1.4506      3.6041
       1      -1      11       6      1.4123      3.2922
       2      -2      -5       6      1.4063      1.6115
       1       1       9      12      1.3283      1.2068
       0       2       7       6      1.3273      2.8589
       2       0       8       6      1.3038      3.3589
       1       0      13       6      1.2994      0.8701
       0       0      15       2      1.3215      3.4245
       2       1       1      12      1.3293      1.9773
       0       1      14       6      1.3302      0.4576
       2      -2      10       6      1.3340      0.2053
       1       2       2      12      1.3381      0.0599
       1       1      12      12      1.3788      3.0520
       2       1       4      12      1.3880      3.3954
       2      -2     -11       6      1.4358      3.0691
       1       2       5      12      1.4458      1.5702
       2       1       7      12      1.7717      2.6831
       1       0      16       6      2.2105      2.7056
       1       2       8      12      2.3784      3.1719
       3      -3       0       6      2.4452      3.3381
       0       2      13       6      3.3183      0.9096
       0       3       3       6      3.9542      2.2860
       3       0       3       6      3.9542      2.2860
       0       0       3       2     17.2601      2.7230
       1      -1      -1       6      4.8482      2.1731
       0       0       6       2      4.5256      0.4086
       0       1       2       6      4.4738      0.5215
       1       0       4       6      3.4432      3.8260
       0       1       5       6      2.9558      1.6600
       0       0       9       2      2.2033      1.2055
       1      -1      -7       6      2.1934      3.0580
       1      -1       8       6      1.9174      3.5572
       1       1       0       6      1.9038      3.7664
       1       1       3      12      1.7815      2.5579
       2      -2       1       6      1.5462      2.0684
       1       0      10       6      1.5341      0.0256
       1       1       6      12      1.5278      0.1710
       2       0       2       6      1.5247      0.2717
       0       0      12       2      1.4605      3.2189
       0       2       4       6      1.4506      3.6041
       1      -1      11       6      1.4123      3.2922
       2      -2      -5       6      1.4063      1.6115
       1       1       9      12      1.3283      1.2068
       0       2       7       6      1.3273      2.8589
       2       0       8       6      1.3038      3.3589
       1       0      13       6      1.2994      0.8701
       0       0      15       2      1.3215      3.4245
       2       1       1      12      1.3293      1.9773
       0       1      14       6      1.3302      0.4576
       2      -2      10       6      1.3340      0.2053
       1       2       2      12      1.3381      0.0599
       1       1      12      12      1.3788      3.0520
       2       1       4      12      1.3880      3.3954
       2      -2     -11       6      1.4358      3.0691
       1       2       5      12      1.4458      1.5702
       2       1       7      12      1.7717      2.6831
       1       0      16       6      2.2105      2.7056
       1       2       8      12      2.3784      3.1719
       3      -3       0       6      2.4452      3.3381
       0       2      13       6      3.3183      0.9096
       0       3       3       6      3.9542      2.2860
       3       0       3       6      3.9542      2.2860
       0       0       3       2     17.2601      2.7230
       1      -1      -1       6      4.8482      2.1731
       0       0       6       2      4.5256      0.4086
       0       1       2       6      4.4738      0.5215
       1       0       4       6      3.4432      3.8260
       0       1       5       6      2.9558      1.6600
       0       0       9       2      2.2033      1.2055
       1      -1      -7       6      2.1934      3.0580
       1      -1       8       6      1.9174      3.5572
       1       1       0       6      1.9038      3.7664
       1       1       3      12      1.7815      2.5579
       2      -2       1       6      1.5462      2.0684
       1       0      10       6      1.5341      0.0256
       1       1       6      12      1.5278      0.1710
       2       0       2       6      1.5247      0.2717
       0       0      12       2      1.4605      3.2189
       0       2       4       6      1.4506      3.6041
       1      -1      11       6      1.4123      3.2922
       2      -2      -5       6      1.4063      1.6115
       1       1       9      12      1.3283      1.2068
       0       2       7       6      1.3273      2.8589
       2       0       8       6      1.3038      3.3589
       1       0      13       6      1.2994      0.8701
       0       0      15       2      1.3215      3.4245
       2       1       1      12      1.3293      1.9773
       0       1      14       6      1.3302      0.4576
       2      -2      10       6      1.3340      0.2053
       1       2       2      12      1.3381      0.0599
       1       1      12      12      1.3788      3.0520
       2       1       4      12      1.3880      3.3954
       2      -2     -11       6      1.4358      3.0691
       1       2       5      12      1.4458      1.5702
       2       1       7      12      1.7717      2.6831
       1       0      16       6      2.2105      2.7056
       1       2       8      12      2.3784      3.1719
       3      -3       0       6      2.4452      3.3381
       0       2      13       6      3.3183      0.9096
       0       3       3       6      3.9542      2.2860
       3       0       3       6      3.9542      2.2860
       0       0       3       2     17.2601      2.7230
       1      -1      -1       6      4.8482      2.1731
       0       0       6       2      4.5256      0.4086
       0       1       2       6      4.4738      0.5215
       1       0       4       6      3.4432      3.8260
       0       1       5       6      2.9558      1.6600
       0       0       9       2      2.2033      1.2055
       1      -1      -7       6      2.1934      3.0580
       1      -1       8       6      1.9174      3.5572
       1       1       0       6      1.9038      3.7664
       1       1       3      12      1.7815      2.5579
       2      -2       1       6      1.5462      2.0684
       1       0      10       6      1.5341      0.0256
       1       1       6      12      1.5278      0.1710
       2       0       2       6      1.5247      0.2717
       0       0      12       2      1.4605      3.2189
       0       2       4       6      1.4506      3.6041
       1      -1      11       6      1.4123      3.2922
       2      -2      -5       6      1.4063      1.6115
       1       1       9      12      1.3283      1.2068
       0       2       7       6      1.3273      2.8589
       2       0       8       6      1.3038      3.3589
       1       0      13       6      1.2994      0.8701
       0       0      15       2      1.3215      3.4245
       2       1       1      12      1.3293      1.9773
       0       1      14       6      1.3302      0.4576
       2      -2      10       6      1.3340      0.2053
       1       2       2      12      1.3381      0.0599
       1       1      12      12      1.3788      3.0520
       2       1       4      12      1.3880      3.3954
       2      -2     -11       6      1.4358      3.0691
       1       2       5      12      1.4458      1.5702
       2       1       7      12      1.7717      2.6831
       1       0      16       6      2.2105      2.7056
       1       2       8      12      2.3784      3.1719
       3      -3       0       6      2.4452      3.3381
       0       2      13       6      3.3183      0.9096
       0       3       3       6      3.9542      2.2860
       3       0       3       6      3.9542      2.2860
       0       0       3       2     17.2601      2.7230
       1      -1      -1       6      4.8482      2.1731
       0       0       6       2      4.5256      0.4086
       0       1       2       6      4.4738      0.5215
       1       0       4       6      3.4432      3.8260
       0       1       5       6      2.9558      1.6600
       0       0       9       2      2.2033      1.2055
       1      -1      -7       6      2.1934      3.0580
       1      -1       8       6      1.9174      3.5572
       1       1       0       6      1.9038      3.7664
       1       1       3      12      1.7815      2.5579
       2      -2       1       6      1.5462      2.0684
       1       0      10       6      1.5341      0.0256
       1       1       6      12      1.5278      0.1710
       2       0       2       6      1.5247      0.2717
       0       0      12       2      1.4605      3.2189
       0       2       4       6      1.4506      3.6041
       1      -1      11       6      1.4123      3.2922
       2      -2      -5       6      1.4063      1.6115
       1       1       9      12      1.3283      1.2068
       0       2       7       6      1.3273      2.8589
       2       0       8       6      1.3038      3.3589
       1       0      13       6      1.2994      0.8701
       0       0      15       2      1.3215      3.4245
       2       1       1      12      1.3293      1.9773
       0       1      14       6      1.3302      0.4576
       2      -2      10       6      1.3340      0.2053
       1       2       2      12      1.3381      0.0599
       1       1      12      12      1.3788      3.0520
       2       1       4      12      1.3880      3.3954
       2      -2     -11       6      1.4358      3.0691
       1       2       5      12      1.4458      1.5702
       2       1       7      12      1.7717      2.6831
       1       0      16       6      2.2105      2.7056
       1       2       8      12      2.3784      3.1719
       3      -3       0       6      2.4452      3.3381
       0       2      13       6      3.3183      0.9096
       0       3       3       6      3.9542      2.2860
       3       0       3       6      3.9542      2.2860
       0       0       3       2     17.2601      2.7230
       1      -1      -1       6      4.8482      2.1731
       0       0       6       2      4.5256      0.4086
       0       1       2       6      4.4738      0.5215
       1       0       4       6      3.4432      3.8260
       0       1       5       6      2.9558      1.6600
       0       0       9       2      2.2033      1.2055
       1      -1      -7       6      2.1934      3.0580
       1      -1       8       6      1.9174      3.5572
       1       1       0       6      1.9038      3.7664
       1       1       3      12      1.7815      2.5579
       2      -2       1       6      1.5462      2.0684
       1       0      10       6      1.5341      0.0256
       1       1       6      12      1.5278      0.1710
       2       0       2       6      1.5247      0.2717
       0       0      12       2      1.4605      3.2189
       0       2       4       6      1.4506      3.6041
       1      -1      11       6      1.4123      3.2922
       2      -2      -5       6      1.4063      1.6115
       1       1       9      12      1.3283      1.2068
       0       2       7       6      1.3273      2.8589
       2       0       8       6      1.3038      3.3589
       1       0      13       6      1.2994      0.8701
       0       0      15       2      1.3215      3.4245
       2       1       1      12      1.3293      1.9773
       0       1      14       6      1.3302      0.4576
       2      -2      10       6      1.3340      0.2053
       1       2       2      12      1.3381      0.0599
       1       1      12      12      1.3788      3.0520
       2       1       4      12      1.3880      3.3954
       2      -2     -11       6      1.4358      3.0691
       1       2       5      12      1.4458      1.5702
       2       1       7      12      1.7717      2.6831
       1       0      16       6      2.2105      2.7056
       1       2       8      12      2.3784      3.1719
       3      -3       0       6      2.4452      3.3381
       0       2      13       6      3.3183      0.9096
       0       3       3       6      3.9542      2.2860
       3       0       3       6      3.9542      2.2860
       0       0       3       2     17.2601      2.7230
       1      -1      -1       6      4.8482      2.1731
       0       0       6       2      4.5256      0.4086
       0       1       2       6      4.4738      0.5215
       1       0       4       6      3.4432      3.8260
       0       1       5       6      2.9558      1.6600
       0       0       9       2      2.2033      1.2055
       1      -1      -7       6      2.1934      3.0580
       1      -1       8       6      1.9174      3.5572
       1       1       0       6      1.9038      3.7664
       1       1       3      12      1.7815      2.5579
       2      -2       1       6      1.5462      2.0684
       1       0      10       6      1.5341      0.0256
       1       1       6      12      1.5278      0.1710
       2       0       2       6      1.5247      0.2717
       0       0      12       2      1.4605      3.2189
       0       2       4       6      1.4506      3.6041
       1      -1      11       6      1.4123      3.2922
       2      -2      -5       6      1.4063      1.6115
       1       1       9      12      1.3283      1.2068
       0       2       7       6      1.3273      2.8589
       2       0       8       6      1.3038      3.3589
       1       0      13       6      1.2994      0.8701
       0       0      15       2      1.3215      3.4245
       2       1       1      12      1.3293      1.9773
       0       1      14       6      1.3302      0.4576
       2      -2      10       6      1.3340      0.2053
       1       2       2      12      1.3381      0.0599
       1       1      12      12      1.3788      3.0520
       2       1       4      12      1.3880      3.3954
       2      -2     -11       6      1.4358      3.0691
       1       2       5      12      1.4458      1.5702
       2       1       7      12      1.7717      2.6831
       1       0      16       6      2.2105      2.7056
       1       2       8      12      2.3784      3.1719
       3      -3       0       6      2.4452      3.3381
       0       2      13       6      3.3183      0.9096
       0       3       3       6      3.9542      2.2860
       3       0       3       6      3.9542      2.2860
       0       0       3       2     17.2601      2.7230
       1      -1      -1       6      4.8482      2.1731
       0       0       6       2      4.5256      0.4086
       0       1       2       6      4.4738      0.5215
       1       0       4       6      3.4432      3.8260
       0       1       5       6      2.9558      1.6600
       0       0       9       2      2.2033      1.2055
       1      -1      -7       6      2.1934      3.0580
       1      -1       8       6      1.9174      3.5572
       1       1       0       6      1.9038      3.7664
       1       1       3      12      1.7815      2.5579
       2      -2       1       6      1.5462      2.0684
       1       0      10       6      1.5341      0.0256
       1       1       6      12      1.5278      0.1710
       2       0       2       6      1.5247      0.2717
       0       0      12       2      1.4605      3.2189
       0       2       4       6      1.4506      3.6041
       1      -1      11       6      1.4123      3.2922
       2      -2      -5       6      1.4063      1.6115
       1       1       9      12      1.3283      1.2068
       0       2       7       6      1.3273      2.8589
       2       0       8       6      1.3038      3.3589
       1       0      13       6      1.2994      0.8701
       0       0      15       2      1.3215      3.4245
       2       1       1      12      1.3293      1.9773
       0       1      14       6      1.3302      0.4576
       2      -2      10       6      1.3340      0.2053
       1       2       2      12      1.3381      0.0599
       1       1      12      12      1.3788      3.0520
       2       1       4      12      1.3880      3.3954
       2      -2     -11       6      1.4358      3.0691
       1       2       5      12      1.4458      1.5702
       2       1       7      12      1.7717      2.6831
       1       0      16       6      2.2105      2.7056
       1       2       8      12      2.3784      3.1719
       3      -3       0       6      2.4452      3.3381
       0       2      13       6      3.3183      0.9096
       0       3       3       6      3.9542      2.2860
       3       0       3       6      3.9542      2.2860
       0       0       3       2     17.2601      2.7230
       1      -1      -1       6      4.8482      2.1731
       0       0       6       2      4.5256      0.4086
       0       1       2       6      4.4738      0.5215
       1       0       4       6      3.4432      3.8260
       0       1       5       6      2.9558      1.6600
       0       0       9       2      2.2033      1.2055
       1      -1      -7       6      2.1934      3.0580
       1      -1       8       6      1.9174      3.5572
       1       1       0       6      1.9038      3.7664
       1       1       3      12      1.7815      2.5579
       2      -2       1       6      1.5462      2.0684
       1       0      10       6      1.5341      0.0256
       1       1       6      12      1.5278      0.1710
       2       0       2       6      1.5247      0.2717
       0       0      12       2      1.4605      3.2189
       0       2       4       6      1.4506      3.6041
       1      -1      11       6      1.4123      3.2922
       2      -2      -5       6      1.4063      1.6115
       1       1       9      12      1.3283      1.2068
       0       2       7       6      1.3273      2.8589
       2       0       8       6      1.3038      3.3589
       1       0      13       6      1.2994      0.8701
       0       0      15       2      1.3215      3.4245
       2       1       1      12      1.3293      1.9773
       0       1      14       6      1.3302      0.4576
       2      -2      10       6      1.3340      0.2053
       1       2       2      12      1.3381      0.0599
       1       1      12      12      1.3788      3.0520
       2       1       4      12      1.3880      3.3954
       2      -2     -11       6      1.4358      3.0691
       1       2       5      12      1.4458      1.5702
       2       1       7      12      1.7717      2.6831
       1       0      16       6      2.2105      2.7056
       1       2       8      12      2.3784      3.1719
       3      -3       0       6      2.4452      3.3381
       0       2      13       6      3.3183      0.9096
       0       3       3       6      3.9542      2.2860
       3       0       3       6      3.9542      2.2860
       0       0       3       2     17.2601      2.7230
       1      -1      -1       6      4.8482      2.1731
       0       0       6       2      4.5256      0.4086
       0       1       2       6      4.4738      0.5215
       1       0       4       6      3.4432      3.8260
       0       1       5       6      2.9558      1.6600
       0       0       9       2      2.2033      1.2055
       1      -1      -7       6      2.1934      3.0580
       1      -1       8       6      1.9174      3.5572
       1       1       0       6      1.9038      3.7664
       1       1       3      12      1.7815      2.5579
       2      -2       1       6      1.5462      2.0684
       1       0      10       6      1.5341      0.0256
       1       1       6      12      1.5278      0.1710
       2       0       2       6      1.5247      0.2717
       0       0      12       2      1.4605      3.2189
       0       2       4       6      1.4506      3.6041
       1      -1      11       6      1.4123      3.2922
       2      -2      -5       6      1.4063      1.6115
       1       1       9      12      1.3283      1.2068
       0       2       7       6      1.3273      2.8589
       2       0       8       6      1.3038      3.3589
       1       0      13       6      1.2994      0.8701
       0       0      15       2      1.3215      3.4245
       2       1       1      12      1.3293      1.9773
       0       1      14       6      1.3302      0.4576
       2      -2      10       6      1.3340      0.2053
       1       2       2      12      1.3381      0.0599
       1       1      12      12      1.3788      3.0520
       2       1       4      12      1.3880      3.3954
       2      -2     -11       6      1.4358      3.0691
       1       2       5      12      1.4458      1.5702
       2       1       7      12      1.7717      2.6831
       1       0      16       6      2.2105      2.7056
       1       2       8      12      2.3784      3.1719
       3      -3       0       6      2.4452      3.3381
       0       2      13       6      3.3183      0.9096
       0       3       3       6      3.9542      2.2860
       3       0       3       6      3.9542      2.2860
       0       0       3       2     17.2601      2.7230
       1      -1      -1       6      4.8482      2.1731
       0       0       6       2      4.5256      0.4086
       0       1       2       6      4.4738      0.5215
       1       0       4       6      3.4432      3.8260
       0       1       5       6      2.9558      1.6600
       0       0       9       2      2.2033      1.2055
       1      -1      -7       6      2.1934      3.0580
       1      -1       8       6      1.9174      3.5572
       1       1       0       6      1.9038      3.7664
       1       1       3      12      1.7815      2.5579
       2      -2       1       6      1.5462      2.0684
       1       0      10       6      1.5341      0.0256
       1       1       6      12      1.5278      0.1710
       2       0       2       6      1.5247      0.2717
       0       0      12       2      1.4605      3.2189
       0       2       4       6      1.4506      3.6041
       1      -1      11       6      1.4123      3.2922
       2      -2      -5       6      1.4063      1.6115
       1       1       9      12      1.3283      1.2068
       0       2       7       6      1.3273      2.8589
       2       0       8       6      1.3038      3.3589
       1       0      13       6      1.2994      0.8701
       0       0      15       2      1.3215      3.4245
       2       1       1      12      1.3293      1.9773
       0       1      14       6      1.3302      0.4576
       2      -2      10       6      1.3340      0.2053
       1       2       2      12      1.3381      0.0599
       1       1      12      12      1.3788      3.0520
       2       1       4      12      1.3880      3.3954
       2      -2     -11       6      1.4358      3.0691
       1       2       5      12      1.4458      1.5702
       2       1       7      12      1.7717      2.6831
       1       0      16       6      2.2105      2.7056
       1       2       8      12      2.3784      3.1719
       3      -3       0       6      2.4452      3.3381
       0       2      13       6      3.3183      0.9096
       0       3       3       6      3.9542      2.2860
       3       0       3       6      3.9542      2.2860
       0       0       3       2     17.2601      2.7230
       1      -1      -1       6      4.8482      2.1731
       0       0       6       2      4.5256      0.4086
       0       1       2       6      4.4738      0.5215
       1       0       4       6      3.4432      3.8260
       0       1       5       6      2.9558      1.6600
       0       0       9       2      2.2033      1.2055
       1      -1      -7       6      2.1934      3.0580
       1      -1       8       6      1.9174      3.5572
       1       1       0       6      1.9038      3.7664
       1       1       3      12      1.7815      2.5579
       2      -2       1       6      1.5462      2.0684
       1       0      10       6      1.5341      0.0256
       1       1       6      12      1.5278      0.1710
       2       0       2       6      1.5247      0.2717
       0       0      12       2      1.4605      3.2189
       0       2       4       6      1.4506      3.6041
       1      -1      11       6      1.4123      3.2922
       2      -2      -5       6      1.4063      1.6115
       1       1       9      12      1.3283      1.2068
       0       2       7       6      1.3273      2.8589
       2       0       8       6      1.3038      3.3589
       1       0      13       6      1.2994      0.8701
       0       0      15       2      1.3215      3.4245
       2       1       1      12      1.3293      1.9773
       0       1      14       6      1.3302      0.4576
       2      -2      10       6      1.3340      0.2053
       1       2       2      12      1.3381      0.0599
       1       1      12      12      1.3788      3.0520
       2       1       4      12      1.3880      3.3954
       2      -2     -11       6      1.4358      3.0691
       1       2       5      12      1.4458      1.5702
       2       1       7      12      1.7717      2.6831
       1       0      16       6      2.2105      2.7056
       1       2       8      12      2.3784      3.1719
       3      -3       0       6      2.4452      3.3381
       0       2      13       6      3.3183      0.9096
       0       3       3       6      3.9542      2.2860
       3       0       3       6      3.9542      2.2860
       0       0       3       2     17.2601      2.7230
       1      -1      -1       6      4.8482      2.1731
       0       0       6       2      4.5256      0.4086
       0       1       2       6      4.4738      0.5215
       1       0       4       6      3.4432      3.8260
       0       1       5       6      2.9558      1.6600
       0       0       9       2      2.2033      1.2055
       1      -1      -7       6      2.1934      3.0580
       1      -1       8       6      1.9174      3.5572
       1       1       0       6      1.9038      3.7664
       1       1       3      12      1.7815      2.5579
       2      -2       1       6      1.5462      2.0684
       1       0      10       6      1.5341      0.0256
       1       1       6      12      1.5278      0.1710
       2       0       2       6      1.5247      0.2717
       0       0      12       2      1.4605      3.2189
       0       2       4       6      1.4506      3.6041
       1      -1      11       6      1.4123      3.2922
       2      -2      -5       6      1.4063      1.6115
       1       1       9      12      1.3283      1.2068
       0       2       7       6      1.3273      2.8589
       2       0       8       6      1.3038      3.3589
       1       0      13       6      1.2994      0.8701
       0       0      15       2      1.3215      3.4245
       2       1       1      12      1.3293      1.9773
       0       1      14       6      1.3302      0.4576
       2      -2      10       6      1.3340      0.2053
       1       2       2      12      1.3381      0.0599
       1       1      12      12      1.3788      3.0520
       2       1       4      12      1.3880      3.3954
       2      -2     -11       6      1.4358      3.0691
       1       2       5      12      1.4458      1.5702
       2       1       7      12      1.7717      2.6831
       1       0      16       6      2.2105      2.7056
       1       2       8      12      2.3784      3.1719
       3      -3       0       6      2.4452      3.3381
       0       2      13       6      3.3183      0.9096
       0       3       3       6      3.9542      2.2860
       3       0       3       6      3.9542      2.2860
       0       0       3       2     17.2601      2.7230
       1      -1      -1       6      4.8482      2.1731
       0       0       6       2      4.5256      0.4086
       0       1       2       6      4.4738      0.5215
       1       0       4       6      3.4432      3.8260
       0       1       5       6      2.9558      1.6600
       0       0       9       2      2.2033      1.2055
       1      -1      -7       6      2.1934      3.0580
       1      -1       8       6      1.9174      3.5572
       1       1       0       6      1.9038      3.7664
       1       1       3      12      1.7815      2.5579
       2      -2       1       6      1.5462      2.0684
       1       0      10       6      1.5341      0.0256
       1       1       6      12      1.5278      0.1710
       2       0       2       6      1.5247      0.2717
       0       0      12       2      1.4605      3.2189
       0       2       4       6      1.4506      3.6041
       1      -1      11       6      1.4123      3.2922
       2      -2      -5       6      1.4063      1.6115
       1       1       9      12      1.3283      1.2068
       0       2       7       6      1.3273      2.8589
       2       0       8       6      1.3038      3.3589
       1       0      13       6      1.2994      0.8701
       0       0      15       2      1.3215      3.4245
       2       1       1      12      1.3293      1.9773
       0       1      14       6      1.3302      0.4576
       2      -2      10       6      1.3340      0.2053
       1       2       2      12      1.3381      0.0599
       1       1      12      12      1.3788      3.0520
       2       1       4      12      1.3880      3.3954
       2      -2     -11       6      1.4358      3.0691
       1       2       5      12      1.4458      1.5702
       2       1       7      12      1.7717      2.6831
       1       0      16       6      2.2105      2.7056
       1       2       8      12      2.3784      3.1719
       3      -3       0       6      2.4452      3.3381
       0       2      13       6      3.3183      0.9096
       0       3       3       6      3.9542      2.2860
       3       0       3       6      3.9542      2.2860
       0       0       3       2     17.2601      2.7230
       1      -1      -1       6      4.8482      2.1731
       0       0       6       2      4.5256      0.4086
       0       1       2       6      4.4738      0.5215
       1       0       4       6      3.4432      3.8260
       0       1       5       6      2.9558      1.6600
       0       0       9       2      2.2033      1.2055
       1      -1      -7       6      2.1934      3.0580
       1      -1       8       6      1.9174      3.5573
       1       1       0       6      1.9038      3.7664
       1       1       3      12      1.7815      2.5579
       2      -2       1       6      1.5462      2.0683
       1       0      10       6      1.5341      0.0256
       1       1       6      12      1.5278      0.1709
       2       0       2       6      1.5247      0.2717
       0       0      12       2      1.4605      3.2189
       0       2       4       6      1.4506      3.6042
       1      -1      11       6      1.4123      3.2922
       2      -2      -5       6      1.4063      1.6114
       1       1       9      12      1.3283      1.2067
       0       2       7       6      1.3273      2.8589
       2       0       8       6      1.3038      3.3589
       1       0      13       6      1.2994      0.8701
       0       0      15       2      1.3215      3.4245
       2       1       1      12      1.3293      1.9773
       0       1      14       6      1.3302      0.4576
       2      -2      10       6      1.3340      0.2054
       1       2       2      12      1.3381      0.0599
       1       1      12      12      1.3788      3.0520
       2       1       4      12      1.3880      3.3954
       2      -2     -11       6      1.4358      3.0691
       1       2       5      12      1.4458      1.5702
       2       1       7      12      1.7717      2.6830
       1       0      16       6      2.2105      2.7056
       1       2       8      12      2.3784      3.1720
       3      -3       0       6      2.4452      3.3381
       0       2      13       6      3.3183      0.9096
       0       3       3       6      3.9542      2.2860
       3       0       3       6      3.9542      2.2860
       0       0       3       2     17.2601      2.7246
       1      -1      -1       6      4.8482      2.1746
       0       0       6       2      4.5256      0.4085
       0       1       2       6      4.4738      0.5214
       1       0       4       6      3.4432      3.8261
       0       1       5       6      2.9558      1.6615
       0       0       9       2      2.2033      1.2070
       1      -1      -7       6      2.1934      3.0595
       1      -1       8       6      1.9174      3.5574
       1       1       0       6      1.9038      3.7665
       1       1       3      12      1.7815      2.5594
       2      -2       1       6      1.5462      2.0698
       1       0      10       6      1.5341      0.0258
       1       1       6      12      1.5278      0.1708
       2       0       2       6      1.5247      0.2715
       0       0      12       2      1.4605      3.2191
       0       2       4       6      1.4506      3.6043
       1      -1      11       6      1.4123      3.2935
       2      -2      -5       6      1.4063      1.6128
       1       1       9      12      1.3283      1.2081
       0       2       7       6      1.3273      2.8603
       2       0       8       6      1.3038      3.3591
       1       0      13       6      1.2994      0.8714
       0       0      15       2      1.3215      3.4258
       2       1       1      12      1.3293      1.9786
       0       1      14       6      1.3302      0.4579
       2      -2      10       6      1.3340      0.2057
       1       2       2      12      1.3381      0.0596
       1       1      12      12      1.3788      3.0523
       2       1       4      12      1.3880      3.3957
       2      -2     -11       6      1.4358      3.0703
       1       2       5      12      1.4458      1.5715
       2       1       7      12      1.7717      2.6842
       1       0      16       6      2.2105      2.7060
       1       2       8      12      2.3784      3.1723
       3      -3       0       6      2.4452      3.3385
       0       2      13       6      3.3183      0.9107
       0       3       3       6      3.9542      2.2872
       3       0       3       6      3.9542      2.2872
       0       0       3       2     17.2601      2.7230
       1      -1      -1       6      4.8482      2.1731
       0       0       6       2      4.5256      0.4086
       0       1       2       6      4.4738      0.5215
       1       0       4       6      3.4432      3.8260
       0       1       5       6      2.9558      1.6600
       0       0       9       2      2.2033      1.2055
       1      -1      -7       6      2.1934      3.0580
       1      -1       8       6      1.9174      3.5572
       1       1       0       6      1.9038      3.7664
       1       1       3      12      1.7815      2.5579
       2      -2       1       6      1.5462      2.0683
       1       0      10       6      1.5341      0.0256
       1       1       6      12      1.5278      0.1710
       2       0       2       6      1.5247      0.2717
       0       0      12       2      1.4605      3.2188
       0       2       4       6      1.4506      3.6041
       1      -1      11       6      1.4123      3.2922
       2      -2      -5       6      1.4063      1.6114
       1       1       9      12      1.3283      1.2067
       0       2       7       6      1.3273      2.8589
       2       0       8       6      1.3038      3.3588
       1       0      13       6      1.2994      0.8701
       0       0      15       2      1.3215      3.4245
       2       1       1      12      1.3293      1.9773
       0       1      14       6      1.3302      0.4576
       2      -2      10       6      1.3340      0.2053
       1       2       2      12      1.3381      0.0600
       1       1      12      12      1.3788      3.0520
       2       1       4      12      1.3880      3.3954
       2      -2     -11       6      1.4358      3.0691
       1       2       5      12      1.4458      1.5702
       2       1       7      12      1.7717      2.6830
       1       0      16       6      2.2105      2.7056
       1       2       8      12      2.3784      3.1719
       3      -3       0       6      2.4452      3.3380
       0       2      13       6      3.3183      0.9095
       0       3       3       6      3.9542      2.2860
       3       0       3       6      3.9542      2.2860
       0       0       3       2     17.2601      2.7268
       1      -1      -1       6      4.8482      2.1718
       0       0       6       2      4.5256      0.4061
       0       1       2       6      4.4738      0.5212
       1       0       4       6      3.4432      3.8249
       0       1       5       6      2.9558      1.6541
       0       0       9       2      2.2033      1.1962
       1      -1      -7       6      2.1934      3.0657
       1      -1       8       6      1.9174      3.5531
       1       1       0       6      1.9038      3.7664
       1       1       3      12      1.7815      2.5614
       2      -2       1       6      1.5462      2.0672
       1       0      10       6      1.5341      0.0316
       1       1       6      12      1.5278      0.1687
       2       0       2       6      1.5247      0.2714
       0       0      12       2      1.4605      3.2105
       0       2       4       6      1.4506      3.6031
       1      -1      11       6      1.4123      3.3019
       2      -2      -5       6      1.4063      1.6063
       1       1       9      12      1.3283      1.1985
       0       2       7       6      1.3273      2.8658
       2       0       8       6      1.3038      3.3552
       1       0      13       6      1.2994      0.8603
       0       0      15       2      1.3215      3.4344
       2       1       1      12      1.3293      1.9763
       0       1      14       6      1.3302      0.4676
       2      -2      10       6      1.3340      0.2107
       1       2       2      12      1.3381      0.0597
       1       1      12      12      1.3788      3.0445
       2       1       4      12      1.3880      3.3945
       2      -2     -11       6      1.4358      3.0778
       1       2       5      12      1.4458      1.5656
       2       1       7      12      1.7717      2.6891
       1       0      16       6      2.2105      2.6938
       1       2       8      12      2.3784      3.1686
       3      -3       0       6      2.4452      3.3381
       0       2      13       6      3.3183      0.9008
       0       3       3       6      3.9542      2.2887
       3       0       3       6      3.9542      2.2887
       0       0       3       2     17.2601      2.7230
       1      -1      -1       6      4.8512      2.1731
       0       0       6       2      4.5256      0.4086
       1      -1       2       6      4.4764      0.5216
       1      -1      -4       6      3.4446      3.8261
       0       1       5       6      2.9568      1.6600
       0       0       9       2      2.2033      1.2055
       1      -1      -7       6      2.1939      3.0581
       1      -1       8       6      1.9177      3.5573
       1       1       0       6      1.9048      3.7665
       1       1       3      12      1.7824      2.5581
       0       2       1       6      1.5469      2.0684
       1       0      10       6      1.5343      0.0255
       1       1       6      12      1.5283      0.1711
       2      -2      -2       6      1.5253      0.2719
       0       0      12       2      1.4605      3.2189
       2      -2       4       6      1.4511      3.6043
       1      -1      11       6      1.4124      3.2922
       2      -2      -5       6      1.4067      1.6115
       1       1       9      12      1.3285      1.2068
       0       2       7       6      1.3275      2.8591
       2       0       8       6      1.3039      3.3590
       1       0      13       6      1.2994      0.8701
       0       0      15       2      1.3215      3.4245
       2       1       1      12      1.3289      1.9775
       0       1      14       6      1.3301      0.4576
       2      -2      10       6      1.3337      0.2052
       1       2       2      12      1.3376      0.0602
       1       1      12      12      1.3785      3.0521
       2       1       4      12      1.3871      3.3957
       2      -2     -11       6      1.4351      3.0693
       1       2       5      12      1.4446      1.5703
       2       1       7      12      1.7681      2.6833
       1       0      16       6      2.2093      2.7056
       1       2       8      12      2.3673      3.1722
       0       3       0       6      2.4296      3.3385
       2      -2      13       6      3.2991      0.9096
       0       3       3       6      3.8804      2.2863
       3       0       3       6      3.8804      2.2863
       0       0       3       2     17.2718      2.7230
       1      -1      -1       6      4.8483      2.1731
       0       0       6       2      4.5285      0.4087
       1      -1       2       6      4.4741      0.5215
       1       0       4       6      3.4439      3.8261
       0       1       5       6      2.9566      1.6600
       0       0       9       2      2.2045      1.2055
       1      -1      -7       6      2.1941      3.0581
       1      -1       8       6      1.9180      3.5573
       1       1       0       6      1.9038      3.7664
       1       1       3      12      1.7816      2.5580
       2      -2       1       6      1.5462      2.0684
       1       0      10       6      1.5346      0.0255
       1       1       6      12      1.5280      0.1710
       2       0       2       6      1.5247      0.2717
       0       0      12       2      1.4610      3.2190
       2      -2       4       6      1.4507      3.6042
       1      -1      11       6      1.4127      3.2924
       2      -2      -5       6      1.4064      1.6115
       1       1       9      12      1.3285      1.2068
       2      -2       7       6      1.3274      2.8590
       2      -2      -8       6      1.3039      3.3589
       1       0      13       6      1.2994      0.8701
       0       0      15       2      1.3212      3.4249
       2       1       1      12      1.3293      1.9773
       0       1      14       6      1.3298      0.4574
       2      -2      10       6      1.3338      0.2052
       1       2       2      12      1.3381      0.0599
       1       1      12      12      1.3783      3.0522
       2       1       4      12      1.3879      3.3954
       2      -2     -11       6      1.4352      3.0693
       1       2       5      12      1.4456      1.5702
       2       1       7      12      1.7709      2.6831
       1       0      16       6      2.2009      2.7058
       1       2       8      12      2.3752      3.1720
       3      -3       0       6      2.4452      3.3381
       2      -2      13       6      3.2933      0.9095
       3      -3       3       6      3.9519      2.2860
       3      -3      -3       6      3.9519      2.2860
       0       0       3       2     17.2594      2.7212
       1      -1      -1       6      4.8480      2.1711
       0       0       6       2      4.5254      0.4090
       0       1       2       6      4.4737      0.5220
       1      -1      -4       6      3.4430      3.8254
       0       1       5       6      2.9557      1.6579
       0       0       9       2      2.2032      1.2033
       1       0       7       6      2.1933      3.0565
       1      -1       8       6      1.9173      3.5559
       1       1       0       6      1.9038      3.7652
       1       1       3      12      1.7815      2.5562
       2      -2       1       6      1.5462      2.0665
       1      -1     -10       6      1.5341      0.0243
       1       1       6      12      1.5278      0.1724
       2       0       2       6      1.5246      0.2732
       0       0      12       2      1.4604      3.2169
       0       2       4       6      1.4506      3.6024
       1      -1      11       6      1.4123      3.2907
       2      -2      -5       6      1.4063      1.6094
       1       1       9      12      1.3283      1.2046
       2      -2       7       6      1.3273      2.8573
       2      -2      -8       6      1.3038      3.3566
       1       0      13       6      1.2994      0.8678
       0       0      15       2      1.3216      3.4229
       2       1       1      12      1.3293      1.9753
       0       1      14       6      1.3302      0.4556
       2      -2      10       6      1.3340      0.2032
       1       2       2      12      1.3381      0.0623
       1       1      12      12      1.3789      3.0492
       2       1       4      12      1.3880      3.3929
       2      -2     -11       6      1.4358      3.0674
       1       2       5      12      1.4458      1.5680
       2       1       7      12      1.7719      2.6811
       1       0      16       6      2.2112      2.7023
       1       2       8      12      2.3791      3.1689
       3      -3       0       6      2.4461      3.3352
       2      -2      13       6      3.3208      0.9071
       3      -3       3       6      3.9584      2.2839
       3      -3      -3       6      3.9584      2.2839
       0       0       3       2     17.2594      2.7212
       1      -1      -1       6      4.8480      2.1711
       0       0       6       2      4.5254      0.4090
       0       1       2       6      4.4737      0.5220
       1      -1      -4       6      3.4430      3.8254
       0       1       5       6      2.9557      1.6579
       0       0       9       2      2.2032      1.2033
       1       0       7       6      2.1933      3.0565
       1      -1       8       6      1.9173      3.5559
       1       1       0       6      1.9038      3.7652
       1       1       3      12      1.7815      2.5562
       2      -2       1       6      1.5462      2.0665
       1      -1     -10       6      1.5341      0.0243
       1       1       6      12      1.5278      0.1724
       2       0       2       6      1.5246      0.2732
       0       0      12       2      1.4604      3.2169
       0       2       4       6      1.4506      3.6024
       1      -1      11       6      1.4123      3.2907
       2      -2      -5       6      1.4063      1.6094
       1       1       9      12      1.3283      1.2046
       2      -2       7       6      1.3273      2.8573
       2      -2      -8       6      1.3038      3.3566
       1       0      13       6      1.2994      0.8678
       0       0      15       2      1.3216      3.4229
       2       1       1      12      1.3293      1.9753
       0       1      14       6      1.3302      0.4556
       2      -2      10       6      1.3340      0.2032
       1       2       2      12      1.3381      0.0623
       1       1      12      12      1.3789      3.0492
       2       1       4      12      1.3880      3.3929
       2      -2     -11       6      1.4358      3.0674
       1       2       5      12      1.4458      1.5680
       2       1       7      12      1.7719      2.6811
       1       0      16       6      2.2112      2.7023
       1       2       8      12      2.3791      3.1689
       3      -3       0       6      2.4461      3.3352
       2      -2      13       6      3.3208      0.9071
       3      -3       3       6      3.9584      2.2839
       3      -3      -3       6      3.9584      2.2839
       0       0       3       2     17.2594      2.7212
       1      -1      -1       6      4.8480      2.1711
       0       0       6       2      4.5254      0.4090
       0       1       2       6      4.4737      0.5220
       1      -1      -4       6      3.4430      3.8254
       0       1       5       6      2.9557      1.6579
       0       0       9       2      2.2032      1.2033
       1       0       7       6      2.1933      3.0565
       1      -1       8       6      1.9173      3.5559
       1       1       0       6      1.9038      3.7652
       1       1       3      12      1.7815      2.5562
       2      -2       1       6      1.5462      2.0665
       1      -1     -10       6      1.5341      0.0243
       1       1       6      12      1.5278      0.1724
       2       0       2       6      1.5246      0.2732
       0       0      12       2      1.4604      3.2169
       0       2       4       6      1.4506      3.6024
       1      -1      11       6      1.4123      3.2907
       2      -2      -5       6      1.4063      1.6094
       1       1       9      12      1.3283      1.2046
       2      -2       7       6      1.3273      2.8573
       2      -2      -8       6      1.3038      3.3566
       1       0      13       6      1.2994      0.8678
       0       0      15       2      1.3216      3.4229
       2       1       1      12      1.3293      1.9753
       0       1      14       6      1.3302      0.4556
       2      -2      10       6      1.3340      0.2032
       1       2       2      12      1.3381      0.0623
       1       1      12      12      1.3789      3.0492
       2       1       4      12      1.3880      3.3929
       2      -2     -11       6      1.4358      3.0674
       1       2       5      12      1.4458      1.5680
       2       1       7      12      1.7719      2.6811
       1       0      16       6      2.2112      2.7023
       1       2       8      12      2.3791      3.1689
       3      -3       0       6      2.4461      3.3352
       2      -2      13       6      3.3208      0.9071
       3      -3       3       6      3.9584      2.2839
       3      -3      -3       6      3.9584      2.2839
       0       0       3       2     17.2594      2.7212
       1      -1      -1       6      4.8480      2.1711
       0       0       6       2      4.5254      0.4090
       0       1       2       6      4.4737      0.5220
       1      -1      -4       6      3.4430      3.8254
       0       1       5       6      2.9557      1.6579
       0       0       9       2      2.2032      1.2033
       1       0       7       6      2.1933      3.0565
       1      -1       8       6      1.9173      3.5559
       1       1       0       6      1.9038      3.7652
       1       1       3      12      1.7815      2.5562
       2      -2       1       6      1.5462      2.0665
       1      -1     -10       6      1.5341      0.0243
       1       1       6      12      1.5278      0.1724
       2       0       2       6      1.5246      0.2732
       0       0      12       2      1.4604      3.2169
       0       2       4       6      1.4506      3.6024
       1      -1      11       6      1.4123      3.2907
       2      -2      -5       6      1.4063      1.6094
       1       1       9      12      1.3283      1.2046
       2      -2       7       6      1.3273      2.8573
       2      -2      -8       6      1.3038      3.3566
       1       0      13       6      1.2994      0.8678
       0       0      15       2      1.3216      3.4229
       2       1       1      12      1.3293      1.9753
       0       1      14       6      1.3302      0.4556
       2      -2      10       6      1.3340      0.2032
       1       2       2      12      1.3381      0.0623
       1       1      12      12      1.3789      3.0492
       2       1       4      12      1.3880      3.3929
       2      -2     -11       6      1.4358      3.0674
       1       2       5      12      1.4458      1.5680
       2       1       7      12      1.7719      2.6811
       1       0      16       6      2.2112      2.7023
       1       2       8      12      2.3791      3.1689
       3      -3       0       6      2.4461      3.3352
       2      -2      13       6      3.3208      0.9071
       3      -3       3       6      3.9584      2.2839
       3      -3      -3       6      3.9584      2.2839
       0       0       3       2     17.2594      2.7212
       1      -1      -1       6      4.8489      2.1711
       0       0       6       2      4.5254      0.4090
       1      -1       2       6      4.4744      0.5220
       1       0       4       6      3.4435      3.8254
       0       1       5       6      2.9560      1.6579
       0       0       9       2      2.2032      1.2033
       1       0       7       6      2.1934      3.0565
       1      -1       8       6      1.9174      3.5559
       1       1       0       6      1.9041      3.7652
       1       1       3      12      1.7817      2.5563
       2      -2       1       6      1.5464      2.0665
       1      -1     -10       6      1.5341      0.0243
       1       1       6      12      1.5279      0.1725
       2       0       2       6      1.5248      0.2733
       0       0      12       2      1.4604      3.2169
       2      -2       4       6      1.4507      3.6025
       1      -1      11       6      1.4123      3.2907
       2       0       5       6      1.4064      1.6094
       1       1       9      12      1.3284      1.2045
       2      -2       7       6      1.3274      2.8573
       2       0       8       6      1.3038      3.3567
       1       0      13       6      1.2994      0.8678
       0       0      15       2      1.3216      3.4229
       2       1       1      12      1.3292      1.9753
       1      -1      14       6      1.3302      0.4556
       0       2      10       6      1.3339      0.2031
       1       2       2      12      1.3379      0.0624
       1       1      12      12      1.3788      3.0493
       2       1       4      12      1.3878      3.3930
       2      -2     -11       6      1.4356      3.0674
       1       2       5      12      1.4455      1.5680
       2       1       7      12      1.7709      2.6812
       1       0      16       6      2.2108      2.7023
       1       2       8      12      2.3759      3.1690
       3      -3       0       6      2.4415      3.3353
       2      -2      13       6      3.3151      0.9071
       3      -3       3       6      3.9365      2.2840
       3      -3      -3       6      3.9365      2.2840
       0       0       3       2     17.2594      2.7212
       1      -1      -1       6      4.8471      2.1711
       0       0       6       2      4.5254      0.4090
       0       1       2       6      4.4729      0.5220
       1      -1      -4       6      3.4426      3.8253
       0       1       5       6      2.9554      1.6579
       0       0       9       2      2.2032      1.2033
       1       0       7       6      2.1932      3.0565
       1      -1       8       6      1.9172      3.5559
       1       1       0       6      1.9035      3.7651
       1       1       3      12      1.7812      2.5562
       2      -2       1       6      1.5460      2.0664
       1      -1     -10       6      1.5341      0.0243
       1       1       6      12      1.5276      0.1724
       2       0       2       6      1.5245      0.2732
       0       0      12       2      1.4604      3.2169
       0       2       4       6      1.4504      3.6023
       1      -1      11       6      1.4123      3.2906
       2       0       5       6      1.4062      1.6094
       1       1       9      12      1.3283      1.2046
       0       2       7       6      1.3273      2.8572
       2      -2      -8       6      1.3038      3.3566
       1       0      13       6      1.2994      0.8678
       0       0      15       2      1.3216      3.4229
       2       1       1      12      1.3295      1.9752
       1      -1      14       6      1.3302      0.4556
       2      -2      10       6      1.3341      0.2032
       1       2       2      12      1.3382      0.0622
       1       1      12      12      1.3790      3.0492
       2       1       4      12      1.3883      3.3928
       2      -2     -11       6      1.4360      3.0673
       1       2       5      12      1.4462      1.5680
       2       1       7      12      1.7730      2.6811
       1       0      16       6      2.2115      2.7023
       1       2       8      12      2.3824      3.1688
       3       0       0       6      2.4507      3.3351
       2      -2      13       6      3.3264      0.9071
       3      -3       3       6      3.9807      2.2839
       3      -3      -3       6      3.9807      2.2839
       0       0       3       2     17.2628      2.7212
       1       0       1       6      4.8481      2.1711
       0       0       6       2      4.5262      0.4090
       1      -1       2       6      4.4737      0.5220
       1       0       4       6      3.4432      3.8254
       0       1       5       6      2.9559      1.6579
       0       0       9       2      2.2036      1.2033
       1      -1      -7       6      2.1935      3.0565
       1      -1       8       6      1.9175      3.5559
       1       1       0       6      1.9038      3.7652
       1       1       3      12      1.7815      2.5562
       2      -2       1       6      1.5462      2.0665
       1      -1     -10       6      1.5342      0.0242
       1       1       6      12      1.5278      0.1724
       2       0       2       6      1.5246      0.2732
       0       0      12       2      1.4606      3.2169
       0       2       4       6      1.4506      3.6024
       0       1      11       6      1.4124      3.2907
       2      -2      -5       6      1.4063      1.6094
       1       1       9      12      1.3284      1.2045
       0       2       7       6      1.3274      2.8573
       2      -2      -8       6      1.3038      3.3566
       1       0      13       6      1.2994      0.8678
       0       0      15       2      1.3215      3.4230
       2       1       1      12      1.3293      1.9753
       1      -1      14       6      1.3301      0.4555
       2      -2      10       6      1.3340      0.2031
       1       2       2      12      1.3381      0.0623
       1       1      12      12      1.3787      3.0493
       2       1       4      12      1.3880      3.3929
       2      -2     -11       6      1.4357      3.0674
       1       2       5      12      1.4458      1.5680
       2       1       7      12      1.7717      2.6812
       1       0      16       6      2.2083      2.7024
       1       2       8      12      2.3782      3.1689
       3      -3       0       6      2.4461      3.3352
       2      -2      13       6      3.3135      0.9071
       3      -3       3       6      3.9577      2.2839
       3      -3      -3       6      3.9577      2.2839
       0       0       3       2     17.2560      2.7212
       1      -1      -1       6      4.8480      2.1711
       0       0       6       2      4.5245      0.4090
       1      -1       2       6      4.4736      0.5220
       1       0       4       6      3.4428      3.8254
       0       1       5       6      2.9555      1.6579
       0       0       9       2      2.2028      1.2033
       1      -1      -7       6      2.1931      3.0564
       0       1       8       6      1.9171      3.5559
       1       1       0       6      1.9038      3.7652
       1       1       3      12      1.7815      2.5562
       0       2       1       6      1.5462      2.0665
       1       0      10       6      1.5340      0.0243
       1       1       6      12      1.5277      0.1724
       2      -2      -2       6      1.5246      0.2732
       0       0      12       2      1.4603      3.2168
       2      -2       4       6      1.4506      3.6024
       1      -1      11       6      1.4122      3.2906
       2      -2      -5       6      1.4063      1.6094
       1       1       9      12      1.3283      1.2046
       2      -2       7       6      1.3273      2.8573
       2      -2      -8       6      1.3038      3.3566
       1       0      13       6      1.2993      0.8678
       0       0      15       2      1.3217      3.4228
       2       1       1      12      1.3293      1.9753
       0       1      14       6      1.3303      0.4557
       2      -2      10       6      1.3341      0.2032
       1       2       2      12      1.3381      0.0623
       1       1      12      12      1.3790      3.0492
       2       1       4      12      1.3880      3.3929
       2      -2     -11       6      1.4360      3.0673
       1       2       5      12      1.4459      1.5680
       2       1       7      12      1.7722      2.6811
       1       0      16       6      2.2140      2.7023
       1       2       8      12      2.3800      3.1689
       3      -3       0       6      2.4461      3.3352
       2      -2      13       6      3.3281      0.9071
       3      -3       3       6      3.9590      2.2839
       3      -3      -3       6      3.9590      2.2839
       0       0       3       2     17.2594      2.7255
       1      -1      -1       6      4.8480      2.1697
       0       0       6       2      4.5254      0.4062
       0       1       2       6      4.4737      0.5217
       1      -1      -4       6      3.4430      3.8241
       0       1       5       6      2.9557      1.6514
       0       0       9       2      2.2032      1.1929
       1       0       7       6      2.1933      3.0650
       1      -1       8       6      1.9173      3.5513
       1       1       0       6      1.9038      3.7652
       1       1       3      12      1.7815      2.5600
       2      -2       1       6      1.5462      2.0652
       1      -1     -10       6      1.5341      0.0310
       1       1       6      12      1.5278      0.1699
       2       0       2       6      1.5246      0.2730
       0       0      12       2      1.4604      3.2075
       0       2       4       6      1.4506      3.6013
       1      -1      11       6      1.4123      3.3015
       2      -2      -5       6      1.4063      1.6036
       1       1       9      12      1.3283      1.1953
       2      -2       7       6      1.3273      2.8649
       2      -2      -8       6      1.3038      3.3525
       1       0      13       6      1.2994      0.8568
       0       0      15       2      1.3216      3.4339
       2       1       1      12      1.3293      1.9742
       0       1      14       6      1.3302      0.4668
       2      -2      10       6      1.3340      0.2092
       1       2       2      12      1.3381      0.0621
       1       1      12      12      1.3789      3.0409
       2       1       4      12      1.3880      3.3919
       2      -2     -11       6      1.4358      3.0770
       1       2       5      12      1.4458      1.5628
       2       1       7      12      1.7719      2.6879
       1       0      16       6      2.2112      2.6891
       1       2       8      12      2.3791      3.1653
       3      -3       0       6      2.4461      3.3352
       2      -2      13       6      3.3208      0.8973
       3      -3       3       6      3.9584      2.2870
       3      -3      -3       6      3.9584      2.2870
       0       0       3       2     17.2594      2.7169
       1      -1      -1       6      4.8480      2.1725
       0       0       6       2      4.5254      0.4118
       0       1       2       6      4.4737      0.5223
       1      -1      -4       6      3.4430      3.8266
       0       1       5       6      2.9557      1.6644
       0       0       9       2      2.2032      1.2137
       1       0       7       6      2.1933      3.0479
       1      -1       8       6      1.9173      3.5605
       1       1       0       6      1.9038      3.7652
       1       1       3      12      1.7815      2.5524
       2      -2       1       6      1.5462      2.0677
       1      -1     -10       6      1.5341      0.0176
       1       1       6      12      1.5278      0.1749
       2       0       2       6      1.5246      0.2735
       0       0      12       2      1.4604      3.2262
       0       2       4       6      1.4506      3.6035
       1      -1      11       6      1.4123      3.2798
       2      -2      -5       6      1.4063      1.6152
       1       1       9      12      1.3283      1.2138
       2      -2       7       6      1.3273      2.8496
       2      -2      -8       6      1.3038      3.3607
       1       0      13       6      1.2994      0.8789
       0       0      15       2      1.3216      3.4118
       2       1       1      12      1.3293      1.9764
       0       1      14       6      1.3302      0.4445
       2      -2      10       6      1.3340      0.1972
       1       2       2      12      1.3381      0.0626
       1       1      12      12      1.3789      3.0575
       2       1       4      12      1.3880      3.3938
       2      -2     -11       6      1.4358      3.0577
       1       2       5      12      1.4458      1.5732
       2       1       7      12      1.7719      2.6743
       1       0      16       6      2.2112      2.7154
       1       2       8      12      2.3791      3.1726
       3      -3       0       6      2.4461      3.3352
       2      -2      13       6      3.3208      0.9170
       3      -3       3       6      3.9584      2.2809
       3      -3      -3       6      3.9584      2.2809
       0       0       3       2     17.2594      2.7217
       1      -1      -1       6      4.8480      2.1716
       0       0       6       2      4.5254      0.4090
       0       1       2       6      4.4737      0.5220
       1      -1      -4       6      3.4430      3.8254
       0       1       5       6      2.9557      1.6583
       0       0       9       2      2.2032      1.2037
       1       0       7       6      2.1933      3.0569
       1      -1       8       6      1.9173      3.5559
       1       1       0       6      1.9038      3.7652
       1       1       3      12      1.7815      2.5567
       2      -2       1       6      1.5462      2.0669
       1      -1     -10       6      1.5341      0.0243
       1       1       6      12      1.5278      0.1724
       2       0       2       6      1.5246      0.2732
       0       0      12       2      1.4604      3.2170
       0       2       4       6      1.4506      3.6025
       1      -1      11       6      1.4123      3.2911
       2      -2      -5       6      1.4063      1.6098
       1       1       9      12      1.3283      1.2049
       2      -2       7       6      1.3273      2.8577
       2      -2      -8       6      1.3038      3.3567
       1       0      13       6      1.2994      0.8682
       0       0      15       2      1.3216      3.4233
       2       1       1      12      1.3293      1.9757
       0       1      14       6      1.3302      0.4557
       2      -2      10       6      1.3340      0.2033
       1       2       2      12      1.3381      0.0622
       1       1      12      12      1.3789      3.0493
       2       1       4      12      1.3880      3.3930
       2      -2     -11       6      1.4358      3.0677
       1       2       5      12      1.4458      1.5684
       2       1       7      12      1.7719      2.6815
       1       0      16       6      2.2112      2.7024
       1       2       8      12      2.3791      3.1690
       3      -3       0       6      2.4461      3.3353
       2      -2      13       6      3.3208      0.9074
       3      -3       3       6      3.9584      2.2843
       3      -3      -3       6      3.9584      2.2843
       0       0       3       2     17.2594      2.7207
       1      -1      -1       6      4.8480      2.1707
       0       0       6       2      4.5254      0.4090
       0       1       2       6      4.4737      0.5220
       1      -1      -4       6      3.4430      3.8253
       0       1       5       6      2.9557      1.6574
       0       0       9       2      2.2032      1.2029
       1       0       7       6      2.1933      3.0560
       1      -1       8       6      1.9173      3.5558
       1       1       0       6      1.9038      3.7652
       1       1       3      12      1.7815      2.5558
       2      -2       1       6      1.5462      2.0660
       1      -1     -10       6      1.5341      0.0242
       1       1       6      12      1.5278      0.1725
       2       0       2       6      1.5246      0.2733
       0       0      12       2      1.4604      3.2168
       0       2       4       6      1.4506      3.6023
       1      -1      11       6      1.4123      3.2903
       2      -2      -5       6      1.4063      1.6090
       1       1       9      12      1.3283      1.2042
       2      -2       7       6      1.3273      2.8569
       2      -2      -8       6      1.3038      3.3565
       1       0      13       6      1.2994      0.8674
       0       0      15       2      1.3216      3.4225
       2       1       1      12      1.3293      1.9749
       0       1      14       6      1.3302      0.4555
       2      -2      10       6      1.3340      0.2031
       1       2       2      12      1.3381      0.0624
       1       1      12      12      1.3789      3.0491
       2       1       4      12      1.3880      3.3928
       2      -2     -11       6      1.4358      3.0670
       1       2       5      12      1.4458      1.5676
       2       1       7      12      1.7719      2.6808
       1       0      16       6      2.2112      2.7022
       1       2       8      12      2.3791      3.1688
       3      -3       0       6      2.4461      3.3351
       2      -2      13       6      3.3208      0.9067
       3      -3       3       6      3.9584      2.2836
       3      -3      -3       6      3.9584      2.2836
       0       0       3       2     17.2594      2.7212
       1      -1      -1       6      4.8480      2.1711
       0       0       6       2      4.5254      0.4090
       0       1       2       6      4.4737      0.5220
       1      -1      -4       6      3.4430      3.8254
       0       1       5       6      2.9557      1.6579
       0       0       9       2      2.2032      1.2033
       1       0       7       6      2.1933      3.0565
       1      -1       8       6      1.9173      3.5559
       1       1       0       6      1.9038      3.7652
       1       1       3      12      1.7815      2.5562
       2      -2       1       6      1.5462      2.0664
       1      -1     -10       6      1.5341      0.0243
       1       1       6      12      1.5278      0.1724
       2       0       2       6      1.5246      0.2732
       0       0      12       2      1.4604      3.2169
       0       2       4       6      1.4506      3.6024
       1      -1      11       6      1.4123      3.2906
       2      -2      -5       6      1.4063      1.6094
       1       1       9      12      1.3283      1.2045
       2      -2       7       6      1.3273      2.8573
       2      -2      -8       6      1.3038      3.3566
       1       0      13       6      1.2994      0.8678
       0       0      15       2      1.3216      3.4229
       2       1       1      12      1.3293      1.9753
       0       1      14       6      1.3302      0.4556
       2      -2      10       6      1.3340      0.2032
       1       2       2      12      1.3381      0.0623
       1       1      12      12      1.3789      3.0492
       2       1       4      12      1.3880      3.3929
       2      -2     -11       6      1.4358      3.0674
       1       2       5      12      1.4458      1.5680
       2       1       7      12      1.7719      2.6811
       1       0      16       6      2.2112      2.7023
       1       2       8      12      2.3791      3.1689
       3      -3       0       6      2.4461      3.3352
       2      -2      13       6      3.3208      0.9071
       3      -3       3       6      3.9584      2.2839
       3      -3      -3       6      3.9584      2.2839
       0       0       3       2     17.2594      2.7212
       1      -1      -1       6      4.8480      2.1711
       0       0       6       2      4.5254      0.4090
       0       1       2       6      4.4737      0.5220
       1      -1      -4       6      3.4430      3.8254
       0       1       5       6      2.9557      1.6579
       0       0       9       2      2.2032      1.2033
       1       0       7       6      2.1933      3.0565
       1      -1       8       6      1.9173      3.5559
       1       1       0       6      1.9038      3.7652
       1       1       3      12      1.7815      2.5562
       2      -2       1       6      1.5462      2.0665
       1      -1     -10       6      1.5341      0.0243
       1       1       6      12      1.5278      0.1724
       2       0       2       6      1.5246      0.2732
       0       0      12       2      1.4604      3.2169
       0       2       4       6      1.4506      3.6024
       1      -1      11       6      1.4123      3.2907
       2      -2      -5       6      1.4063      1.6094
       1       1       9      12      1.3283      1.2046
       2      -2       7       6      1.3273      2.8573
       2      -2      -8       6      1.3038      3.3566
       1       0      13       6      1.2994      0.8678
       0       0      15       2      1.3216      3.4229
       2       1       1      12      1.3293      1.9753
       0       1      14       6      1.3302      0.4556
       2      -2      10       6      1.3340      0.2032
       1       2       2      12      1.3381      0.0623
       1       1      12      12      1.3789      3.0492
       2       1       4      12      1.3880      3.3928
       2      -2     -11       6      1.4358      3.0674
       1       2       5      12      1.4458      1.5680
       2       1       7      12      1.7719      2.6812
       1       0      16       6      2.2112      2.7023
       1       2       8      12      2.3791      3.1689
       3      -3       0       6      2.4461      3.3352
       2      -2      13       6      3.3208      0.9071
       3      -3       3       6      3.9584      2.2839
       3      -3      -3       6      3.9584      2.2839
       0       0       3       2     17.2594      2.7212
       1      -1      -1       6      4.8480      2.1711
       0       0       6       2      4.5254      0.4090
       0       1       2       6      4.4737      0.5220
       1      -1      -4       6      3.4430      3.8254
       0       1       5       6      2.9557      1.6579
       0       0       9       2      2.2032      1.2033
       1       0       7       6      2.1933      3.0564
       1      -1       8       6      1.9173      3.5559
       1       1       0       6      1.9038      3.7652
       1       1       3      12      1.7815      2.5562
       2      -2       1       6      1.5462      2.0664
       1      -1     -10       6      1.5341      0.0242
       1       1       6      12      1.5278      0.1724
       2       0       2       6      1.5246      0.2733
       0       0      12       2      1.4604      3.2169
       0       2       4       6      1.4506      3.6024
       1      -1      11       6      1.4123      3.2906
       2      -2      -5       6      1.4063      1.6094
       1       1       9      12      1.3283      1.2045
       2      -2       7       6      1.3273      2.8572
       2      -2      -8       6      1.3038      3.3566
       1       0      13       6      1.2994      0.8678
       0       0      15       2      1.3216      3.4228
       2       1       1      12      1.3293      1.9752
       0       1      14       6      1.3302      0.4555
       2      -2      10       6      1.3340      0.2031
       1       2       2      12      1.3381      0.0624
       1       1      12      12      1.3789      3.0492
       2       1       4      12      1.3880      3.3928
       2      -2     -11       6      1.4358      3.0673
       1       2       5      12      1.4458      1.5679
       2       1       7      12      1.7719      2.6811
       1       0      16       6      2.2112      2.7023
       1       2       8      12      2.3791      3.1689
       3      -3       0       6      2.4461      3.3352
       2      -2      13       6      3.3208      0.9070
       3      -3       3       6      3.9584      2.2839
       3      -3      -3       6      3.9584      2.2839
       0       0       3       2     17.2594      2.7212
       1      -1      -1       6      4.8480      2.1711
       0       0       6       2      4.5254      0.4090
       0       1       2       6      4.4737      0.5220
       1      -1      -4       6      3.4430      3.8254
       0       1       5       6      2.9557      1.6579
       0       0       9       2      2.2032      1.2033
       1       0       7       6      2.1933      3.0565
       1      -1       8       6      1.9173      3.5559
       1       1       0       6      1.9038      3.7652
       1       1       3      12      1.7815      2.5563
       2      -2       1       6      1.5462      2.0665
       1      -1     -10       6      1.5341      0.0243
       1       1       6      12      1.5278      0.1724
       2       0       2       6      1.5246      0.2732
       0       0      12       2      1.4604      3.2169
       0       2       4       6      1.4506      3.6024
       1      -1      11       6      1.4123      3.2907
       2      -2      -5       6      1.4063      1.6094
       1       1       9      12      1.3283      1.2046
       2      -2       7       6      1.3273      2.8573
       2      -2      -8       6      1.3038      3.3566
       1       0      13       6      1.2994      0.8679
       0       0      15       2      1.3216      3.4229
       2       1       1      12      1.3293      1.9753
       0       1      14       6      1.3302      0.4557
       2      -2      10       6      1.3340      0.2032
       1       2       2      12      1.3381      0.0623
       1       1      12      12      1.3789      3.0493
       2       1       4      12      1.3880      3.3929
       2      -2     -11       6      1.4358      3.0674
       1       2       5      12      1.4458      1.5681
       2       1       7      12      1.7719      2.6812
       1       0      16       6      2.2112      2.7024
       1       2       8      12      2.3791      3.1690
       3      -3       0       6      2.4461      3.3353
       2      -2      13       6      3.3208      0.9072
       3      -3       3       6      3.9584      2.2840
       3      -3      -3       6      3.9584      2.2840
       0       0       3       2     17.2594      2.7212
       1      -1      -1       6      4.8480      2.1711
       0       0       6       2      4.5254      0.4090
       0       1       2       6      4.4737      0.5220
       1      -1      -4       6      3.4430      3.8254
       0       1       5       6      2.9557      1.6579
       0       0       9       2      2.2032      1.2033
       1       0       7       6      2.1933      3.0565
       1      -1       8       6      1.9173      3.5559
       1       1       0       6      1.9038      3.7652
       1       1       3      12      1.7815      2.5562
       2      -2       1       6      1.5462      2.0665
       1      -1     -10       6      1.5341      0.0243
       1       1       6      12      1.5278      0.1724
       2       0       2       6      1.5246      0.2732
       0       0      12       2      1.4604      3.2169
       0       2       4       6      1.4506      3.6024
       1      -1      11       6      1.4123      3.2907
       2      -2      -5       6      1.4063      1.6094
       1       1       9      12      1.3283      1.2046
       2      -2       7       6      1.3273      2.8573
       2      -2      -8       6      1.3038      3.3566
       1       0      13       6      1.2994      0.8678
       0       0      15       2      1.3216      3.4229
       2       1       1      12      1.3293      1.9753
       0       1      14       6      1.3302      0.4556
       2      -2      10       6      1.3340      0.2032
       1       2       2      12      1.3381      0.0623
       1       1      12      12      1.3789      3.0492
       2       1       4      12      1.3880      3.3929
       2      -2     -11       6      1.4358      3.0674
       1       2       5      12      1.4458      1.5680
       2       1       7      12      1.7719      2.6811
       1       0      16       6      2.2112      2.7023
       1       2       8      12      2.3791      3.1689
       3      -3       0       6      2.4461      3.3352
       2      -2      13       6      3.3208      0.9071
       3      -3       3       6      3.9584      2.2839
       3      -3      -3       6      3.9584      2.2839
       0       0       3       2     17.2594      2.7212
       1      -1      -1       6      4.8480      2.1711
       0       0       6       2      4.5254      0.4090
       0       1       2       6      4.4737      0.5220
       1      -1      -4       6      3.4430      3.8254
       0       1       5       6      2.9557      1.6579
       0       0       9       2      2.2032      1.2033
       1       0       7       6      2.1933      3.0565
       1      -1       8       6      1.9173      3.5559
       1       1       0       6      1.9038      3.7652
       1       1       3      12      1.7815      2.5562
       2      -2       1       6      1.5462      2.0665
       1      -1     -10       6      1.5341      0.0243
       1       1       6      12      1.5278      0.1724
       2       0       2       6      1.5246      0.2732
       0       0      12       2      1.4604      3.2169
       0       2       4       6      1.4506      3.6024
       1      -1      11       6      1.4123      3.2907
       2      -2      -5       6      1.4063      1.6094
       1       1       9      12      1.3283      1.2046
       2      -2       7       6      1.3273      2.8573
       2      -2      -8       6      1.3038      3.3566
       1       0      13       6      1.2994      0.8678
       0       0      15       2      1.3216      3.4229
       2       1       1      12      1.3293      1.9753
       0       1      14       6      1.3302      0.4556
       2      -2      10       6      1.3340      0.2032
       1       2       2      12      1.3381      0.0623
       1       1      12      12      1.3789      3.0492
       2       1       4      12      1.3880      3.3929
       2      -2     -11       6      1.4358      3.0674
       1       2       5      12      1.4458      1.5680
       2       1       7      12      1.7719      2.6811
       1       0      16       6      2.2112      2.7023
       1       2       8      12      2.3791      3.1689
       3      -3       0       6      2.4461      3.3352
       2      -2      13       6      3.3208      0.9071
       3      -3       3       6      3.9584      2.2839
       3      -3      -3       6      3.9584      2.2839
       0       0       3       2     17.2594      2.7212
       1      -1      -1       6      4.8480      2.1711
       0       0       6       2      4.5254      0.4090
       0       1       2       6      4.4737      0.5220
       1      -1      -4       6      3.4430      3.8254
       0       1       5       6      2.9557      1.6579
       0       0       9       2      2.2032      1.2033
       1       0       7       6      2.1933      3.0565
       1      -1       8       6      1.9173      3.5559
       1       1       0       6      1.9038      3.7652
       1       1       3      12      1.7815      2.5562
       2      -2       1       6      1.5462      2.0665
       1      -1     -10       6      1.5341      0.0243
       1       1       6      12      1.5278      0.1724
       2       0       2       6      1.5246      0.2732
       0       0      12       2      1.4604      3.2169
       0       2       4       6      1.4506      3.6024
       1      -1      11       6      1.4123      3.2907
       2      -2      -5       6      1.4063      1.6094
       1       1       9      12      1.3283      1.2046
       2      -2       7       6      1.3273      2.8573
       2      -2      -8       6      1.3038      3.3566
       1       0      13       6      1.2994      0.8678
       0       0      15       2      1.3216      3.4229
       2       1       1      12      1.3293      1.9753
       0       1      14       6      1.3302      0.4556
       2      -2      10       6      1.3340      0.2032
       1       2       2      12      1.3381      0.0623
       1       1      12      12      1.3789      3.0492
       2       1       4      12      1.3880      3.3929
       2      -2     -11       6      1.4358      3.0674
       1       2       5      12      1.4458      1.5680
       2       1       7      12      1.7719      2.6811
       1       0      16       6      2.2112      2.7023
       1       2       8      12      2.3791      3.1689
       3      -3       0       6      2.4461      3.3352
       2      -2      13       6      3.3208      0.9071
       3      -3       3       6      3.9584      2.2839
       3      -3      -3       6      3.9584      2.2839
       0       0       3       2     17.2594      2.7212
       1      -1      -1       6      4.8480      2.1711
       0       0       6       2      4.5254      0.4090
       0       1       2       6      4.4737      0.5220
       1      -1      -4       6      3.4430      3.8254
       0       1       5       6      2.9557      1.6579
       0       0       9       2      2.2032      1.2033
       1       0       7       6      2.1933      3.0565
       1      -1       8       6      1.9173      3.5559
       1       1       0       6      1.9038      3.7652
       1       1       3      12      1.7815      2.5562
       2      -2       1       6      1.5462      2.0665
       1      -1     -10       6      1.5341      0.0243
       1       1       6      12      1.5278      0.1724
       2       0       2       6      1.5246      0.2732
       0       0      12       2      1.4604      3.2169
       0       2       4       6      1.4506      3.6024
       1      -1      11       6      1.4123      3.2907
       2      -2      -5       6      1.4063      1.6094
       1       1       9      12      1.3283      1.2046
       2      -2       7       6      1.3273      2.8573
       2      -2      -8       6      1.3038      3.3566
       1       0      13       6      1.2994      0.8678
       0       0      15       2      1.3216      3.4229
       2       1       1      12      1.3293      1.9753
       0       1      14       6      1.3302      0.4556
       2      -2      10       6      1.3340      0.2032
       1       2       2      12      1.3381      0.0623
       1       1      12      12      1.3789      3.0492
       2       1       4      12      1.3880      3.3929
       2      -2     -11       6      1.4358      3.0674
       1       2       5      12      1.4458      1.5680
       2       1       7      12      1.7719      2.6811
       1       0      16       6      2.2112      2.7023
       1       2       8      12      2.3791      3.1689
       3      -3       0       6      2.4461      3.3352
       2      -2      13       6      3.3208      0.9071
       3      -3       3       6      3.9584      2.2839
       3      -3      -3       6      3.9584      2.2839
       0       0       3       2     17.2594      2.7212
       1      -1      -1       6      4.8480      2.1711
       0       0       6       2      4.5254      0.4090
       0       1       2       6      4.4737      0.5220
       1      -1      -4       6      3.4430      3.8254
       0       1       5       6      2.9557      1.6579
       0       0       9       2      2.2032      1.2033
       1       0       7       6      2.1933      3.0565
       1      -1       8       6      1.9173      3.5559
       1       1       0       6      1.9038      3.7652
       1       1       3      12      1.7815      2.5562
       2      -2       1       6      1.5462      2.0665
       1      -1     -10       6      1.5341      0.0243
       1       1       6      12      1.5278      0.1724
       2       0       2       6      1.5246      0.2732
       0       0      12       2      1.4604      3.2169
       0       2       4       6      1.4506      3.6024
       1      -1      11       6      1.4123      3.2907
       2      -2      -5       6      1.4063      1.6094
       1       1       9      12      1.3283      1.2046
       2      -2       7       6      1.3273      2.8573
       2      -2      -8       6      1.3038      3.3566
       1       0      13       6      1.2994      0.8678
       0       0      15       2      1.3216      3.4229
       2       1       1      12      1.3293      1.9753
       0       1      14       6      1.3302      0.4556
       2      -2      10       6      1.3340      0.2032
       1       2       2      12      1.3381      0.0623
       1       1      12      12      1.3789      3.0492
       2       1       4      12      1.3880      3.3929
       2      -2     -11       6      1.4358      3.0674
       1       2       5      12      1.4458      1.5680
       2       1       7      12      1.7719      2.6811
       1       0      16       6      2.2112      2.7023
       1       2       8      12      2.3791      3.1689
       3      -3       0       6      2.4461      3.3352
       2      -2      13       6      3.3208      0.9071
       3      -3       3       6      3.9584      2.2839
       3      -3      -3       6      3.9584      2.2839
       0       0       3       2     17.2594      2.7212
       1      -1      -1       6      4.8480      2.1711
       0       0       6       2      4.5254      0.4090
       0       1       2       6      4.4737      0.5220
       1      -1      -4       6      3.4430      3.8254
       0       1       5       6      2.9557      1.6579
       0       0       9       2      2.2032      1.2033
       1       0       7       6      2.1933      3.0565
       1      -1       8       6      1.9173      3.5559
       1       1       0       6      1.9038      3.7652
       1       1       3      12      1.7815      2.5562
       2      -2       1       6      1.5462      2.0665
       1      -1     -10       6      1.5341      0.0243
       1       1       6      12      1.5278      0.1724
       2       0       2       6      1.5246      0.2732
       0       0      12       2      1.4604      3.2169
       0       2       4       6      1.4506      3.6024
       1      -1      11       6      1.4123      3.2907
       2      -2      -5       6      1.4063      1.6094
       1       1       9      12      1.3283      1.2046
       2      -2       7       6      1.3273      2.8573
       2      -2      -8       6      1.3038      3.3566
       1       0      13       6      1.2994      0.8678
       0       0      15       2      1.3216      3.4229
       2       1       1      12      1.3293      1.9753
       0       1      14       6      1.3302      0.4556
       2      -2      10       6      1.3340      0.2032
       1       2       2      12      1.3381      0.0623
       1       1      12      12      1.3789      3.0492
       2       1       4      12      1.3880      3.3929
       2      -2     -11       6      1.4358      3.0674
       1       2       5      12      1.4458      1.5680
       2       1       7      12      1.7719      2.6811
       1       0      16       6      2.2112      2.7023
       1       2       8      12      2.3791      3.1689
       3      -3       0       6      2.4461      3.3352
       2      -2      13       6      3.3208      0.9071
       3      -3       3       6      3.9584      2.2839
       3      -3      -3       6      3.9584      2.2839
       0       0       3       2     17.2594      2.7212
       1      -1      -1       6      4.8480      2.1711
       0       0       6       2      4.5254      0.4090
       0       1       2       6      4.4737      0.5220
       1      -1      -4       6      3.4430      3.8254
       0       1       5       6      2.9557      1.6579
       0       0       9       2      2.2032      1.2033
       1       0       7       6      2.1933      3.0565
       1      -1       8       6      1.9173      3.5559
       1       1       0       6      1.9038      3.7652
       1       1       3      12      1.7815      2.5562
       2      -2       1       6      1.5462      2.0665
       1      -1     -10       6      1.5341      0.0243
       1       1       6      12      1.5278      0.1724
       2       0       2       6      1.5246      0.2732
       0       0      12       2      1.4604      3.2169
       0       2       4       6      1.4506      3.6024
       1      -1      11       6      1.4123      3.2907
       2      -2      -5       6      1.4063      1.6094
       1       1       9      12      1.3283      1.2046
       2      -2       7       6      1.3273      2.8573
       2      -2      -8       6      1.3038      3.3566
       1       0      13       6      1.2994      0.8678
       0       0      15       2      1.3216      3.4229
       2       1       1      12      1.3293      1.9753
       0       1      14       6      1.3302      0.4556
       2      -2      10       6      1.3340      0.2032
       1       2       2      12      1.3381      0.0623
       1       1      12      12      1.3789      3.0492
       2       1       4      12      1.3880      3.3929
       2      -2     -11       6      1.4358      3.0674
       1       2       5      12      1.4458      1.5680
       2       1       7      12      1.7719      2.6811
       1       0      16       6      2.2112      2.7023
       1       2       8      12      2.3791      3.1689
       3      -3       0       6      2.4461      3.3352
       2      -2      13       6      3.3208      0.9071
       3      -3       3       6      3.9584      2.2839
       3      -3      -3       6      3.9584      2.2839
       0       0       3       2     17.2594      2.7212
       1      -1      -1       6      4.8480      2.1711
       0       0       6       2      4.5254      0.4090
       0       1       2       6      4.4737      0.5220
       1      -1      -4       6      3.4430      3.8254
       0       1       5       6      2.9557      1.6579
       0       0       9       2      2.2032      1.2033
       1       0       7       6      2.1933      3.0565
       1      -1       8       6      1.9173      3.5559
       1       1       0       6      1.9038      3.7652
       1       1       3      12      1.7815      2.5562
       2      -2       1       6      1.5462      2.0665
       1      -1     -10       6      1.5341      0.0243
       1       1       6      12      1.5278      0.1724
       2       0       2       6      1.5246      0.2732
       0       0      12       2      1.4604      3.2169
       0       2       4       6      1.4506      3.6024
       1      -1      11       6      1.4123      3.2907
       2      -2      -5       6      1.4063      1.6094
       1       1       9      12      1.3283      1.2046
       2      -2       7       6      1.3273      2.8573
       2      -2      -8       6      1.3038      3.3566
       1       0      13       6      1.2994      0.8678
       0       0      15       2      1.3216      3.4229
       2       1       1      12      1.3293      1.9753
       0       1      14       6      1.3302      0.4556
       2      -2      10       6      1.3340      0.2032
       1       2       2      12      1.3381      0.0623
       1       1      12      12      1.3789      3.0492
       2       1       4      12      1.3880      3.3929
       2      -2     -11       6      1.4358      3.0674
       1       2       5      12      1.4458      1.5680
       2       1       7      12      1.7719      2.6811
       1       0      16       6      2.2112      2.7023
       1       2       8      12      2.3791      3.1689
       3      -3       0       6      2.4461      3.3352
       2      -2      13       6      3.3208      0.9071
       3      -3       3       6      3.9584      2.2839
       3      -3      -3       6      3.9584      2.2839
       0       0       3       2     17.2594      2.7212
       1      -1      -1       6      4.8480      2.1711
       0       0       6       2      4.5254      0.4090
       0       1       2       6      4.4737      0.5220
       1      -1      -4       6      3.4430      3.8254
       0       1       5       6      2.9557      1.6579
       0       0       9       2      2.2032      1.2033
       1       0       7       6      2.1933      3.0565
       1      -1       8       6      1.9173      3.5559
       1       1       0       6      1.9038      3.7652
       1       1       3      12      1.7815      2.5562
       2      -2       1       6      1.5462      2.0665
       1      -1     -10       6      1.5341      0.0243
       1       1       6      12      1.5278      0.1724
       2       0       2       6      1.5246      0.2732
       0       0      12       2      1.4604      3.2169
       0       2       4       6      1.4506      3.6024
       1      -1      11       6      1.4123      3.2907
       2      -2      -5       6      1.4063      1.6094
       1       1       9      12      1.3283      1.2046
       2      -2       7       6      1.3273      2.8573
       2      -2      -8       6      1.3038      3.3566
       1       0      13       6      1.2994      0.8678
       0       0      15       2      1.3216      3.4229
       2       1       1      12      1.3293      1.9753
       0       1      14       6      1.3302      0.4556
       2      -2      10       6      1.3340      0.2032
       1       2       2      12      1.3381      0.0623
       1       1      12      12      1.3789      3.0492
       2       1       4      12      1.3880      3.3929
       2      -2     -11       6      1.4358      3.0674
       1       2       5      12      1.4458      1.5680
       2       1       7      12      1.7719      2.6811
       1       0      16       6      2.2112      2.7023
       1       2       8      12      2.3791      3.1689
       3      -3       0       6      2.4461      3.3352
       2      -2      13       6      3.3208      0.9071
       3      -3       3       6      3.9584      2.2839
       3      -3      -3       6      3.9584      2.2839
       0       0       3       2     17.2594      2.7212
       1      -1      -1       6      4.8480      2.1711
       0       0       6       2      4.5254      0.4090
       0       1       2       6      4.4737      0.5220
       1      -1      -4       6      3.4430      3.8254
       0       1       5       6      2.9557      1.6579
       0       0       9       2      2.2032      1.2033
       1       0       7       6      2.1933      3.0565
       1      -1       8       6      1.9173      3.5559
       1       1       0       6      1.9038      3.7652
       1       1       3      12      1.7815      2.5562
       2      -2       1       6      1.5462      2.0665
       1      -1     -10       6      1.5341      0.0243
       1       1       6      12      1.5278      0.1724
       2       0       2       6      1.5246      0.2732
       0       0      12       2      1.4604      3.2169
       0       2       4       6      1.4506      3.6024
       1      -1      11       6      1.4123      3.2907
       2      -2      -5       6      1.4063      1.6094
       1       1       9      12      1.3283      1.2046
       2      -2       7       6      1.3273      2.8573
       2      -2      -8       6      1.3038      3.3566
       1       0      13       6      1.2994      0.8678
       0       0      15       2      1.3216      3.4229
       2       1       1      12      1.3293      1.9753
       0       1      14       6      1.3302      0.4556
       2      -2      10       6      1.3340      0.2032
       1       2       2      12      1.3381      0.0623
       1       1      12      12      1.3789      3.0492
       2       1       4      12      1.3880      3.3929
       2      -2     -11       6      1.4358      3.0674
       1       2       5      12      1.4458      1.5680
       2       1       7      12      1.7719      2.6811
       1       0      16       6      2.2112      2.7023
       1       2       8      12      2.3791      3.1689
       3      -3       0       6      2.4461      3.3352
       2      -2      13       6      3.3208      0.9071
       3      -3       3       6      3.9584      2.2839
       3      -3      -3       6      3.9584      2.2839
       0       0       3       2     17.2594      2.7212
       1      -1      -1       6      4.8480      2.1711
       0       0       6       2      4.5254      0.4090
       0       1       2       6      4.4737      0.5220
       1      -1      -4       6      3.4430      3.8254
       0       1       5       6      2.9557      1.6579
       0       0       9       2      2.2032      1.2033
       1       0       7       6      2.1933      3.0565
       1      -1       8       6      1.9173      3.5559
       1       1       0       6      1.9038      3.7652
       1       1       3      12      1.7815      2.5562
       2      -2       1       6      1.5462      2.0665
       1      -1     -10       6      1.5341      0.0243
       1       1       6      12      1.5278      0.1724
       2       0       2       6      1.5246      0.2732
       0       0      12       2      1.4604      3.2169
       0       2       4       6      1.4506      3.6024
       1      -1      11       6      1.4123      3.2907
       2      -2      -5       6      1.4063      1.6094
       1       1       9      12      1.3283      1.2046
       2      -2       7       6      1.3273      2.8573
       2      -2      -8       6      1.3038      3.3566
       1       0      13       6      1.2994      0.8678
       0       0      15       2      1.3216      3.4229
       2       1       1      12      1.3293      1.9753
       0       1      14       6      1.3302      0.4556
       2      -2      10       6      1.3340      0.2032
       1       2       2      12      1.3381      0.0623
       1       1      12      12      1.3789      3.0492
       2       1       4      12      1.3880      3.3929
       2      -2     -11       6      1.4358      3.0674
       1       2       5      12      1.4458      1.5680
       2       1       7      12      1.7719      2.6811
       1       0      16       6      2.2112      2.7023
       1       2       8      12      2.3791      3.1689
       3      -3       0       6      2.4461      3.3352
       2      -2      13       6      3.3208      0.9071
       3      -3       3       6      3.9584      2.2839
       3      -3      -3       6      3.9584      2.2839
       0       0       3       2     17.2594      2.7212
       1      -1      -1       6      4.8480      2.1711
       0       0       6       2      4.5254      0.4090
       0       1       2       6      4.4737      0.5220
       1      -1      -4       6      3.4430      3.8254
       0       1       5       6      2.9557      1.6579
       0       0       9       2      2.2032      1.2033
       1       0       7       6      2.1933      3.0565
       1      -1       8       6      1.9173      3.5559
       1       1       0       6      1.9038      3.7652
       1       1       3      12      1.7815      2.5562
       2      -2       1       6      1.5462      2.0665
       1      -1     -10       6      1.5341      0.0243
       1       1       6      12      1.5278      0.1724
       2       0       2       6      1.5246      0.2732
       0       0      12       2      1.4604      3.2169
       0       2       4       6      1.4506      3.6024
       1      -1      11       6      1.4123      3.2907
       2      -2      -5       6      1.4063      1.6094
       1       1       9      12      1.3283      1.2046
       2      -2       7       6      1.3273      2.8573
       2      -2      -8       6      1.3038      3.3566
       1       0      13       6      1.2994      0.8678
       0       0      15       2      1.3216      3.4229
       2       1       1      12      1.3293      1.9753
       0       1      14       6      1.3302      0.4556
       2      -2      10       6      1.3340      0.2032
       1       2       2      12      1.3381      0.0623
       1       1      12      12      1.3789      3.0492
       2       1       4      12      1.3880      3.3929
       2      -2     -11       6      1.4358      3.0674
       1       2       5      12      1.4458      1.5680
       2       1       7      12      1.7719      2.6811
       1       0      16       6      2.2112      2.7023
       1       2       8      12      2.3791      3.1689
       3      -3       0       6      2.4461      3.3352
       2      -2      13       6      3.3208      0.9071
       3      -3       3       6      3.9584      2.2839
       3      -3      -3       6      3.9584      2.2839
       0       0       3       2     17.2594      2.7212
       1      -1      -1       6      4.8480      2.1711
       0       0       6       2      4.5254      0.4090
       0       1       2       6      4.4737      0.5220
       1      -1      -4       6      3.4430      3.8254
       0       1       5       6      2.9557      1.6579
       0       0       9       2      2.2032      1.2033
       1       0       7       6      2.1933      3.0565
       1      -1       8       6      1.9173      3.5559
       1       1       0       6      1.9038      3.7652
       1       1       3      12      1.7815      2.5562
       2      -2       1       6      1.5462      2.0665
       1      -1     -10       6      1.5341      0.0243
       1       1       6      12      1.5278      0.1724
       2       0       2       6      1.5246      0.2732
       0       0      12       2      1.4604      3.2169
       0       2       4       6      1.4506      3.6024
       1      -1      11       6      1.4123      3.2907
       2      -2      -5       6      1.4063      1.6094
       1       1       9      12      1.3283      1.2046
       2      -2       7       6      1.3273      2.8573
       2      -2      -8       6      1.3038      3.3566
       1       0      13       6      1.2994      0.8678
       0       0      15       2      1.3216      3.4229
       2       1       1      12      1.3293      1.9753
       0       1      14       6      1.3302      0.4556
       2      -2      10       6      1.3340      0.2032
       1       2       2      12      1.3381      0.0623
       1       1      12      12      1.3789      3.0492
       2       1       4      12      1.3880      3.3929
       2      -2     -11       6      1.4358      3.0674
       1       2       5      12      1.4458      1.5680
       2       1       7      12      1.7719      2.6811
       1       0      16       6      2.2112      2.7023
       1       2       8      12      2.3791      3.1689
       3      -3       0       6      2.4461      3.3352
       2      -2      13       6      3.3208      0.9071
       3      -3       3       6      3.9584      2.2839
       3      -3      -3       6      3.9584      2.2839
       0       0       3       2     17.2594      2.7212
       1      -1      -1       6      4.8480      2.1711
       0       0       6       2      4.5254      0.4090
       0       1       2       6      4.4737      0.5220
       1      -1      -4       6      3.4430      3.8254
       0       1       5       6      2.9557      1.6579
       0       0       9       2      2.2032      1.2033
       1       0       7       6      2.1933      3.0565
       1      -1       8       6      1.9173      3.5559
       1       1       0       6      1.9038      3.7652
       1       1       3      12      1.7815      2.5562
       2      -2       1       6      1.5462      2.0665
       1      -1     -10       6      1.5341      0.0243
       1       1       6      12      1.5278      0.1724
       2       0       2       6      1.5246      0.2732
       0       0      12       2      1.4604      3.2169
       0       2       4       6      1.4506      3.6024
       1      -1      11       6      1.4123      3.2907
       2      -2      -5       6      1.4063      1.6094
       1       1       9      12      1.3283      1.2046
       2      -2       7       6      1.3273      2.8573
       2      -2      -8       6      1.3038      3.3566
       1       0      13       6      1.2994      0.8678
       0       0      15       2      1.3216      3.4229
       2       1       1      12      1.3293      1.9753
       0       1      14       6      1.3302      0.4556
       2      -2      10       6      1.3340      0.2032
       1       2       2      12      1.3381      0.0623
       1       1      12      12      1.3789      3.0492
       2       1       4      12      1.3880      3.3929
       2      -2     -11       6      1.4358      3.0674
       1       2       5      12      1.4458      1.5680
       2       1       7      12      1.7719      2.6811
       1       0      16       6      2.2112      2.7023
       1       2       8      12      2.3791      3.1689
       3      -3       0       6      2.4461      3.3352
       2      -2      13       6      3.3208      0.9071
       3      -3       3       6      3.9584      2.2839
       3      -3      -3       6      3.9584      2.2839
       0       0       3       2     17.2594      2.7212
       1      -1      -1       6      4.8480      2.1711
       0       0       6       2      4.5254      0.4090
       0       1       2       6      4.4737      0.5220
       1      -1      -4       6      3.4430      3.8254
       0       1       5       6      2.9557      1.6579
       0       0       9       2      2.2032      1.2033
       1       0       7       6      2.1933      3.0565
       1      -1       8       6      1.9173      3.5559
       1       1       0       6      1.9038      3.7652
       1       1       3      12      1.7815      2.5562
       2      -2       1       6      1.5462      2.0665
       1      -1     -10       6      1.5341      0.0243
       1       1       6      12      1.5278      0.1724
       2       0       2       6      1.5246      0.2732
       0       0      12       2      1.4604      3.2169
       0       2       4       6      1.4506      3.6024
       1      -1      11       6      1.4123      3.2907
       2      -2      -5       6      1.4063      1.6094
       1       1       9      12      1.3283      1.2046
       2      -2       7       6      1.3273      2.8573
       2      -2      -8       6      1.3038      3.3566
       1       0      13       6      1.2994      0.8678
       0       0      15       2      1.3216      3.4229
       2       1       1      12      1.3293      1.9753
       0       1      14       6      1.3302      0.4556
       2      -2      10       6      1.3340      0.2032
       1       2       2      12      1.3381      0.0623
       1       1      12      12      1.3789      3.0492
       2       1       4      12      1.3880      3.3929
       2      -2     -11       6      1.4358      3.0674
       1       2       5      12      1.4458      1.5680
       2       1       7      12      1.7719      2.6811
       1       0      16       6      2.2112      2.7023
       1       2       8      12      2.3791      3.1689
       3      -3       0       6      2.4461      3.3352
       2      -2      13       6      3.3208      0.9071
       3      -3       3       6      3.9584      2.2839
       3      -3      -3       6      3.9584      2.2839
       0       0       3       2     17.2594      2.7212
       1      -1      -1       6      4.8480      2.1711
       0       0       6       2      4.5254      0.4090
       0       1       2       6      4.4737      0.5220
       1      -1      -4       6      3.4430      3.8254
       0       1       5       6      2.9557      1.6579
       0       0       9       2      2.2032      1.2033
       1       0       7       6      2.1933      3.0565
       1      -1       8       6      1.9173      3.5559
       1       1       0       6      1.9038      3.7652
       1       1       3      12      1.7815      2.5562
       2      -2       1       6      1.5462      2.0665
       1      -1     -10       6      1.5341      0.0243
       1       1       6      12      1.5278      0.1724
       2       0       2       6      1.5246      0.2732
       0       0      12       2      1.4604      3.2169
       0       2       4       6      1.4506      3.6024
       1      -1      11       6      1.4123      3.2907
       2      -2      -5       6      1.4063      1.6094
       1       1       9      12      1.3283      1.2046
       2      -2       7       6      1.3273      2.8573
       2      -2      -8       6      1.3038      3.3566
       1       0      13       6      1.2994      0.8678
       0       0      15       2      1.3216      3.4229
       2       1       1      12      1.3293      1.9753
       0       1      14       6      1.3302      0.4556
       2      -2      10       6      1.3340      0.2032
       1       2       2      12      1.3381      0.0623
       1       1      12      12      1.3789      3.0492
       2       1       4      12      1.3880      3.3929
       2      -2     -11       6      1.4358      3.0674
       1       2       5      12      1.4458      1.5680
       2       1       7      12      1.7719      2.6811
       1       0      16       6      2.2112      2.7023
       1       2       8      12      2.3791      3.1689
       3      -3       0       6      2.4461      3.3352
       2      -2      13       6      3.3208      0.9071
       3      -3       3       6      3.9584      2.2839
       3      -3      -3       6      3.9584      2.2839
       0       0       3       2     17.2594      2.7212
       1      -1      -1       6      4.8480      2.1711
       0       0       6       2      4.5254      0.4090
       0       1       2       6      4.4737      0.5220
       1      -1      -4       6      3.4430      3.8254
       0       1       5       6      2.9557      1.6579
       0       0       9       2      2.2032      1.2033
       1       0       7       6      2.1933      3.0565
       1      -1       8       6      1.9173      3.5559
       1       1       0       6      1.9038      3.7652
       1       1       3      12      1.7815      2.5562
       2      -2       1       6      1.5462      2.0665
       1      -1     -10       6      1.5341      0.0243
       1       1       6      12      1.5278      0.1724
       2       0       2       6      1.5246      0.2732
       0       0      12       2      1.4604      3.2169
       0       2       4       6      1.4506      3.6024
       1      -1      11       6      1.4123      3.2907
       2      -2      -5       6      1.4063      1.6094
       1       1       9      12      1.3283      1.2046
       2      -2       7       6      1.3273      2.8573
       2      -2      -8       6      1.3038      3.3566
       1       0      13       6      1.2994      0.8678
       0       0      15       2      1.3216      3.4229
       2       1       1      12      1.3293      1.9753
       0       1      14       6      1.3302      0.4556
       2      -2      10       6      1.3340      0.2032
       1       2       2      12      1.3381      0.0623
       1       1      12      12      1.3789      3.0492
       2       1       4      12      1.3880      3.3929
       2      -2     -11       6      1.4358      3.0674
       1       2       5      12      1.4458      1.5680
       2       1       7      12      1.7719      2.6811
       1       0      16       6      2.2112      2.7023
       1       2       8      12      2.3791      3.1689
       3      -3       0       6      2.4461      3.3352
       2      -2      13       6      3.3208      0.9071
       3      -3       3       6      3.9584      2.2839
       3      -3      -3       6      3.9584      2.2839
       0       0       3       2     17.2594      2.7212
       1      -1      -1       6      4.8480      2.1711
       0       0       6       2      4.5254      0.4090
       0       1       2       6      4.4737      0.5220
       1      -1      -4       6      3.4430      3.8254
       0       1       5       6      2.9557      1.6579
       0       0       9       2      2.2032      1.2033
       1       0       7       6      2.1933      3.0565
       1      -1       8       6      1.9173      3.5559
       1       1       0       6      1.9038      3.7652
       1       1       3      12      1.7815      2.5562
       2      -2       1       6      1.5462      2.0665
       1      -1     -10       6      1.5341      0.0243
       1       1       6      12      1.5278      0.1724
       2       0       2       6      1.5246      0.2732
       0       0      12       2      1.4604      3.2169
       0       2       4       6      1.4506      3.6024
       1      -1      11       6      1.4123      3.2907
       2      -2      -5       6      1.4063      1.6094
       1       1       9      12      1.3283      1.2046
       2      -2       7       6      1.3273      2.8573
       2      -2      -8       6      1.3038      3.3566
       1       0      13       6      1.2994      0.8678
       0       0      15       2      1.3216      3.4229
       2       1       1      12      1.3293      1.9753
       0       1      14       6      1.3302      0.4556
       2      -2      10       6      1.3340      0.2032
       1       2       2      12      1.3381      0.0623
       1       1      12      12      1.3789      3.0492
       2       1       4      12      1.3880      3.3929
       2      -2     -11       6      1.4358      3.0674
       1       2       5      12      1.4458      1.5680
       2       1       7      12      1.7719      2.6811
       1       0      16       6      2.2112      2.7023
       1       2       8      12      2.3791      3.1689
       3      -3       0       6      2.4461      3.3352
       2      -2      13       6      3.3208      0.9071
       3      -3       3       6      3.9584      2.2839
       3      -3      -3       6      3.9584      2.2839
       0       0       3       2     17.2594      2.7212
       1      -1      -1       6      4.8480      2.1711
       0       0       6       2      4.5254      0.4090
       0       1       2       6      4.4737      0.5220
       1      -1      -4       6      3.4430      3.8254
       0       1       5       6      2.9557      1.6579
       0       0       9       2      2.2032      1.2033
       1       0       7       6      2.1933      3.0565
       1      -1       8       6      1.9173      3.5559
       1       1       0       6      1.9038      3.7652
       1       1       3      12      1.7815      2.5562
       2      -2       1       6      1.5462      2.0665
       1      -1     -10       6      1.5341      0.0243
       1       1       6      12      1.5278      0.1724
       2       0       2       6      1.5246      0.2732
       0       0      12       2      1.4604      3.2169
       0       2       4       6      1.4506      3.6024
       1      -1      11       6      1.4123      3.2907
       2      -2      -5       6      1.4063      1.6094
       1       1       9      12      1.3283      1.2046
       2      -2       7       6      1.3273      2.8573
       2      -2      -8       6      1.3038      3.3566
       1       0      13       6      1.2994      0.8678
       0       0      15       2      1.3216      3.4229
       2       1       1      12      1.3293      1.9753
       0       1      14       6      1.3302      0.4556
       2      -2      10       6      1.3340      0.2032
       1       2       2      12      1.3381      0.0623
       1       1      12      12      1.3789      3.0492
       2       1       4      12      1.3880      3.3929
       2      -2     -11       6      1.4358      3.0674
       1       2       5      12      1.4458      1.5680
       2       1       7      12      1.7719      2.6811
       1       0      16       6      2.2112      2.7023
       1       2       8      12      2.3791      3.1689
       3      -3       0       6      2.4461      3.3352
       2      -2      13       6      3.3208      0.9071
       3      -3       3       6      3.9584      2.2839
       3      -3      -3       6      3.9584      2.2839
       0       0       3       2     17.2594      2.7212
       1      -1      -1       6      4.8480      2.1711
       0       0       6       2      4.5254      0.4090
       0       1       2       6      4.4737      0.5220
       1      -1      -4       6      3.4430      3.8254
       0       1       5       6      2.9557      1.6579
       0       0       9       2      2.2032      1.2033
       1       0       7       6      2.1933      3.0565
       1      -1       8       6      1.9173      3.5559
       1       1       0       6      1.9038      3.7652
       1       1       3      12      1.7815      2.5562
       2      -2       1       6      1.5462      2.0665
       1      -1     -10       6      1.5341      0.0243
       1       1       6      12      1.5278      0.1724
       2       0       2       6      1.5246      0.2732
       0       0      12       2      1.4604      3.2169
       0       2       4       6      1.4506      3.6024
       1      -1      11       6      1.4123      3.2907
       2      -2      -5       6      1.4063      1.6094
       1       1       9      12      1.3283      1.2046
       2      -2       7       6      1.3273      2.8573
       2      -2      -8       6      1.3038      3.3566
       1       0      13       6      1.2994      0.8678
       0       0      15       2      1.3216      3.4229
       2       1       1      12      1.3293      1.9753
       0       1      14       6      1.3302      0.4556
       2      -2      10       6      1.3340      0.2032
       1       2       2      12      1.3381      0.0623
       1       1      12      12      1.3789      3.0492
       2       1       4      12      1.3880      3.3929
       2      -2     -11       6      1.4358      3.0674
       1       2       5      12      1.4458      1.5680
       2       1       7      12      1.7719      2.6811
       1       0      16       6      2.2112      2.7023
       1       2       8      12      2.3791      3.1689
       3      -3       0       6      2.4461      3.3352
       2      -2      13       6      3.3208      0.9071
       3      -3       3       6      3.9584      2.2839
       3      -3      -3       6      3.9584      2.2839
       0       0       3       2     17.2594      2.7212
       1      -1      -1       6      4.8480      2.1711
       0       0       6       2      4.5254      0.4090
       0       1       2       6      4.4737      0.5220
       1      -1      -4       6      3.4430      3.8254
       0       1       5       6      2.9557      1.6579
       0       0       9       2      2.2032      1.2033
       1       0       7       6      2.1933      3.0565
       1      -1       8       6      1.9173      3.5559
       1       1       0       6      1.9038      3.7652
       1       1       3      12      1.7815      2.5562
       2      -2       1       6      1.5462      2.0665
       1      -1     -10       6      1.5341      0.0243
       1       1       6      12      1.5278      0.1724
       2       0       2       6      1.5246      0.2732
       0       0      12       2      1.4604      3.2169
       0       2       4       6      1.4506      3.6024
       1      -1      11       6      1.4123      3.2907
       2      -2      -5       6      1.4063      1.6094
       1       1       9      12      1.3283      1.2046
       2      -2       7       6      1.3273      2.8573
       2      -2      -8       6      1.3038      3.3566
       1       0      13       6      1.2994      0.8678
       0       0      15       2      1.3216      3.4229
       2       1       1      12      1.3293      1.9753
       0       1      14       6      1.3302      0.4556
       2      -2      10       6      1.3340      0.2032
       1       2       2      12      1.3381      0.0623
       1       1      12      12      1.3789      3.0492
       2       1       4      12      1.3880      3.3929
       2      -2     -11       6      1.4358      3.0674
       1       2       5      12      1.4458      1.5680
       2       1       7      12      1.7719      2.6811
       1       0      16       6      2.2112      2.7023
       1       2       8      12      2.3791      3.1689
       3      -3       0       6      2.4461      3.3352
       2      -2      13       6      3.3208      0.9071
       3      -3       3       6      3.9584      2.2839
       3      -3      -3       6      3.9584      2.2839
       0       0       3       2     17.2594      2.7212
       1      -1      -1       6      4.8480      2.1711
       0       0       6       2      4.5254      0.4090
       0       1       2       6      4.4737      0.5220
       1      -1      -4       6      3.4430      3.8254
       0       1       5       6      2.9557      1.6579
       0       0       9       2      2.2032      1.2033
       1       0       7       6      2.1933      3.0565
       1      -1       8       6      1.9173      3.5559
       1       1       0       6      1.9038      3.7652
       1       1       3      12      1.7815      2.5562
       2      -2       1       6      1.5462      2.0665
       1      -1     -10       6      1.5341      0.0243
       1       1       6      12      1.5278      0.1724
       2       0       2       6      1.5246      0.2732
       0       0      12       2      1.4604      3.2169
       0       2       4       6      1.4506      3.6024
       1      -1      11       6      1.4123      3.2907
       2      -2      -5       6      1.4063      1.6094
       1       1       9      12      1.3283      1.2046
       2      -2       7       6      1.3273      2.8573
       2      -2      -8       6      1.3038      3.3566
       1       0      13       6      1.2994      0.8678
       0       0      15       2      1.3216      3.4229
       2       1       1      12      1.3293      1.9753
       0       1      14       6      1.3302      0.4556
       2      -2      10       6      1.3340      0.2032
       1       2       2      12      1.3381      0.0623
       1       1      12      12      1.3789      3.0492
       2       1       4      12      1.3880      3.3929
       2      -2     -11       6      1.4358      3.0674
       1       2       5      12      1.4458      1.5680
       2       1       7      12      1.7719      2.6811
       1       0      16       6      2.2112      2.7023
       1       2       8      12      2.3791      3.1689
       3      -3       0       6      2.4461      3.3352
       2      -2      13       6      3.3208      0.9071
       3      -3       3       6      3.9584      2.2839
       3      -3      -3       6      3.9584      2.2839
       0       0       3       2     17.2594      2.7212
       1      -1      -1       6      4.8480      2.1711
       0       0       6       2      4.5254      0.4090
       0       1       2       6      4.4737      0.5220
       1      -1      -4       6      3.4430      3.8254
       0       1       5       6      2.9557      1.6579
       0       0       9       2      2.2032      1.2033
       1       0       7       6      2.1933      3.0565
       1      -1       8       6      1.9173      3.5559
       1       1       0       6      1.9038      3.7652
       1       1       3      12      1.7815      2.5562
       2      -2       1       6      1.5462      2.0665
       1      -1     -10       6      1.5341      0.0243
       1       1       6      12      1.5278      0.1724
       2       0       2       6      1.5246      0.2732
       0       0      12       2      1.4604      3.2169
       0       2       4       6      1.4506      3.6024
       1      -1      11       6      1.4123      3.2907
       2      -2      -5       6      1.4063      1.6094
       1       1       9      12      1.3283      1.2046
       2      -2       7       6      1.3273      2.8573
       2      -2      -8       6      1.3038      3.3566
       1       0      13       6      1.2994      0.8678
       0       0      15       2      1.3216      3.4229
       2       1       1      12      1.3293      1.9753
       0       1      14       6      1.3302      0.4556
       2      -2      10       6      1.3340      0.2032
       1       2       2      12      1.3381      0.0623
       1       1      12      12      1.3789      3.0492
       2       1       4      12      1.3880      3.3929
       2      -2     -11       6      1.4358      3.0674
       1       2       5      12      1.4458      1.5680
       2       1       7      12      1.7719      2.6811
       1       0      16       6      2.2112      2.7023
       1       2       8      12      2.3791      3.1689
       3      -3       0       6      2.4461      3.3352
       2      -2      13       6      3.3208      0.9071
       3      -3       3       6      3.9584      2.2839
       3      -3      -3       6      3.9584      2.2839
       0       0       3       2     17.2594      2.7212
       1      -1      -1       6      4.8480      2.1711
       0       0       6       2      4.5254      0.4090
       0       1       2       6      4.4737      0.5220
       1      -1      -4       6      3.4430      3.8254
       0       1       5       6      2.9557      1.6579
       0       0       9       2      2.2032      1.2033
       1       0       7       6      2.1933      3.0565
       1      -1       8       6      1.9173      3.5559
       1       1       0       6      1.9038      3.7652
       1       1       3      12      1.7815      2.5562
       2      -2       1       6      1.5462      2.0665
       1      -1     -10       6      1.5341      0.0243
       1       1       6      12      1.5278      0.1724
       2       0       2       6      1.5246      0.2732
       0       0      12       2      1.4604      3.2169
       0       2       4       6      1.4506      3.6024
       1      -1      11       6      1.4123      3.2907
       2      -2      -5       6      1.4063      1.6094
       1       1       9      12      1.3283      1.2046
       2      -2       7       6      1.3273      2.8573
       2      -2      -8       6      1.3038      3.3566
       1       0      13       6      1.2994      0.8678
       0       0      15       2      1.3216      3.4229
       2       1       1      12      1.3293      1.9753
       0       1      14       6      1.3302      0.4556
       2      -2      10       6      1.3340      0.2032
       1       2       2      12      1.3381      0.0623
       1       1      12      12      1.3789      3.0492
       2       1       4      12      1.3880      3.3929
       2      -2     -11       6      1.4358      3.0674
       1       2       5      12      1.4458      1.5680
       2       1       7      12      1.7719      2.6811
       1       0      16       6      2.2112      2.7023
       1       2       8      12      2.3791      3.1689
       3      -3       0       6      2.4461      3.3352
       2      -2      13       6      3.3208      0.9071
       3      -3       3       6      3.9584      2.2839
       3      -3      -3       6      3.9584      2.2839
       0       0       3       2     17.2594      2.7212
       1      -1      -1       6      4.8480      2.1711
       0       0       6       2      4.5254      0.4090
       0       1       2       6      4.4737      0.5220
       1      -1      -4       6      3.4430      3.8254
       0       1       5       6      2.9557      1.6579
       0       0       9       2      2.2032      1.2033
       1       0       7       6      2.1933      3.0565
       1      -1       8       6      1.9173      3.5559
       1       1       0       6      1.9038      3.7652
       1       1       3      12      1.7815      2.5562
       2      -2       1       6      1.5462      2.0665
       1      -1     -10       6      1.5341      0.0243
       1       1       6      12      1.5278      0.1724
       2       0       2       6      1.5246      0.2732
       0       0      12       2      1.4604      3.2169
       0       2       4       6      1.4506      3.6024
       1      -1      11       6      1.4123      3.2907
       2      -2      -5       6      1.4063      1.6094
       1       1       9      12      1.3283      1.2046
       2      -2       7       6      1.3273      2.8573
       2      -2      -8       6      1.3038      3.3566
       1       0      13       6      1.2994      0.8678
       0       0      15       2      1.3216      3.4229
       2       1       1      12      1.3293      1.9753
       0       1      14       6      1.3302      0.4556
       2      -2      10       6      1.3340      0.2032
       1       2       2      12      1.3381      0.0623
       1       1      12      12      1.3789      3.0492
       2       1       4      12      1.3880      3.3929
       2      -2     -11       6      1.4358      3.0674
       1       2       5      12      1.4458      1.5680
       2       1       7      12      1.7719      2.6811
       1       0      16       6      2.2112      2.7023
       1       2       8      12      2.3791      3.1689
       3      -3       0       6      2.4461      3.3352
       2      -2      13       6      3.3208      0.9071
       3      -3       3       6      3.9584      2.2839
       3      -3      -3       6      3.9584      2.2839
       0       0       3       2     17.2594      2.7212
       1      -1      -1       6      4.8480      2.1711
       0       0       6       2      4.5254      0.4090
       0       1       2       6      4.4737      0.5220
       1      -1      -4       6      3.4430      3.8254
       0       1       5       6      2.9557      1.6579
       0       0       9       2      2.2032      1.2033
       1       0       7       6      2.1933      3.0565
       1      -1       8       6      1.9173      3.5559
       1       1       0       6      1.9038      3.7652
       1       1       3      12      1.7815      2.5562
       2      -2       1       6      1.5462      2.0665
       1      -1     -10       6      1.5341      0.0243
       1       1       6      12      1.5278      0.1724
       2       0       2       6      1.5246      0.2732
       0       0      12       2      1.4604      3.2169
       0       2       4       6      1.4506      3.6024
       1      -1      11       6      1.4123      3.2907
       2      -2      -5       6      1.4063      1.6094
       1       1       9      12      1.3283      1.2046
       2      -2       7       6      1.3273      2.8573
       2      -2      -8       6      1.3038      3.3566
       1       0      13       6      1.2994      0.8678
       0       0      15       2      1.3216      3.4229
       2       1       1      12      1.3293      1.9753
       0       1      14       6      1.3302      0.4556
       2      -2      10       6      1.3340      0.2032
       1       2       2      12      1.3381      0.0623
       1       1      12      12      1.3789      3.0492
       2       1       4      12      1.3880      3.3929
       2      -2     -11       6      1.4358      3.0674
       1       2       5      12      1.4458      1.5680
       2       1       7      12      1.7719      2.6811
       1       0      16       6      2.2112      2.7023
       1       2       8      12      2.3791      3.1689
       3      -3       0       6      2.4461      3.3352
       2      -2      13       6      3.3208      0.9071
       3      -3       3       6      3.9584      2.2839
       3      -3      -3       6      3.9584      2.2839
       0       0       3       2     17.2594      2.7212
       1      -1      -1       6      4.8480      2.1711
       0       0       6       2      4.5254      0.4090
       0       1       2       6      4.4737      0.5220
       1      -1      -4       6      3.4430      3.8254
       0       1       5       6      2.9557      1.6579
       0       0       9       2      2.2032      1.2033
       1       0       7       6      2.1933      3.0565
       1      -1       8       6      1.9173      3.5559
       1       1       0       6      1.9038      3.7652
       1       1       3      12      1.7815      2.5562
       2      -2       1       6      1.5462      2.0665
       1      -1     -10       6      1.5341      0.0243
       1       1       6      12      1.5278      0.1724
       2       0       2       6      1.5246      0.2732
       0       0      12       2      1.4604      3.2169
       0       2       4       6      1.4506      3.6024
       1      -1      11       6      1.4123      3.2907
       2      -2      -5       6      1.4063      1.6094
       1       1       9      12      1.3283      1.2046
       2      -2       7       6      1.3273      2.8573
       2      -2      -8       6      1.3038      3.3566
       1       0      13       6      1.2994      0.8678
       0       0      15       2      1.3216      3.4229
       2       1       1      12      1.3293      1.9753
       0       1      14       6      1.3302      0.4556
       2      -2      10       6      1.3340      0.2032
       1       2       2      12      1.3381      0.0623
       1       1      12      12      1.3789      3.0492
       2       1       4      12      1.3880      3.3929
       2      -2     -11       6      1.4358      3.0674
       1       2       5      12      1.4458      1.5680
       2       1       7      12      1.7719      2.6811
       1       0      16       6      2.2112      2.7023
       1       2       8      12      2.3791      3.1689
       3      -3       0       6      2.4461      3.3352
       2      -2      13       6      3.3208      0.9071
       3      -3       3       6      3.9584      2.2839
       3      -3      -3       6      3.9584      2.2839
       0       0       3       2     17.2594      2.7212
       1      -1      -1       6      4.8480      2.1711
       0       0       6       2      4.5254      0.4090
       0       1       2       6      4.4737      0.5220
       1      -1      -4       6      3.4430      3.8254
       0       1       5       6      2.9557      1.6579
       0       0       9       2      2.2032      1.2033
       1       0       7       6      2.1933      3.0565
       1      -1       8       6      1.9173      3.5559
       1       1       0       6      1.9038      3.7652
       1       1       3      12      1.7815      2.5562
       2      -2       1       6      1.5462      2.0665
       1      -1     -10       6      1.5341      0.0243
       1       1       6      12      1.5278      0.1724
       2       0       2       6      1.5246      0.2732
       0       0      12       2      1.4604      3.2169
       0       2       4       6      1.4506      3.6024
       1      -1      11       6      1.4123      3.2907
       2      -2      -5       6      1.4063      1.6094
       1       1       9      12      1.3283      1.2046
       2      -2       7       6      1.3273      2.8573
       2      -2      -8       6      1.3038      3.3566
       1       0      13       6      1.2994      0.8678
       0       0      15       2      1.3216      3.4229
       2       1       1      12      1.3293      1.9753
       0       1      14       6      1.3302      0.4556
       2      -2      10       6      1.3340      0.2032
       1       2       2      12      1.3381      0.0623
       1       1      12      12      1.3789      3.0492
       2       1       4      12      1.3880      3.3929
       2      -2     -11       6      1.4358      3.0674
       1       2       5      12      1.4458      1.5680
       2       1       7      12      1.7719      2.6811
       1       0      16       6      2.2112      2.7023
       1       2       8      12      2.3791      3.1689
       3      -3       0       6      2.4461      3.3352
       2      -2      13       6      3.3208      0.9071
       3      -3       3       6      3.9584      2.2839
       3      -3      -3       6      3.9584      2.2839
       0       0       3       2     17.2594      2.7212
       1      -1      -1       6      4.8480      2.1711
       0       0       6       2      4.5254      0.4090
       0       1       2       6      4.4737      0.5220
       1      -1      -4       6      3.4430      3.8254
       0       1       5       6      2.9557      1.6579
       0       0       9       2      2.2032      1.2033
       1       0       7       6      2.1933      3.0565
       1      -1       8       6      1.9173      3.5559
       1       1       0       6      1.9038      3.7652
       1       1       3      12      1.7815      2.5562
       2      -2       1       6      1.5462      2.0665
       1      -1     -10       6      1.5341      0.0243
       1       1       6      12      1.5278      0.1724
       2       0       2       6      1.5246      0.2732
       0       0      12       2      1.4604      3.2169
       0       2       4       6      1.4506      3.6024
       1      -1      11       6      1.4123      3.2907
       2      -2      -5       6      1.4063      1.6094
       1       1       9      12      1.3283      1.2046
       2      -2       7       6      1.3273      2.8573
       2      -2      -8       6      1.3038      3.3566
       1       0      13       6      1.2994      0.8678
       0       0      15       2      1.3216      3.4229
       2       1       1      12      1.3293      1.9753
       0       1      14       6      1.3302      0.4556
       2      -2      10       6      1.3340      0.2032
       1       2       2      12      1.3381      0.0623
       1       1      12      12      1.3789      3.0492
       2       1       4      12      1.3880      3.3929
       2      -2     -11       6      1.4358      3.0674
       1       2       5      12      1.4458      1.5680
       2       1       7      12      1.7719      2.6811
       1       0      16       6      2.2112      2.7023
       1       2       8      12      2.3791      3.1689
       3      -3       0       6      2.4461      3.3352
       2      -2      13       6      3.3208      0.9071
       3      -3       3       6      3.9584      2.2839
       3      -3      -3       6      3.9584      2.2839
       0       0       3       2     17.2594      2.7212
       1      -1      -1       6      4.8480      2.1711
       0       0       6       2      4.5254      0.4090
       0       1       2       6      4.4737      0.5220
       1      -1      -4       6      3.4430      3.8254
       0       1       5       6      2.9557      1.6579
       0       0       9       2      2.2032      1.2033
       1       0       7       6      2.1933      3.0565
       1      -1       8       6      1.9173      3.5559
       1       1       0       6      1.9038      3.7652
       1       1       3      12      1.7815      2.5562
       2      -2       1       6      1.5462      2.0665
       1      -1     -10       6      1.5341      0.0243
       1       1       6      12      1.5278      0.1724
       2       0       2       6      1.5246      0.2732
       0       0      12       2      1.4604      3.2169
       0       2       4       6      1.4506      3.6024
       1      -1      11       6      1.4123      3.2907
       2      -2      -5       6      1.4063      1.6094
       1       1       9      12      1.3283      1.2046
       2      -2       7       6      1.3273      2.8573
       2      -2      -8       6      1.3038      3.3566
       1       0      13       6      1.2994      0.8678
       0       0      15       2      1.3216      3.4229
       2       1       1      12      1.3293      1.9753
       0       1      14       6      1.3302      0.4556
       2      -2      10       6      1.3340      0.2032
       1       2       2      12      1.3381      0.0623
       1       1      12      12      1.3789      3.0492
       2       1       4      12      1.3880      3.3929
       2      -2     -11       6      1.4358      3.0674
       1       2       5      12      1.4458      1.5680
       2       1       7      12      1.7719      2.6811
       1       0      16       6      2.2112      2.7023
       1       2       8      12      2.3791      3.1689
       3      -3       0       6      2.4461      3.3352
       2      -2      13       6      3.3208      0.9071
       3      -3       3       6      3.9584      2.2839
       3      -3      -3       6      3.9584      2.2839
       0       0       3       2     17.2594      2.7212
       1      -1      -1       6      4.8480      2.1711
       0       0       6       2      4.5254      0.4090
       0       1       2       6      4.4737      0.5220
       1      -1      -4       6      3.4430      3.8254
       0       1       5       6      2.9557      1.6579
       0       0       9       2      2.2032      1.2033
       1       0       7       6      2.1933      3.0565
       1      -1       8       6      1.9173      3.5559
       1       1       0       6      1.9038      3.7652
       1       1       3      12      1.7815      2.5562
       2      -2       1       6      1.5462      2.0665
       1      -1     -10       6      1.5341      0.0243
       1       1       6      12      1.5278      0.1724
       2       0       2       6      1.5246      0.2732
       0       0      12       2      1.4604      3.2169
       0       2       4       6      1.4506      3.6024
       1      -1      11       6      1.4123      3.2907
       2      -2      -5       6      1.4063      1.6094
       1       1       9      12      1.3283      1.2046
       2      -2       7       6      1.3273      2.8573
       2      -2      -8       6      1.3038      3.3566
       1       0      13       6      1.2994      0.8678
       0       0      15       2      1.3216      3.4229
       2       1       1      12      1.3293      1.9753
       0       1      14       6      1.3302      0.4556
       2      -2      10       6      1.3340      0.2032
       1       2       2      12      1.3381      0.0623
       1       1      12      12      1.3789      3.0492
       2       1       4      12      1.3880      3.3929
       2      -2     -11       6      1.4358      3.0674
       1       2       5      12      1.4458      1.5680
       2       1       7      12      1.7719      2.6811
       1       0      16       6      2.2112      2.7023
       1       2       8      12      2.3791      3.1689
       3      -3       0       6      2.4461      3.3352
       2      -2      13       6      3.3208      0.9071
       3      -3       3       6      3.9584      2.2839
       3      -3      -3       6      3.9584      2.2839
       0       0       3       2     17.2594      2.7212
       1      -1      -1       6      4.8480      2.1711
       0       0       6       2      4.5254      0.4090
       0       1       2       6      4.4737      0.5220
       1      -1      -4       6      3.4430      3.8254
       0       1       5       6      2.9557      1.6579
       0       0       9       2      2.2032      1.2033
       1       0       7       6      2.1933      3.0565
       1      -1       8       6      1.9173      3.5559
       1       1       0       6      1.9038      3.7652
       1       1       3      12      1.7815      2.5562
       2      -2       1       6      1.5462      2.0665
       1      -1     -10       6      1.5341      0.0243
       1       1       6      12      1.5278      0.1724
       2       0       2       6      1.5246      0.2732
       0       0      12       2      1.4604      3.2169
       0       2       4       6      1.4506      3.6024
       1      -1      11       6      1.4123      3.2907
       2      -2      -5       6      1.4063      1.6094
       1       1       9      12      1.3283      1.2046
       2      -2       7       6      1.3273      2.8573
       2      -2      -8       6      1.3038      3.3566
       1       0      13       6      1.2994      0.8678
       0       0      15       2      1.3216      3.4229
       2       1       1      12      1.3293      1.9753
       0       1      14       6      1.3302      0.4556
       2      -2      10       6      1.3340      0.2032
       1       2       2      12      1.3381      0.0623
       1       1      12      12      1.3789      3.0492
       2       1       4      12      1.3880      3.3929
       2      -2     -11       6      1.4358      3.0674
       1       2       5      12      1.4458      1.5680
       2       1       7      12      1.7719      2.6811
       1       0      16       6      2.2112      2.7023
       1       2       8      12      2.3791      3.1689
       3      -3       0       6      2.4461      3.3352
       2      -2      13       6      3.3208      0.9071
       3      -3       3       6      3.9584      2.2839
       3      -3      -3       6      3.9584      2.2839
       0       0       3       2     17.2594      2.7212
       1      -1      -1       6      4.8480      2.1711
       0       0       6       2      4.5254      0.4090
       0       1       2       6      4.4737      0.5220
       1      -1      -4       6      3.4430      3.8254
       0       1       5       6      2.9557      1.6579
       0       0       9       2      2.2032      1.2033
       1       0       7       6      2.1933      3.0565
       1      -1       8       6      1.9173      3.5559
       1       1       0       6      1.9038      3.7652
       1       1       3      12      1.7815      2.5562
       2      -2       1       6      1.5462      2.0665
       1      -1     -10       6      1.5341      0.0243
       1       1       6      12      1.5278      0.1724
       2       0       2       6      1.5246      0.2732
       0       0      12       2      1.4604      3.2169
       0       2       4       6      1.4506      3.6024
       1      -1      11       6      1.4123      3.2907
       2      -2      -5       6      1.4063      1.6094
       1       1       9      12      1.3283      1.2046
       2      -2       7       6      1.3273      2.8573
       2      -2      -8       6      1.3038      3.3566
       1       0      13       6      1.2994      0.8678
       0       0      15       2      1.3216      3.4229
       2       1       1      12      1.3293      1.9753
       0       1      14       6      1.3302      0.4556
       2      -2      10       6      1.3340      0.2032
       1       2       2      12      1.3381      0.0623
       1       1      12      12      1.3789      3.0492
       2       1       4      12      1.3880      3.3929
       2      -2     -11       6      1.4358      3.0674
       1       2       5      12      1.4458      1.5680
       2       1       7      12      1.7719      2.6811
       1       0      16       6      2.2112      2.7023
       1       2       8      12      2.3791      3.1689
       3      -3       0       6      2.4461      3.3352
       2      -2      13       6      3.3208      0.9071
       3      -3       3       6      3.9584      2.2839
       3      -3      -3       6      3.9584      2.2839
