

        **********************************************************
        ** PROGRAM FullProf.2k (Version 8.40 - Feb2026-ILL JRC) **
        **********************************************************
                       M U L T I -- P A T T E R N                 
            Rietveld, Profile Matching & Integrated Intensity     
                 Refinement of X-ray and/or Neutron Data


    Date: 10/06/2026  Time: 20:22:33.329                              

 => PCR file code: tbti
 => DAT file code: tbti                 -> Relative contribution: 1.0000                                                            

 ==> CONDITIONS OF THIS RUN FOR PATTERN No.:  1

 => Refinement/Calculation of Neutron integrated intensity(Laue or monochromatic) data or Flipping Ratios                           

 ==> INPUT/OUTPUT OPTIONS:

 => Generate new input file *.PCR

 => Number of cycles:   50
 => Relaxation factors ==>    for coordinates:  0.05
 => for anisotropic temperature factors:  0.05
 => EPS-value for convergence:    0.2
 => Number of Least-Squares parameters varied:    10
 --------------------------------------------------------------------------------
 => Phase  No. 1
      Tb2Ti2O7                                                              
 --------------------------------------------------------------------------------
 =>-------> Pattern#  1
 => Integrated intensities or Flipping Ratios as observations for phase: 1
 => Crystal Structure Refinement

 =>-------> Data for PHASE: 1
 => Number of atoms:    4
 => Number of distance  constraints:    0
 => Number of angle     constraints:    0

 => Symmetry information on space group: F d -3 m            
 -> The multiplicity of the general position is: 192
 -> The space group is Centric (-1 at origin)   
 -> Lattice type  F: { 000;  0  1/2 1/2; 1/2  0  1/2; 1/2 1/2  0 }+
 -> Reduced set of symmetry operators:

  No.  IT   Symmetry symbol    Rotation part     Associated Translation
   1: ( 1)   1            -->     ( x, y, z) + {  0.0000  0.0000  0.0000}
   2: ( 4)   2 ( x, 0, 0) -->     ( x,-y,-z) + {  0.0000  0.2500  0.2500}
   3: ( 3)   2 ( 0, y, 0) -->     (-x, y,-z) + {  0.2500  0.0000  0.2500}
   4: ( 2)   2 ( 0, 0, z) -->     (-x,-y, z) + {  0.2500  0.2500  0.0000}
   5: ( 9)  3- ( x, x, x) -->     ( y, z, x) + {  0.0000  0.0000  0.0000}
   6: (12)  3- (-x, x,-x) -->     (-y,-z, x) + {  0.2500  0.2500  0.0000}
   7: (11)  3- (-x,-x, x) -->     ( y,-z,-x) + {  0.0000  0.2500  0.2500}
   8: (10)  3- ( x,-x,-x) -->     (-y, z,-x) + {  0.2500  0.0000  0.2500}
   9: ( 5)  3+ ( x, x, x) -->     ( z, x, y) + {  0.0000  0.0000  0.0000}
  10: ( 8)  3+ (-x,-x, x) -->     (-z, x,-y) + {  0.2500  0.0000  0.2500}
  11: ( 7)  3+ ( x,-x,-x) -->     (-z,-x, y) + {  0.2500  0.2500  0.0000}
  12: ( 6)  3+ (-x, x,-x) -->     ( z,-x,-y) + {  0.0000  0.2500  0.2500}
  13: (14)   2 ( x,-x, 0) -->     (-y,-x,-z) + {  0.0000  0.0000  0.0000}
  14: (15)  4- ( 0, 0, z) -->     ( y,-x, z) + {  0.7500  0.0000  0.7500}
  15: (16)  4+ ( 0, 0, z) -->     (-y, x, z) + {  0.0000  0.7500  0.7500}
  16: (13)   2 ( x, x, 0) -->     ( y, x,-z) + {  0.7500  0.7500  0.0000}
  17: (24)   2 (-x, 0, x) -->     (-z,-y,-x) + {  0.0000  0.0000  0.0000}
  18: (21)  4+ ( 0, y, 0) -->     ( z, y,-x) + {  0.7500  0.7500  0.0000}
  19: (22)   2 ( x, 0, x) -->     ( z,-y, x) + {  0.7500  0.0000  0.7500}
  20: (23)  4- ( 0, y, 0) -->     (-z, y, x) + {  0.0000  0.7500  0.7500}
  21: (19)   2 ( 0, y,-y) -->     (-x,-z,-y) + {  0.0000  0.0000  0.0000}
  22: (18)   2 ( 0, y, y) -->     (-x, z, y) + {  0.0000  0.7500  0.7500}
  23: (17)  4- ( x, 0, 0) -->     ( x, z,-y) + {  0.7500  0.7500  0.0000}
  24: (20)  4+ ( x, 0, 0) -->     ( x,-z, y) + {  0.7500  0.0000  0.7500}


        Information on Space Group: 
        --------------------------- 

 =>   Number of Space group: 227
 =>  Hermann-Mauguin Symbol: F d -3 m
 =>             Hall Symbol: -F 4vw 2vw 3
 =>            Setting Type: IT (Generated from Hermann-Mauguin symbol)
 =>          Crystal System: Cubic
 =>              Laue Class: m-3m
 =>             Point Group: m-3m
 =>         Bravais Lattice: F
 =>          Lattice Symbol: cF
 =>  Reduced Number of S.O.:  24
 =>    General multiplicity: 192
 =>          Centrosymmetry: Centric (-1 at origin)
 =>  Generators (exc. -1&L):   3
 =>         Asymmetric unit: -0.125 <= x <=  0.375
                             -0.125 <= y <=  0.000
                             -0.250 <= z <=  0.000
 => Centring vectors:  3
 => Latt( 1): (1/2,1/2,0)                          => Latt( 2): (1/2,0,1/2)                         
 => Latt( 3): (0,1/2,1/2)                                                                           

 => List of all Symmetry Operators and Symmetry Symbols

 => SYMM(  1): x,y,z                             Symbol: 1
 => SYMM(  2): x,-y+1/4,-z+1/4                   Symbol: 2 x,1/8,1/8
 => SYMM(  3): -x+1/4,y,-z+1/4                   Symbol: 2 1/8,y,1/8
 => SYMM(  4): -x+1/4,-y+1/4,z                   Symbol: 2 1/8,1/8,z
 => SYMM(  5): y,z,x                             Symbol: 3- x,x,x
 => SYMM(  6): -y+1/4,-z+1/4,x                   Symbol: 3+ x,-x+1/4,x
 => SYMM(  7): y,-z+1/4,-x+1/4                   Symbol: 3+ x,x,-x+1/4
 => SYMM(  8): -y+1/4,z,-x+1/4                   Symbol: 3- x,-x+1/4,-x+1/4
 => SYMM(  9): z,x,y                             Symbol: 3+ x,x,x
 => SYMM( 10): -z+1/4,x,-y+1/4                   Symbol: 3- x,x,-x+1/4
 => SYMM( 11): -z+1/4,-x+1/4,y                   Symbol: 3+ x,-x+1/4,-x+1/4
 => SYMM( 12): z,-x+1/4,-y+1/4                   Symbol: 3- x,-x+1/4,x
 => SYMM( 13): y,x,z                             Symbol: m x,x,z
 => SYMM( 14): -y+1/4,x,-z+1/4                   Symbol: -4- 1/8,1/8,z; 1/8,1/8,1/8
 => SYMM( 15): y,-x+1/4,-z+1/4                   Symbol: -4+ 1/8,1/8,z; 1/8,1/8,1/8
 => SYMM( 16): -y+1/4,-x+1/4,z                   Symbol: m x,-x+1/4,z
 => SYMM( 17): z,y,x                             Symbol: m x,y,x
 => SYMM( 18): -z+1/4,-y+1/4,x                   Symbol: -4+ 1/8,y,1/8; 1/8,1/8,1/8
 => SYMM( 19): -z+1/4,y,-x+1/4                   Symbol: m x,y,-x+1/4
 => SYMM( 20): z,-y+1/4,-x+1/4                   Symbol: -4- 1/8,y,1/8; 1/8,1/8,1/8
 => SYMM( 21): x,z,y                             Symbol: m x,y,y
 => SYMM( 22): x,-z+1/4,-y+1/4                   Symbol: m x,y,-y+1/4
 => SYMM( 23): -x+1/4,-z+1/4,y                   Symbol: -4- x,1/8,1/8; 1/8,1/8,1/8
 => SYMM( 24): -x+1/4,z,-y+1/4                   Symbol: -4+ x,1/8,1/8; 1/8,1/8,1/8
 => SYMM( 25): -x,-y,-z                          Symbol: -1 0,0,0
 => SYMM( 26): -x,y+3/4,z+3/4                    Symbol: g (0,3/4,3/4) 0,y,z
 => SYMM( 27): x+3/4,-y,z+3/4                    Symbol: g (3/4,0,3/4) x,0,z
 => SYMM( 28): x+3/4,y+3/4,-z                    Symbol: g (3/4,3/4,0) x,y,0
 => SYMM( 29): -y,-z,-x                          Symbol: -3- x,x,x; 0,0,0
 => SYMM( 30): y+3/4,z+3/4,-x                    Symbol: -3+ x,-x+3/4,x-3/2; 3/4,0,-3/4
 => SYMM( 31): -y,z+3/4,x+3/4                    Symbol: -3+ x,x+3/2,-x-3/4; -3/4,3/4,0
 => SYMM( 32): y+3/4,-z,x+3/4                    Symbol: -3- x,-x-3/4,-x+3/4; 0,-3/4,3/4
 => SYMM( 33): -z,-x,-y                          Symbol: -3+ x,x,x; 0,0,0
 => SYMM( 34): z+3/4,-x,y+3/4                    Symbol: -3- x,x-3/2,-x+3/4; 3/4,-3/4,0
 => SYMM( 35): z+3/4,x+3/4,-y                    Symbol: -3+ x,-x+3/4,-x-3/4; 0,3/4,-3/4
 => SYMM( 36): -z,x+3/4,y+3/4                    Symbol: -3- x,-x-3/4,x+3/2; -3/4,0,3/4
 => SYMM( 37): -y,-x,-z                          Symbol: 2 x,-x,0
 => SYMM( 38): y+3/4,-x,z+3/4                    Symbol: 4- (0,0,3/4) 3/8,-3/8,z
 => SYMM( 39): -y,x+3/4,z+3/4                    Symbol: 4+ (0,0,3/4) -3/8,3/8,z
 => SYMM( 40): y+3/4,x+3/4,-z                    Symbol: 2 (3/4,3/4,0) x,x,0
 => SYMM( 41): -z,-y,-x                          Symbol: 2 x,0,-x
 => SYMM( 42): z+3/4,y+3/4,-x                    Symbol: 4+ (0,3/4,0) 3/8,y,-3/8
 => SYMM( 43): z+3/4,-y,x+3/4                    Symbol: 2 (3/4,0,3/4) x,0,x
 => SYMM( 44): -z,y+3/4,x+3/4                    Symbol: 4- (0,3/4,0) -3/8,y,3/8
 => SYMM( 45): -x,-z,-y                          Symbol: 2 0,y,-y
 => SYMM( 46): -x,z+3/4,y+3/4                    Symbol: 2 (0,3/4,3/4) 0,y,y
 => SYMM( 47): x+3/4,z+3/4,-y                    Symbol: 4- (3/4,0,0) x,3/8,-3/8
 => SYMM( 48): x+3/4,-z,y+3/4                    Symbol: 4+ (3/4,0,0) x,-3/8,3/8
 => SYMM( 49): x+1/2,y+1/2,z                     Symbol: t (1/2,1/2,0)
 => SYMM( 50): x+1/2,-y+3/4,-z+1/4               Symbol: 2 (1/2,0,0) x,3/8,1/8
 => SYMM( 51): -x+3/4,y+1/2,-z+1/4               Symbol: 2 (0,1/2,0) 3/8,y,1/8
 => SYMM( 52): -x+3/4,-y+3/4,z                   Symbol: 2 3/8,3/8,z
 => SYMM( 53): y+1/2,z+1/2,x                     Symbol: 3- (1/3,1/3,1/3) x,x-1/6,x-1/3
 => SYMM( 54): -y+3/4,-z+3/4,x                   Symbol: 3+ x,-x+3/4,x
 => SYMM( 55): y+1/2,-z+3/4,-x+1/4               Symbol: 3+ (1/3,1/3,-1/3) x,x-1/6,-x+7/12
 => SYMM( 56): -y+3/4,z+1/2,-x+1/4               Symbol: 3- x,-x+3/4,-x+1/4
 => SYMM( 57): z+1/2,x+1/2,y                     Symbol: 3+ (1/3,1/3,1/3) x,x+1/6,x-1/6
 => SYMM( 58): -z+3/4,x+1/2,-y+1/4               Symbol: 3- (1/3,1/3,-1/3) x,x+1/6,-x+5/12
 => SYMM( 59): -z+3/4,-x+3/4,y                   Symbol: 3+ x,-x+3/4,-x+3/4
 => SYMM( 60): z+1/2,-x+3/4,-y+1/4               Symbol: 3- x,-x+3/4,x-1/2
 => SYMM( 61): y+1/2,x+1/2,z                     Symbol: n (1/2,1/2,0) x,x,z
 => SYMM( 62): -y+3/4,x+1/2,-z+1/4               Symbol: -4- 1/8,5/8,z; 1/8,5/8,1/8
 => SYMM( 63): y+1/2,-x+3/4,-z+1/4               Symbol: -4+ 5/8,1/8,z; 5/8,1/8,1/8
 => SYMM( 64): -y+3/4,-x+3/4,z                   Symbol: m x,-x+3/4,z
 => SYMM( 65): z+1/2,y+1/2,x                     Symbol: g (1/4,1/2,1/4) x,y,x-1/4
 => SYMM( 66): -z+3/4,-y+3/4,x                   Symbol: -4+ 3/8,y,3/8; 3/8,3/8,3/8
 => SYMM( 67): -z+3/4,y+1/2,-x+1/4               Symbol: g (1/4,1/2,-1/4) x,y,-x+1/2
 => SYMM( 68): z+1/2,-y+3/4,-x+1/4               Symbol: -4- 3/8,y,-1/8; 3/8,3/8,-1/8
 => SYMM( 69): x+1/2,z+1/2,y                     Symbol: g (1/2,1/4,1/4) x,y,y-1/4
 => SYMM( 70): x+1/2,-z+3/4,-y+1/4               Symbol: g (1/2,1/4,-1/4) x,y,-y+1/2
 => SYMM( 71): -x+3/4,-z+3/4,y                   Symbol: -4- x,3/8,3/8; 3/8,3/8,3/8
 => SYMM( 72): -x+3/4,z+1/2,-y+1/4               Symbol: -4+ x,3/8,-1/8; 3/8,3/8,-1/8
 => SYMM( 73): -x+1/2,-y+1/2,-z                  Symbol: -1 1/4,1/4,0
 => SYMM( 74): -x+1/2,y+1/4,z+3/4                Symbol: d (0,1/4,3/4) 1/4,y,z
 => SYMM( 75): x+1/4,-y+1/2,z+3/4                Symbol: g (1/4,0,3/4) x,1/4,z
 => SYMM( 76): x+1/4,y+1/4,-z                    Symbol: d (1/4,1/4,0) x,y,0
 => SYMM( 77): -y+1/2,-z+1/2,-x                  Symbol: -3- x,x+1/2,x; 0,1/2,0
 => SYMM( 78): y+1/4,z+1/4,-x                    Symbol: -3+ x,-x+1/4,x-1/2; 1/4,0,-1/4
 => SYMM( 79): -y+1/2,z+1/4,x+3/4                Symbol: -3+ x,x+1,-x+1/4; -1/4,3/4,1/2
 => SYMM( 80): y+1/4,-z+1/2,x+3/4                Symbol: -3- x,-x-1/4,-x+3/4; 0,-1/4,3/4
 => SYMM( 81): -z+1/2,-x+1/2,-y                  Symbol: -3+ x,x-1/2,x-1/2; 1/2,0,0
 => SYMM( 82): z+1/4,-x+1/2,y+3/4                Symbol: -3- x,x-1,-x+5/4; 3/4,-1/4,1/2
 => SYMM( 83): z+1/4,x+1/4,-y                    Symbol: -3+ x,-x+1/4,-x-1/4; 0,1/4,-1/4
 => SYMM( 84): -z+1/2,x+1/4,y+3/4                Symbol: -3- x,-x-1/4,x+1; -1/4,0,3/4
 => SYMM( 85): -y+1/2,-x+1/2,-z                  Symbol: 2 x,-x+1/2,0
 => SYMM( 86): y+1/4,-x+1/2,z+3/4                Symbol: 4- (0,0,3/4) 3/8,1/8,z
 => SYMM( 87): -y+1/2,x+1/4,z+3/4                Symbol: 4+ (0,0,3/4) 1/8,3/8,z
 => SYMM( 88): y+1/4,x+1/4,-z                    Symbol: 2 (1/4,1/4,0) x,x,0
 => SYMM( 89): -z+1/2,-y+1/2,-x                  Symbol: 2 (1/4,0,-1/4) x,1/4,-x+1/4
 => SYMM( 90): z+1/4,y+1/4,-x                    Symbol: 4+ (0,1/4,0) 1/8,y,-1/8
 => SYMM( 91): z+1/4,-y+1/2,x+3/4                Symbol: 2 (1/2,0,1/2) x,1/4,x+1/4
 => SYMM( 92): -z+1/2,y+1/4,x+3/4                Symbol: 4- (0,1/4,0) -1/8,y,5/8
 => SYMM( 93): -x+1/2,-z+1/2,-y                  Symbol: 2 (0,1/4,-1/4) 1/4,y,-y+1/4
 => SYMM( 94): -x+1/2,z+1/4,y+3/4                Symbol: 2 (0,1/2,1/2) 1/4,y,y+1/4
 => SYMM( 95): x+1/4,z+1/4,-y                    Symbol: 4- (1/4,0,0) x,1/8,-1/8
 => SYMM( 96): x+1/4,-z+1/2,y+3/4                Symbol: 4+ (1/4,0,0) x,-1/8,5/8
 => SYMM( 97): x+1/2,y,z+1/2                     Symbol: t (1/2,0,1/2)
 => SYMM( 98): x+1/2,-y+1/4,-z+3/4               Symbol: 2 (1/2,0,0) x,1/8,3/8
 => SYMM( 99): -x+3/4,y,-z+3/4                   Symbol: 2 3/8,y,3/8
 => SYMM(100): -x+3/4,-y+1/4,z+1/2               Symbol: 2 (0,0,1/2) 3/8,1/8,z
 => SYMM(101): y+1/2,z,x+1/2                     Symbol: 3- (1/3,1/3,1/3) x,x-1/6,x+1/6
 => SYMM(102): -y+3/4,-z+1/4,x+1/2               Symbol: 3+ (1/3,-1/3,1/3) x,-x+5/12,x+1/6
 => SYMM(103): y+1/2,-z+1/4,-x+3/4               Symbol: 3+ x,x-1/2,-x+3/4
 => SYMM(104): -y+3/4,z,-x+3/4                   Symbol: 3- x,-x+3/4,-x+3/4
 => SYMM(105): z+1/2,x,y+1/2                     Symbol: 3+ (1/3,1/3,1/3) x,x-1/3,x-1/6
 => SYMM(106): -z+3/4,x,-y+3/4                   Symbol: 3- x,x,-x+3/4
 => SYMM(107): -z+3/4,-x+1/4,y+1/2               Symbol: 3+ x,-x+1/4,-x+3/4
 => SYMM(108): z+1/2,-x+1/4,-y+3/4               Symbol: 3- (1/3,-1/3,1/3) x,-x+7/12,x-1/6
 => SYMM(109): y+1/2,x,z+1/2                     Symbol: g (1/4,1/4,1/2) x,x-1/4,z
 => SYMM(110): -y+3/4,x,-z+3/4                   Symbol: -4- 3/8,3/8,z; 3/8,3/8,3/8
 => SYMM(111): y+1/2,-x+1/4,-z+3/4               Symbol: -4+ 3/8,-1/8,z; 3/8,-1/8,3/8
 => SYMM(112): -y+3/4,-x+1/4,z+1/2               Symbol: g (1/4,-1/4,1/2) x,-x+1/2,z
 => SYMM(113): z+1/2,y,x+1/2                     Symbol: n (1/2,0,1/2) x,y,x
 => SYMM(114): -z+3/4,-y+1/4,x+1/2               Symbol: -4+ 1/8,y,5/8; 1/8,1/8,5/8
 => SYMM(115): -z+3/4,y,-x+3/4                   Symbol: m x,y,-x+3/4
 => SYMM(116): z+1/2,-y+1/4,-x+3/4               Symbol: -4- 5/8,y,1/8; 5/8,1/8,1/8
 => SYMM(117): x+1/2,z,y+1/2                     Symbol: g (1/2,1/4,1/4) x,y,y+1/4
 => SYMM(118): x+1/2,-z+1/4,-y+3/4               Symbol: g (1/2,-1/4,1/4) x,y,-y+1/2
 => SYMM(119): -x+3/4,-z+1/4,y+1/2               Symbol: -4- x,-1/8,3/8; 3/8,-1/8,3/8
 => SYMM(120): -x+3/4,z,-y+3/4                   Symbol: -4+ x,3/8,3/8; 3/8,3/8,3/8
 => SYMM(121): -x+1/2,-y,-z+1/2                  Symbol: -1 1/4,0,1/4
 => SYMM(122): -x+1/2,y+3/4,z+1/4                Symbol: g (0,3/4,1/4) 1/4,y,z
 => SYMM(123): x+1/4,-y,z+1/4                    Symbol: d (1/4,0,1/4) x,0,z
 => SYMM(124): x+1/4,y+3/4,-z+1/2                Symbol: d (1/4,3/4,0) x,y,1/4
 => SYMM(125): -y+1/2,-z,-x+1/2                  Symbol: -3- x,x-1/2,x-1/2; 1/2,0,0
 => SYMM(126): y+1/4,z+3/4,-x+1/2                Symbol: -3+ x,-x+5/4,x-1; 3/4,1/2,-1/4
 => SYMM(127): -y+1/2,z+3/4,x+1/4                Symbol: -3+ x,x+1,-x-1/4; -1/4,3/4,0
 => SYMM(128): y+1/4,-z,x+1/4                    Symbol: -3- x,-x-1/4,-x+1/4; 0,-1/4,1/4
 => SYMM(129): -z+1/2,-x,-y+1/2                  Symbol: -3+ x,x,x+1/2; 0,0,1/2
 => SYMM(130): z+1/4,-x,y+1/4                    Symbol: -3- x,x-1/2,-x+1/4; 1/4,-1/4,0
 => SYMM(131): z+1/4,x+3/4,-y+1/2                Symbol: -3+ x,-x+3/4,-x-1/4; 0,3/4,-1/4
 => SYMM(132): -z+1/2,x+3/4,y+1/4                Symbol: -3- x,-x+1/4,x+1; -1/4,1/2,3/4
 => SYMM(133): -y+1/2,-x,-z+1/2                  Symbol: 2 (1/4,-1/4,0) x,-x+1/4,1/4
 => SYMM(134): y+1/4,-x,z+1/4                    Symbol: 4- (0,0,1/4) 1/8,-1/8,z
 => SYMM(135): -y+1/2,x+3/4,z+1/4                Symbol: 4+ (0,0,1/4) -1/8,5/8,z
 => SYMM(136): y+1/4,x+3/4,-z+1/2                Symbol: 2 (1/2,1/2,0) x,x+1/4,1/4
 => SYMM(137): -z+1/2,-y,-x+1/2                  Symbol: 2 x,0,-x+1/2
 => SYMM(138): z+1/4,y+3/4,-x+1/2                Symbol: 4+ (0,3/4,0) 3/8,y,1/8
 => SYMM(139): z+1/4,-y,x+1/4                    Symbol: 2 (1/4,0,1/4) x,0,x
 => SYMM(140): -z+1/2,y+3/4,x+1/4                Symbol: 4- (0,3/4,0) 1/8,y,3/8
 => SYMM(141): -x+1/2,-z,-y+1/2                  Symbol: 2 (0,-1/4,1/4) 1/4,y,-y+1/4
 => SYMM(142): -x+1/2,z+3/4,y+1/4                Symbol: 2 (0,1/2,1/2) 1/4,y,y-1/4
 => SYMM(143): x+1/4,z+3/4,-y+1/2                Symbol: 4- (1/4,0,0) x,5/8,-1/8
 => SYMM(144): x+1/4,-z,y+1/4                    Symbol: 4+ (1/4,0,0) x,-1/8,1/8
 => SYMM(145): x,y+1/2,z+1/2                     Symbol: t (0,1/2,1/2)
 => SYMM(146): x,-y+3/4,-z+3/4                   Symbol: 2 x,3/8,3/8
 => SYMM(147): -x+1/4,y+1/2,-z+3/4               Symbol: 2 (0,1/2,0) 1/8,y,3/8
 => SYMM(148): -x+1/4,-y+3/4,z+1/2               Symbol: 2 (0,0,1/2) 1/8,3/8,z
 => SYMM(149): y,z+1/2,x+1/2                     Symbol: 3- (1/3,1/3,1/3) x,x+1/3,x+1/6
 => SYMM(150): -y+1/4,-z+3/4,x+1/2               Symbol: 3+ x,-x+1/4,x+1/2
 => SYMM(151): y,-z+3/4,-x+3/4                   Symbol: 3+ x,x,-x+3/4
 => SYMM(152): -y+1/4,z+1/2,-x+3/4               Symbol: 3- (-1/3,1/3,1/3) x,-x+7/12,-x+5/12
 => SYMM(153): z,x+1/2,y+1/2                     Symbol: 3+ (1/3,1/3,1/3) x,x+1/6,x+1/3
 => SYMM(154): -z+1/4,x+1/2,-y+3/4               Symbol: 3- x,x+1/2,-x+1/4
 => SYMM(155): -z+1/4,-x+3/4,y+1/2               Symbol: 3+ (-1/3,1/3,1/3) x,-x+5/12,-x+7/12
 => SYMM(156): z,-x+3/4,-y+3/4                   Symbol: 3- x,-x+3/4,x
 => SYMM(157): y,x+1/2,z+1/2                     Symbol: g (1/4,1/4,1/2) x,x+1/4,z
 => SYMM(158): -y+1/4,x+1/2,-z+3/4               Symbol: -4- -1/8,3/8,z; -1/8,3/8,3/8
 => SYMM(159): y,-x+3/4,-z+3/4                   Symbol: -4+ 3/8,3/8,z; 3/8,3/8,3/8
 => SYMM(160): -y+1/4,-x+3/4,z+1/2               Symbol: g (-1/4,1/4,1/2) x,-x+1/2,z
 => SYMM(161): z,y+1/2,x+1/2                     Symbol: g (1/4,1/2,1/4) x,y,x+1/4
 => SYMM(162): -z+1/4,-y+3/4,x+1/2               Symbol: -4+ -1/8,y,3/8; -1/8,3/8,3/8
 => SYMM(163): -z+1/4,y+1/2,-x+3/4               Symbol: g (-1/4,1/2,1/4) x,y,-x+1/2
 => SYMM(164): z,-y+3/4,-x+3/4                   Symbol: -4- 3/8,y,3/8; 3/8,3/8,3/8
 => SYMM(165): x,z+1/2,y+1/2                     Symbol: n (0,1/2,1/2) x,y,y
 => SYMM(166): x,-z+3/4,-y+3/4                   Symbol: m x,y,-y+3/4
 => SYMM(167): -x+1/4,-z+3/4,y+1/2               Symbol: -4- x,1/8,5/8; 1/8,1/8,5/8
 => SYMM(168): -x+1/4,z+1/2,-y+3/4               Symbol: -4+ x,5/8,1/8; 1/8,5/8,1/8
 => SYMM(169): -x,-y+1/2,-z+1/2                  Symbol: -1 0,1/4,1/4
 => SYMM(170): -x,y+1/4,z+1/4                    Symbol: d (0,1/4,1/4) 0,y,z
 => SYMM(171): x+3/4,-y+1/2,z+1/4                Symbol: d (3/4,0,1/4) x,1/4,z
 => SYMM(172): x+3/4,y+1/4,-z+1/2                Symbol: g (3/4,1/4,0) x,y,1/4
 => SYMM(173): -y,-z+1/2,-x+1/2                  Symbol: -3- x,x,x+1/2; 0,0,1/2
 => SYMM(174): y+3/4,z+1/4,-x+1/2                Symbol: -3+ x,-x+3/4,x-1; 3/4,0,-1/4
 => SYMM(175): -y,z+1/4,x+1/4                    Symbol: -3+ x,x+1/2,-x-1/4; -1/4,1/4,0
 => SYMM(176): y+3/4,-z+1/2,x+1/4                Symbol: -3- x,-x+1/4,-x+5/4; 1/2,-1/4,3/4
 => SYMM(177): -z,-x+1/2,-y+1/2                  Symbol: -3+ x,x+1/2,x; 0,1/2,0
 => SYMM(178): z+3/4,-x+1/2,y+1/4                Symbol: -3- x,x-1,-x+3/4; 3/4,-1/4,0
 => SYMM(179): z+3/4,x+1/4,-y+1/2                Symbol: -3+ x,-x+5/4,-x+1/4; 1/2,3/4,-1/4
 => SYMM(180): -z,x+1/4,y+1/4                    Symbol: -3- x,-x-1/4,x+1/2; -1/4,0,1/4
 => SYMM(181): -y,-x+1/2,-z+1/2                  Symbol: 2 (-1/4,1/4,0) x,-x+1/4,1/4
 => SYMM(182): y+3/4,-x+1/2,z+1/4                Symbol: 4- (0,0,1/4) 5/8,-1/8,z
 => SYMM(183): -y,x+1/4,z+1/4                    Symbol: 4+ (0,0,1/4) -1/8,1/8,z
 => SYMM(184): y+3/4,x+1/4,-z+1/2                Symbol: 2 (1/2,1/2,0) x,x-1/4,1/4
 => SYMM(185): -z,-y+1/2,-x+1/2                  Symbol: 2 (-1/4,0,1/4) x,1/4,-x+1/4
 => SYMM(186): z+3/4,y+1/4,-x+1/2                Symbol: 4+ (0,1/4,0) 5/8,y,-1/8
 => SYMM(187): z+3/4,-y+1/2,x+1/4                Symbol: 2 (1/2,0,1/2) x,1/4,x-1/4
 => SYMM(188): -z,y+1/4,x+1/4                    Symbol: 4- (0,1/4,0) -1/8,y,1/8
 => SYMM(189): -x,-z+1/2,-y+1/2                  Symbol: 2 0,y,-y+1/2
 => SYMM(190): -x,z+1/4,y+1/4                    Symbol: 2 (0,1/4,1/4) 0,y,y
 => SYMM(191): x+3/4,z+1/4,-y+1/2                Symbol: 4- (3/4,0,0) x,3/8,1/8
 => SYMM(192): x+3/4,-z+1/2,y+1/4                Symbol: 4+ (3/4,0,0) x,1/8,3/8

 => Special Wyckoff Positions for F d -3 m
 
    Multp     Site        Representative Coordinates (centring translations excluded)
     96       h              0,y,-y              0,-y+1/4,y+1/4      1/4,y,y+1/4                             
                             1/4,-y+1/4,-y       y,-y,0              -y+1/4,y+1/4,0                          
                             y,y+1/4,1/4         -y+1/4,-y,1/4       -y,0,y                                  
                             y+1/4,0,-y+1/4      y+1/4,1/4,y         -y,1/4,-y+1/4                           
                             y,0,-y              -y+1/4,0,y+1/4      y,1/4,y+1/4                             
                             -y+1/4,1/4,-y       -y,y,0              y+1/4,-y+1/4,0                          
                             y+1/4,y,1/4         -y,-y+1/4,1/4       0,-y,y                                  
                             0,y+1/4,-y+1/4      1/4,y+1/4,y         1/4,-y,-y+1/4                           
 
     96       g              x,x,z               x,-x+1/4,-z+1/4     -x+1/4,x,-z+1/4                         
                             -x+1/4,-x+1/4,z     x,z,x               -x+1/4,-z+1/4,x                         
                             x,-z+1/4,-x+1/4     -x+1/4,z,-x+1/4     z,x,x                                   
                             -z+1/4,x,-x+1/4     -z+1/4,-x+1/4,x     z,-x+1/4,-x+1/4                         
                             -x,-x,-z            -x,x+3/4,z+3/4      x+3/4,-x,z+3/4                          
                             x+3/4,x+3/4,-z      -x,-z,-x            x+3/4,z+3/4,-x                          
                             -x,z+3/4,x+3/4      x+3/4,-z,x+3/4      -z,-x,-x                                
                             z+3/4,-x,x+3/4      z+3/4,x+3/4,-x      -z,x+3/4,x+3/4                          
 
     48       f              x,1/8,1/8           -x+1/4,1/8,1/8      1/8,1/8,x                               
                             1/8,1/8,-x+1/4      1/8,x,1/8           1/8,-x+1/4,1/8                          
                             -x,7/8,7/8          x+3/4,7/8,7/8       7/8,7/8,-x                              
                             7/8,7/8,x+3/4       7/8,-x,7/8          7/8,x+3/4,7/8                           
 
     32       e              x,x,x               x,-x+1/4,-x+1/4     -x+1/4,x,-x+1/4                         
                             -x+1/4,-x+1/4,x     -x,-x,-x            -x,x+3/4,x+3/4                          
                             x+3/4,-x,x+3/4      x+3/4,x+3/4,-x                                              
 
     16       d              1/2,1/2,1/2         1/2,3/4,3/4         3/4,1/2,3/4                             
                             3/4,3/4,1/2                                                                     
 
     16       c              0,0,0               0,1/4,1/4           1/4,0,1/4                               
                             1/4,1/4,0                                                                       
 
      8       b              3/8,3/8,3/8         5/8,5/8,5/8                                                 
 
      8       a              1/8,1/8,1/8         7/8,7/8,7/8                                                 
 

 => Initial parameters ==>
 Atom    Ntyp                  X         Y         Z         B         occ.         in  fin  Spc  Mult
                             B11       B22       B33       B12       B13       B23
 Tb     TB                 0.50000   0.50000   0.50000   0.00000   0.33333           0    0    0   16
                 Codes:    0.00000   0.00000   0.00000   0.00000   0.00000
                 Betas:    0.00132   0.00132   0.00132  -0.00038  -0.00038  -0.00038
                 Codes:   31.00000  31.00000  31.00000  61.00000  61.00000  61.00000
 Ti     TI                 0.00000   0.00000   0.00000   0.00000   0.33333           0    0    0   16
                 Codes:    0.00000   0.00000   0.00000   0.00000   0.00000
                 Betas:    0.00116   0.00116   0.00116  -0.00007  -0.00007  -0.00007
                 Codes:   91.00000  91.00000  91.00000 101.00000 101.00000 101.00000
 O1     O                  0.32804   0.12500   0.12500   0.00000   1.00000           0    0    0   48
                 Codes:    0.00000   0.00000   0.00000   0.00000   0.00000
                 Betas:    0.00139   0.00105   0.00105   0.00000   0.00000   0.00037
                 Codes:   81.00000  71.00000  71.00000   0.00000   0.00000  51.00000
 O2     O                  0.37500   0.37500   0.37500   0.00000   0.16667           0    0    0    8
                 Codes:    0.00000   0.00000   0.00000   0.00000   0.00000
                 Betas:    0.00083   0.00083   0.00083   0.00000   0.00000   0.00000
                 Codes:   41.00000  41.00000  41.00000   0.00000   0.00000   0.00000

 => It is assumed that THE FIRST GIVEN SITE plus all the other atoms 
    occupying THE SAME POSITION have a total full occupation (no vacancies!)
  (if this is not the case, change the order of atoms to obtain correct values for the content of the unit cell)
    The given occupation factors have been obtained mutiplying m/M by   0.3333
      -> Atom: TB  ,  Chemical element: TB  Atomic Mass:   158.9254
      -> Atom: TI  ,  Chemical element: TI  Atomic Mass:    47.8670
      -> Atom: O   ,  Chemical element: O   Atomic Mass:    15.9994
      -> Atom: O   ,  Chemical element: O   Atomic Mass:    15.9994
 => The given value of ATZ is      67273.16 the program has calculated:       67273.16
    The value of ATZ given in the input PCR file will be used for quantitative analysis
 => The chemical content of the unit cell is: 
      16.0000 TB   +  16.0000 TI   +  48.0005 O    +   8.0002 O      
 => The normalized site occupation numbers in % are: 
     100.0000 Tb     :      100.0000 Ti     :      100.0010 O1     :      100.0030 O2       
 => The density (volumic mass) of the compound is:    6.717 g/cm3

 =>-------> SCALE FACTORS, EXTINCTION AND CELL PARAMETERS FOR PATTERN:  1

 => Scale factors ( 1: 6) :   0.374300       0.00000       0.00000       0.00000       0.00000       0.00000    

 => Extinction  parameters:         0.1808        0.0000        0.0000        0.0000        0.0000        0.0000        0.0000
 => Direct cell parameters:        10.1300       10.1300       10.1300       90.0000       90.0000       90.0000
 => Lambda/2    parameters:         0.0000


 ==> CODEWORDS FOR Scale and Extinction PARAMETERS for Pattern  1

 => Scale factors ( 1: 6):   11.000   0.000   0.000   0.000   0.000   0.000

 => Extinction parameters:   21.000   0.000   0.000   0.000   0.000   0.000   0.000


 => Cell constraints according to Laue symmetry: m-3m 

        Metric information:
        -------------------

 => Direct cell parameters:

         a =      10.1300      b =      10.1300      c =      10.1300
     alpha =       90.000   beta =       90.000  gamma =       90.000
                        Direct Cell Volume =    1039.5093

 => Reciprocal cell parameters:

         a*=     0.098717      b*=     0.098717      c*=     0.098717
     alpha*=       90.000   beta*=       90.000  gamma*=       90.000
                    Reciprocal Cell Volume =   0.00096199

 => Direct and Reciprocal Metric Tensors:

                   GD                                       GR
    102.6169      0.0000      0.0000          0.009745    0.000000    0.000000
      0.0000    102.6169      0.0000          0.000000    0.009745    0.000000
      0.0000      0.0000    102.6169          0.000000    0.000000    0.009745

 =>  Cartesian frame: x // a; z is along c*; y is within the ab-plane   

     Crystal_to_Orthonormal_Matrix              Orthonormal_to_Crystal Matrix
              Cr_Orth_cel                               Orth_Cr_cel  
     10.1300      0.0000      0.0000          0.098717   -0.000000   -0.000000
      0.0000     10.1300      0.0000          0.000000    0.098717   -0.000000
      0.0000      0.0000     10.1300          0.000000    0.000000    0.098717

     Busing-Levy B-matrix: Hc=B.H            Inverse of the Busing-Levy B-matrix
                BL_M                                      BL_Minv  
    0.098717    0.000000    0.000000           10.1300     -0.0000     -0.0000
    0.000000    0.098717   -0.000000            0.0000     10.1300      0.0000
    0.000000    0.000000    0.098717            0.0000      0.0000     10.1300
 => Header of the Integrated Intensity file:
 -> Title: Single crystal data of Tb2Ti2O7                                                                                         
 -> Format of data: (3i4,2f12.4,i4)                                             
 -> Wavelength (Angstr.):   0.7930
 -> Type of data:  F2 and Sig(F2) have been input                                                                                         
 -> Reflections included only when F2> 0.0* sF2
 -> Nobserv (I>n*sigma):    220 -> Total Number of reflections:        220
 -> SumF:      3707.9 SumF2:     97624.2 SumF2w:    335127.3

 => Weighting Scheme:
 => Conventional weight: w(H)=1.0/Variance(GobsH)

 => Scattering coefficients from internal table

 => Scattering lengths:

 TB     0.7380
 TI    -0.3438
 O      0.5803

     --------------------------------------------------------------
      SYMBOLIC NAMES AND INITIAL VALUES OF PARAMETERS TO BE VARIED:
     --------------------------------------------------------------

      ->  Parameter number    1   -> Symbolic Name:                                             Scale1    0.37430000    
      ->  Parameter number    2   -> Symbolic Name:                                               Ext1    0.18080001    
      ->  Parameter number    3   -> Symbolic Name:                                           bet11_Tb    0.13200000E-02
      ->  Parameter number    4   -> Symbolic Name:                                           bet11_O2    0.82999998E-03
      ->  Parameter number    5   -> Symbolic Name:                                           bet23_O1    0.36999999E-03
      ->  Parameter number    6   -> Symbolic Name:                                           bet12_Tb   -0.38000001E-03
      ->  Parameter number    7   -> Symbolic Name:                                           bet22_O1    0.10500000E-02
      ->  Parameter number    8   -> Symbolic Name:                                           bet11_O1    0.13900000E-02
      ->  Parameter number    9   -> Symbolic Name:                                           bet11_Ti    0.11600000E-02
      ->  Parameter number   10   -> Symbolic Name:                                           bet12_Ti   -0.70000002E-04
  
 
 => No optimization for routine tasks
 ++++++++++++++++++++++++++++++++++++++++++++++++++++++++++++++++++++++++++++++++++++++++++++++++++++++++++++++++++++++++++++++++++++

 => CYCLE No.:    1
 ------------------------------------------------------------------------------------------------------------------------------------
 => Phase  1 Name: Tb2Ti2O7
 ------------------------------------------------------------------------------------------------------------------------------------
 => New parameters, shifts, and standard deviations

 Atom        x       dx      sx       y       dy      sy       z       dz      sz       B       dB      sB      occ.    docc.   socc.

 Tb       0.50000 0.00000 0.00000  0.50000 0.00000 0.00000  0.50000 0.00000 0.00000  0.00000 0.00000 0.00000  0.33333 0.00000 0.00000
 Ti       0.00000 0.00000 0.00000  0.00000 0.00000 0.00000  0.00000 0.00000 0.00000  0.00000 0.00000 0.00000  0.33333 0.00000 0.00000
 O1       0.32804 0.00000 0.00000  0.12500 0.00000 0.00000  0.12500 0.00000 0.00000  0.00000 0.00000 0.00000  1.00000 0.00000 0.00000
 O2       0.37500 0.00000 0.00000  0.37500 0.00000 0.00000  0.37500 0.00000 0.00000  0.00000 0.00000 0.00000  0.16667 0.00000 0.00000

 Atom         B11      DB11      SB11       B22      DB22      SB22       B33      DB33      SB33
              B12      DB12      SB12       B13      DB13      SB13       B23      DB23      SB23
 Tb      0.001321  0.000001  0.000016  0.001321  0.000001  0.000016  0.001321  0.000001  0.000016
        -0.000381 -0.000001  0.000014 -0.000381 -0.000001  0.000014 -0.000381 -0.000001  0.000014
 Ti      0.001161  0.000001  0.000025  0.001161  0.000001  0.000025  0.001161  0.000001  0.000025
        -0.000070 -0.000000  0.000031 -0.000070 -0.000000  0.000031 -0.000070 -0.000000  0.000031
 O1      0.001391  0.000001  0.000023  0.001051  0.000001  0.000016  0.001051  0.000001  0.000016
         0.000000  0.000000  0.000000  0.000000  0.000000  0.000000  0.000370  0.000000  0.000017
 O2      0.000830  0.000000  0.000022  0.000830  0.000000  0.000022  0.000830  0.000000  0.000022
         0.000000  0.000000  0.000000  0.000000  0.000000  0.000000  0.000000  0.000000  0.000000

 ==> SCALE, EXTINCTION, CELL PARAMETERS FOR PATTERN#  1

 => Scale factors ( 1: 6): 
             0.374339        0.000039        0.002580
             0.000000        0.000000        0.000000
             0.000000        0.000000        0.000000
             0.000000        0.000000        0.000000
             0.000000        0.000000        0.000000
             0.000000        0.000000        0.000000


 => Extinction Parameters: 
             0.180906        0.000106        0.005695
             0.000000        0.000000        0.000000
             0.000000        0.000000        0.000000
             0.000000        0.000000        0.000000
             0.000000        0.000000        0.000000
             0.000000        0.000000        0.000000
             0.000000        0.000000        0.000000


 => Lambda/2 param: 
              0.000000        0.000000        0.000000

 => Global user-weigthed Chi2 (Bragg contrib.):   1.58    

 => ---------> Pattern#  1
 => Phase:  1
 =>    RF2 -factor :   2.91    
 =>    RF2w-factor :   3.16    
 =>    RF  -factor :   2.94    
 =>    Chi2(Intens):   1.58    
 =>  N_eff Reflect.:    220 with I >  0.00 sigma
 ++++++++++++++++++++++++++++++++++++++++++++++++++++++++++++++++++++++++++++++++++++++++++++++++++++++++++++++++++++++++++++++++++++

 => CYCLE No.:    2
 ------------------------------------------------------------------------------------------------------------------------------------
 => Phase  1 Name: Tb2Ti2O7
 ------------------------------------------------------------------------------------------------------------------------------------
 => New parameters, shifts, and standard deviations

 Atom        x       dx      sx       y       dy      sy       z       dz      sz       B       dB      sB      occ.    docc.   socc.

 Tb       0.50000 0.00000 0.00000  0.50000 0.00000 0.00000  0.50000 0.00000 0.00000  0.00000 0.00000 0.00000  0.33333 0.00000 0.00000
 Ti       0.00000 0.00000 0.00000  0.00000 0.00000 0.00000  0.00000 0.00000 0.00000  0.00000 0.00000 0.00000  0.33333 0.00000 0.00000
 O1       0.32804 0.00000 0.00000  0.12500 0.00000 0.00000  0.12500 0.00000 0.00000  0.00000 0.00000 0.00000  1.00000 0.00000 0.00000
 O2       0.37500 0.00000 0.00000  0.37500 0.00000 0.00000  0.37500 0.00000 0.00000  0.00000 0.00000 0.00000  0.16667 0.00000 0.00000

 Atom         B11      DB11      SB11       B22      DB22      SB22       B33      DB33      SB33
              B12      DB12      SB12       B13      DB13      SB13       B23      DB23      SB23
 Tb      0.001322  0.000001  0.000016  0.001322  0.000001  0.000016  0.001322  0.000001  0.000016
        -0.000382 -0.000001  0.000014 -0.000382 -0.000001  0.000014 -0.000382 -0.000001  0.000014
 Ti      0.001162  0.000001  0.000025  0.001162  0.000001  0.000025  0.001162  0.000001  0.000025
        -0.000070 -0.000000  0.000031 -0.000070 -0.000000  0.000031 -0.000070 -0.000000  0.000031
 O1      0.001392  0.000001  0.000023  0.001051  0.000001  0.000016  0.001051  0.000001  0.000016
         0.000000  0.000000  0.000000  0.000000  0.000000  0.000000  0.000370  0.000000  0.000017
 O2      0.000831  0.000000  0.000022  0.000831  0.000000  0.000022  0.000831  0.000000  0.000022
         0.000000  0.000000  0.000000  0.000000  0.000000  0.000000  0.000000  0.000000  0.000000

 ==> SCALE, EXTINCTION, CELL PARAMETERS FOR PATTERN#  1

 => Scale factors ( 1: 6): 
             0.374377        0.000038        0.002573
             0.000000        0.000000        0.000000
             0.000000        0.000000        0.000000
             0.000000        0.000000        0.000000
             0.000000        0.000000        0.000000
             0.000000        0.000000        0.000000


 => Extinction Parameters: 
             0.181010        0.000103        0.005682
             0.000000        0.000000        0.000000
             0.000000        0.000000        0.000000
             0.000000        0.000000        0.000000
             0.000000        0.000000        0.000000
             0.000000        0.000000        0.000000
             0.000000        0.000000        0.000000


 => Lambda/2 param: 
              0.000000        0.000000        0.000000

 => Global user-weigthed Chi2 (Bragg contrib.):   1.57    

 => ---------> Pattern#  1
 => Phase:  1
 =>    RF2 -factor :   2.90    
 =>    RF2w-factor :   3.15    
 =>    RF  -factor :   2.93    
 =>    Chi2(Intens):   1.57    
 =>  N_eff Reflect.:    220 with I >  0.00 sigma
 ++++++++++++++++++++++++++++++++++++++++++++++++++++++++++++++++++++++++++++++++++++++++++++++++++++++++++++++++++++++++++++++++++++

 => CYCLE No.:    3
 ------------------------------------------------------------------------------------------------------------------------------------
 => Phase  1 Name: Tb2Ti2O7
 ------------------------------------------------------------------------------------------------------------------------------------
 => New parameters, shifts, and standard deviations

 Atom        x       dx      sx       y       dy      sy       z       dz      sz       B       dB      sB      occ.    docc.   socc.

 Tb       0.50000 0.00000 0.00000  0.50000 0.00000 0.00000  0.50000 0.00000 0.00000  0.00000 0.00000 0.00000  0.33333 0.00000 0.00000
 Ti       0.00000 0.00000 0.00000  0.00000 0.00000 0.00000  0.00000 0.00000 0.00000  0.00000 0.00000 0.00000  0.33333 0.00000 0.00000
 O1       0.32804 0.00000 0.00000  0.12500 0.00000 0.00000  0.12500 0.00000 0.00000  0.00000 0.00000 0.00000  1.00000 0.00000 0.00000
 O2       0.37500 0.00000 0.00000  0.37500 0.00000 0.00000  0.37500 0.00000 0.00000  0.00000 0.00000 0.00000  0.16667 0.00000 0.00000

 Atom         B11      DB11      SB11       B22      DB22      SB22       B33      DB33      SB33
              B12      DB12      SB12       B13      DB13      SB13       B23      DB23      SB23
 Tb      0.001323  0.000001  0.000016  0.001323  0.000001  0.000016  0.001323  0.000001  0.000016
        -0.000384 -0.000001  0.000014 -0.000384 -0.000001  0.000014 -0.000384 -0.000001  0.000014
 Ti      0.001162  0.000001  0.000025  0.001162  0.000001  0.000025  0.001162  0.000001  0.000025
        -0.000070 -0.000000  0.000031 -0.000070 -0.000000  0.000031 -0.000070 -0.000000  0.000031
 O1      0.001393  0.000001  0.000023  0.001052  0.000001  0.000016  0.001052  0.000001  0.000016
         0.000000  0.000000  0.000000  0.000000  0.000000  0.000000  0.000370  0.000000  0.000017
 O2      0.000831  0.000000  0.000021  0.000831  0.000000  0.000021  0.000831  0.000000  0.000021
         0.000000  0.000000  0.000000  0.000000  0.000000  0.000000  0.000000  0.000000  0.000000

 ==> SCALE, EXTINCTION, CELL PARAMETERS FOR PATTERN#  1

 => Scale factors ( 1: 6): 
             0.374414        0.000036        0.002567
             0.000000        0.000000        0.000000
             0.000000        0.000000        0.000000
             0.000000        0.000000        0.000000
             0.000000        0.000000        0.000000
             0.000000        0.000000        0.000000


 => Extinction Parameters: 
             0.181110        0.000100        0.005670
             0.000000        0.000000        0.000000
             0.000000        0.000000        0.000000
             0.000000        0.000000        0.000000
             0.000000        0.000000        0.000000
             0.000000        0.000000        0.000000
             0.000000        0.000000        0.000000


 => Lambda/2 param: 
              0.000000        0.000000        0.000000

 => Global user-weigthed Chi2 (Bragg contrib.):   1.56    

 => ---------> Pattern#  1
 => Phase:  1
 =>    RF2 -factor :   2.89    
 =>    RF2w-factor :   3.14    
 =>    RF  -factor :   2.92    
 =>    Chi2(Intens):   1.56    
 =>  N_eff Reflect.:    220 with I >  0.00 sigma
 ++++++++++++++++++++++++++++++++++++++++++++++++++++++++++++++++++++++++++++++++++++++++++++++++++++++++++++++++++++++++++++++++++++

 => CYCLE No.:    4
 ------------------------------------------------------------------------------------------------------------------------------------
 => Phase  1 Name: Tb2Ti2O7
 ------------------------------------------------------------------------------------------------------------------------------------
 => New parameters, shifts, and standard deviations

 Atom        x       dx      sx       y       dy      sy       z       dz      sz       B       dB      sB      occ.    docc.   socc.

 Tb       0.50000 0.00000 0.00000  0.50000 0.00000 0.00000  0.50000 0.00000 0.00000  0.00000 0.00000 0.00000  0.33333 0.00000 0.00000
 Ti       0.00000 0.00000 0.00000  0.00000 0.00000 0.00000  0.00000 0.00000 0.00000  0.00000 0.00000 0.00000  0.33333 0.00000 0.00000
 O1       0.32804 0.00000 0.00000  0.12500 0.00000 0.00000  0.12500 0.00000 0.00000  0.00000 0.00000 0.00000  1.00000 0.00000 0.00000
 O2       0.37500 0.00000 0.00000  0.37500 0.00000 0.00000  0.37500 0.00000 0.00000  0.00000 0.00000 0.00000  0.16667 0.00000 0.00000

 Atom         B11      DB11      SB11       B22      DB22      SB22       B33      DB33      SB33
              B12      DB12      SB12       B13      DB13      SB13       B23      DB23      SB23
 Tb      0.001324  0.000001  0.000016  0.001324  0.000001  0.000016  0.001324  0.000001  0.000016
        -0.000385 -0.000001  0.000014 -0.000385 -0.000001  0.000014 -0.000385 -0.000001  0.000014
 Ti      0.001163  0.000001  0.000025  0.001163  0.000001  0.000025  0.001163  0.000001  0.000025
        -0.000070 -0.000000  0.000031 -0.000070 -0.000000  0.000031 -0.000070 -0.000000  0.000031
 O1      0.001394  0.000001  0.000023  0.001053  0.000001  0.000016  0.001053  0.000001  0.000016
         0.000000  0.000000  0.000000  0.000000  0.000000  0.000000  0.000370  0.000000  0.000017
 O2      0.000832  0.000000  0.000021  0.000832  0.000000  0.000021  0.000832  0.000000  0.000021
         0.000000  0.000000  0.000000  0.000000  0.000000  0.000000  0.000000  0.000000  0.000000

 ==> SCALE, EXTINCTION, CELL PARAMETERS FOR PATTERN#  1

 => Scale factors ( 1: 6): 
             0.374449        0.000035        0.002561
             0.000000        0.000000        0.000000
             0.000000        0.000000        0.000000
             0.000000        0.000000        0.000000
             0.000000        0.000000        0.000000
             0.000000        0.000000        0.000000


 => Extinction Parameters: 
             0.181206        0.000097        0.005658
             0.000000        0.000000        0.000000
             0.000000        0.000000        0.000000
             0.000000        0.000000        0.000000
             0.000000        0.000000        0.000000
             0.000000        0.000000        0.000000
             0.000000        0.000000        0.000000


 => Lambda/2 param: 
              0.000000        0.000000        0.000000

 => Global user-weigthed Chi2 (Bragg contrib.):   1.55    

 => ---------> Pattern#  1
 => Phase:  1
 =>    RF2 -factor :   2.88    
 =>    RF2w-factor :   3.13    
 =>    RF  -factor :   2.92    
 =>    Chi2(Intens):   1.55    
 =>  N_eff Reflect.:    220 with I >  0.00 sigma
 ++++++++++++++++++++++++++++++++++++++++++++++++++++++++++++++++++++++++++++++++++++++++++++++++++++++++++++++++++++++++++++++++++++

 => CYCLE No.:    5
 ------------------------------------------------------------------------------------------------------------------------------------
 => Phase  1 Name: Tb2Ti2O7
 ------------------------------------------------------------------------------------------------------------------------------------
 => New parameters, shifts, and standard deviations

 Atom        x       dx      sx       y       dy      sy       z       dz      sz       B       dB      sB      occ.    docc.   socc.

 Tb       0.50000 0.00000 0.00000  0.50000 0.00000 0.00000  0.50000 0.00000 0.00000  0.00000 0.00000 0.00000  0.33333 0.00000 0.00000
 Ti       0.00000 0.00000 0.00000  0.00000 0.00000 0.00000  0.00000 0.00000 0.00000  0.00000 0.00000 0.00000  0.33333 0.00000 0.00000
 O1       0.32804 0.00000 0.00000  0.12500 0.00000 0.00000  0.12500 0.00000 0.00000  0.00000 0.00000 0.00000  1.00000 0.00000 0.00000
 O2       0.37500 0.00000 0.00000  0.37500 0.00000 0.00000  0.37500 0.00000 0.00000  0.00000 0.00000 0.00000  0.16667 0.00000 0.00000

 Atom         B11      DB11      SB11       B22      DB22      SB22       B33      DB33      SB33
              B12      DB12      SB12       B13      DB13      SB13       B23      DB23      SB23
 Tb      0.001325  0.000001  0.000016  0.001325  0.000001  0.000016  0.001325  0.000001  0.000016
        -0.000386 -0.000001  0.000014 -0.000386 -0.000001  0.000014 -0.000386 -0.000001  0.000014
 Ti      0.001164  0.000001  0.000025  0.001164  0.000001  0.000025  0.001164  0.000001  0.000025
        -0.000071 -0.000000  0.000031 -0.000071 -0.000000  0.000031 -0.000071 -0.000000  0.000031
 O1      0.001395  0.000001  0.000023  0.001053  0.000001  0.000016  0.001053  0.000001  0.000016
         0.000000  0.000000  0.000000  0.000000  0.000000  0.000000  0.000370  0.000000  0.000017
 O2      0.000832  0.000000  0.000021  0.000832  0.000000  0.000021  0.000832  0.000000  0.000021
         0.000000  0.000000  0.000000  0.000000  0.000000  0.000000  0.000000  0.000000  0.000000

 ==> SCALE, EXTINCTION, CELL PARAMETERS FOR PATTERN#  1

 => Scale factors ( 1: 6): 
             0.374482        0.000034        0.002555
             0.000000        0.000000        0.000000
             0.000000        0.000000        0.000000
             0.000000        0.000000        0.000000
             0.000000        0.000000        0.000000
             0.000000        0.000000        0.000000


 => Extinction Parameters: 
             0.181300        0.000094        0.005647
             0.000000        0.000000        0.000000
             0.000000        0.000000        0.000000
             0.000000        0.000000        0.000000
             0.000000        0.000000        0.000000
             0.000000        0.000000        0.000000
             0.000000        0.000000        0.000000


 => Lambda/2 param: 
              0.000000        0.000000        0.000000

 => Global user-weigthed Chi2 (Bragg contrib.):   1.54    

 => ---------> Pattern#  1
 => Phase:  1
 =>    RF2 -factor :   2.87    
 =>    RF2w-factor :   3.12    
 =>    RF  -factor :   2.91    
 =>    Chi2(Intens):   1.54    
 =>  N_eff Reflect.:    220 with I >  0.00 sigma
 ++++++++++++++++++++++++++++++++++++++++++++++++++++++++++++++++++++++++++++++++++++++++++++++++++++++++++++++++++++++++++++++++++++

 => CYCLE No.:    6
 ------------------------------------------------------------------------------------------------------------------------------------
 => Phase  1 Name: Tb2Ti2O7
 ------------------------------------------------------------------------------------------------------------------------------------
 => New parameters, shifts, and standard deviations

 Atom        x       dx      sx       y       dy      sy       z       dz      sz       B       dB      sB      occ.    docc.   socc.

 Tb       0.50000 0.00000 0.00000  0.50000 0.00000 0.00000  0.50000 0.00000 0.00000  0.00000 0.00000 0.00000  0.33333 0.00000 0.00000
 Ti       0.00000 0.00000 0.00000  0.00000 0.00000 0.00000  0.00000 0.00000 0.00000  0.00000 0.00000 0.00000  0.33333 0.00000 0.00000
 O1       0.32804 0.00000 0.00000  0.12500 0.00000 0.00000  0.12500 0.00000 0.00000  0.00000 0.00000 0.00000  1.00000 0.00000 0.00000
 O2       0.37500 0.00000 0.00000  0.37500 0.00000 0.00000  0.37500 0.00000 0.00000  0.00000 0.00000 0.00000  0.16667 0.00000 0.00000

 Atom         B11      DB11      SB11       B22      DB22      SB22       B33      DB33      SB33
              B12      DB12      SB12       B13      DB13      SB13       B23      DB23      SB23
 Tb      0.001326  0.000001  0.000016  0.001326  0.000001  0.000016  0.001326  0.000001  0.000016
        -0.000387 -0.000001  0.000014 -0.000387 -0.000001  0.000014 -0.000387 -0.000001  0.000014
 Ti      0.001164  0.000001  0.000025  0.001164  0.000001  0.000025  0.001164  0.000001  0.000025
        -0.000071 -0.000000  0.000031 -0.000071 -0.000000  0.000031 -0.000071 -0.000000  0.000031
 O1      0.001395  0.000001  0.000023  0.001054  0.000001  0.000016  0.001054  0.000001  0.000016
         0.000000  0.000000  0.000000  0.000000  0.000000  0.000000  0.000370  0.000000  0.000017
 O2      0.000833  0.000000  0.000021  0.000833  0.000000  0.000021  0.000833  0.000000  0.000021
         0.000000  0.000000  0.000000  0.000000  0.000000  0.000000  0.000000  0.000000  0.000000

 ==> SCALE, EXTINCTION, CELL PARAMETERS FOR PATTERN#  1

 => Scale factors ( 1: 6): 
             0.374515        0.000032        0.002550
             0.000000        0.000000        0.000000
             0.000000        0.000000        0.000000
             0.000000        0.000000        0.000000
             0.000000        0.000000        0.000000
             0.000000        0.000000        0.000000


 => Extinction Parameters: 
             0.181391        0.000091        0.005638
             0.000000        0.000000        0.000000
             0.000000        0.000000        0.000000
             0.000000        0.000000        0.000000
             0.000000        0.000000        0.000000
             0.000000        0.000000        0.000000
             0.000000        0.000000        0.000000


 => Lambda/2 param: 
              0.000000        0.000000        0.000000

 => Global user-weigthed Chi2 (Bragg contrib.):   1.54    

 => ---------> Pattern#  1
 => Phase:  1
 =>    RF2 -factor :   2.86    
 =>    RF2w-factor :   3.12    
 =>    RF  -factor :   2.91    
 =>    Chi2(Intens):   1.54    
 =>  N_eff Reflect.:    220 with I >  0.00 sigma
 ++++++++++++++++++++++++++++++++++++++++++++++++++++++++++++++++++++++++++++++++++++++++++++++++++++++++++++++++++++++++++++++++++++

 => CYCLE No.:    7
 ------------------------------------------------------------------------------------------------------------------------------------
 => Phase  1 Name: Tb2Ti2O7
 ------------------------------------------------------------------------------------------------------------------------------------
 => New parameters, shifts, and standard deviations

 Atom        x       dx      sx       y       dy      sy       z       dz      sz       B       dB      sB      occ.    docc.   socc.

 Tb       0.50000 0.00000 0.00000  0.50000 0.00000 0.00000  0.50000 0.00000 0.00000  0.00000 0.00000 0.00000  0.33333 0.00000 0.00000
 Ti       0.00000 0.00000 0.00000  0.00000 0.00000 0.00000  0.00000 0.00000 0.00000  0.00000 0.00000 0.00000  0.33333 0.00000 0.00000
 O1       0.32804 0.00000 0.00000  0.12500 0.00000 0.00000  0.12500 0.00000 0.00000  0.00000 0.00000 0.00000  1.00000 0.00000 0.00000
 O2       0.37500 0.00000 0.00000  0.37500 0.00000 0.00000  0.37500 0.00000 0.00000  0.00000 0.00000 0.00000  0.16667 0.00000 0.00000

 Atom         B11      DB11      SB11       B22      DB22      SB22       B33      DB33      SB33
              B12      DB12      SB12       B13      DB13      SB13       B23      DB23      SB23
 Tb      0.001327  0.000001  0.000016  0.001327  0.000001  0.000016  0.001327  0.000001  0.000016
        -0.000388 -0.000001  0.000014 -0.000388 -0.000001  0.000014 -0.000388 -0.000001  0.000014
 Ti      0.001165  0.000001  0.000025  0.001165  0.000001  0.000025  0.001165  0.000001  0.000025
        -0.000071 -0.000000  0.000031 -0.000071 -0.000000  0.000031 -0.000071 -0.000000  0.000031
 O1      0.001396  0.000001  0.000022  0.001054  0.000001  0.000016  0.001054  0.000001  0.000016
         0.000000  0.000000  0.000000  0.000000  0.000000  0.000000  0.000370  0.000000  0.000017
 O2      0.000833  0.000000  0.000021  0.000833  0.000000  0.000021  0.000833  0.000000  0.000021
         0.000000  0.000000  0.000000  0.000000  0.000000  0.000000  0.000000  0.000000  0.000000

 ==> SCALE, EXTINCTION, CELL PARAMETERS FOR PATTERN#  1

 => Scale factors ( 1: 6): 
             0.374546        0.000031        0.002545
             0.000000        0.000000        0.000000
             0.000000        0.000000        0.000000
             0.000000        0.000000        0.000000
             0.000000        0.000000        0.000000
             0.000000        0.000000        0.000000


 => Extinction Parameters: 
             0.181478        0.000088        0.005628
             0.000000        0.000000        0.000000
             0.000000        0.000000        0.000000
             0.000000        0.000000        0.000000
             0.000000        0.000000        0.000000
             0.000000        0.000000        0.000000
             0.000000        0.000000        0.000000


 => Lambda/2 param: 
              0.000000        0.000000        0.000000

 => Global user-weigthed Chi2 (Bragg contrib.):   1.53    

 => ---------> Pattern#  1
 => Phase:  1
 =>    RF2 -factor :   2.85    
 =>    RF2w-factor :   3.11    
 =>    RF  -factor :   2.90    
 =>    Chi2(Intens):   1.53    
 =>  N_eff Reflect.:    220 with I >  0.00 sigma
 ++++++++++++++++++++++++++++++++++++++++++++++++++++++++++++++++++++++++++++++++++++++++++++++++++++++++++++++++++++++++++++++++++++

 => CYCLE No.:    8
 ------------------------------------------------------------------------------------------------------------------------------------
 => Phase  1 Name: Tb2Ti2O7
 ------------------------------------------------------------------------------------------------------------------------------------
 => New parameters, shifts, and standard deviations

 Atom        x       dx      sx       y       dy      sy       z       dz      sz       B       dB      sB      occ.    docc.   socc.

 Tb       0.50000 0.00000 0.00000  0.50000 0.00000 0.00000  0.50000 0.00000 0.00000  0.00000 0.00000 0.00000  0.33333 0.00000 0.00000
 Ti       0.00000 0.00000 0.00000  0.00000 0.00000 0.00000  0.00000 0.00000 0.00000  0.00000 0.00000 0.00000  0.33333 0.00000 0.00000
 O1       0.32804 0.00000 0.00000  0.12500 0.00000 0.00000  0.12500 0.00000 0.00000  0.00000 0.00000 0.00000  1.00000 0.00000 0.00000
 O2       0.37500 0.00000 0.00000  0.37500 0.00000 0.00000  0.37500 0.00000 0.00000  0.00000 0.00000 0.00000  0.16667 0.00000 0.00000

 Atom         B11      DB11      SB11       B22      DB22      SB22       B33      DB33      SB33
              B12      DB12      SB12       B13      DB13      SB13       B23      DB23      SB23
 Tb      0.001328  0.000001  0.000016  0.001328  0.000001  0.000016  0.001328  0.000001  0.000016
        -0.000389 -0.000001  0.000014 -0.000389 -0.000001  0.000014 -0.000389 -0.000001  0.000014
 Ti      0.001165  0.000001  0.000025  0.001165  0.000001  0.000025  0.001165  0.000001  0.000025
        -0.000071 -0.000000  0.000031 -0.000071 -0.000000  0.000031 -0.000071 -0.000000  0.000031
 O1      0.001397  0.000001  0.000022  0.001055  0.000000  0.000016  0.001055  0.000000  0.000016
         0.000000  0.000000  0.000000  0.000000  0.000000  0.000000  0.000370  0.000000  0.000017
 O2      0.000833  0.000000  0.000021  0.000833  0.000000  0.000021  0.000833  0.000000  0.000021
         0.000000  0.000000  0.000000  0.000000  0.000000  0.000000  0.000000  0.000000  0.000000

 ==> SCALE, EXTINCTION, CELL PARAMETERS FOR PATTERN#  1

 => Scale factors ( 1: 6): 
             0.374576        0.000030        0.002541
             0.000000        0.000000        0.000000
             0.000000        0.000000        0.000000
             0.000000        0.000000        0.000000
             0.000000        0.000000        0.000000
             0.000000        0.000000        0.000000


 => Extinction Parameters: 
             0.181563        0.000085        0.005620
             0.000000        0.000000        0.000000
             0.000000        0.000000        0.000000
             0.000000        0.000000        0.000000
             0.000000        0.000000        0.000000
             0.000000        0.000000        0.000000
             0.000000        0.000000        0.000000


 => Lambda/2 param: 
              0.000000        0.000000        0.000000

 => Global user-weigthed Chi2 (Bragg contrib.):   1.52    

 => ---------> Pattern#  1
 => Phase:  1
 =>    RF2 -factor :   2.85    
 =>    RF2w-factor :   3.10    
 =>    RF  -factor :   2.90    
 =>    Chi2(Intens):   1.52    
 =>  N_eff Reflect.:    220 with I >  0.00 sigma
 ++++++++++++++++++++++++++++++++++++++++++++++++++++++++++++++++++++++++++++++++++++++++++++++++++++++++++++++++++++++++++++++++++++

 => CYCLE No.:    9
 ------------------------------------------------------------------------------------------------------------------------------------
 => Phase  1 Name: Tb2Ti2O7
 ------------------------------------------------------------------------------------------------------------------------------------
 => New parameters, shifts, and standard deviations

 Atom        x       dx      sx       y       dy      sy       z       dz      sz       B       dB      sB      occ.    docc.   socc.

 Tb       0.50000 0.00000 0.00000  0.50000 0.00000 0.00000  0.50000 0.00000 0.00000  0.00000 0.00000 0.00000  0.33333 0.00000 0.00000
 Ti       0.00000 0.00000 0.00000  0.00000 0.00000 0.00000  0.00000 0.00000 0.00000  0.00000 0.00000 0.00000  0.33333 0.00000 0.00000
 O1       0.32804 0.00000 0.00000  0.12500 0.00000 0.00000  0.12500 0.00000 0.00000  0.00000 0.00000 0.00000  1.00000 0.00000 0.00000
 O2       0.37500 0.00000 0.00000  0.37500 0.00000 0.00000  0.37500 0.00000 0.00000  0.00000 0.00000 0.00000  0.16667 0.00000 0.00000

 Atom         B11      DB11      SB11       B22      DB22      SB22       B33      DB33      SB33
              B12      DB12      SB12       B13      DB13      SB13       B23      DB23      SB23
 Tb      0.001329  0.000001  0.000016  0.001329  0.000001  0.000016  0.001329  0.000001  0.000016
        -0.000390 -0.000001  0.000014 -0.000390 -0.000001  0.000014 -0.000390 -0.000001  0.000014
 Ti      0.001166  0.000001  0.000025  0.001166  0.000001  0.000025  0.001166  0.000001  0.000025
        -0.000071 -0.000000  0.000031 -0.000071 -0.000000  0.000031 -0.000071 -0.000000  0.000031
 O1      0.001398  0.000001  0.000022  0.001055  0.000000  0.000016  0.001055  0.000000  0.000016
         0.000000  0.000000  0.000000  0.000000  0.000000  0.000000  0.000370  0.000000  0.000017
 O2      0.000834  0.000000  0.000021  0.000834  0.000000  0.000021  0.000834  0.000000  0.000021
         0.000000  0.000000  0.000000  0.000000  0.000000  0.000000  0.000000  0.000000  0.000000

 ==> SCALE, EXTINCTION, CELL PARAMETERS FOR PATTERN#  1

 => Scale factors ( 1: 6): 
             0.374605        0.000029        0.002537
             0.000000        0.000000        0.000000
             0.000000        0.000000        0.000000
             0.000000        0.000000        0.000000
             0.000000        0.000000        0.000000
             0.000000        0.000000        0.000000


 => Extinction Parameters: 
             0.181645        0.000082        0.005612
             0.000000        0.000000        0.000000
             0.000000        0.000000        0.000000
             0.000000        0.000000        0.000000
             0.000000        0.000000        0.000000
             0.000000        0.000000        0.000000
             0.000000        0.000000        0.000000


 => Lambda/2 param: 
              0.000000        0.000000        0.000000

 => Global user-weigthed Chi2 (Bragg contrib.):   1.52    

 => ---------> Pattern#  1
 => Phase:  1
 =>    RF2 -factor :   2.84    
 =>    RF2w-factor :   3.10    
 =>    RF  -factor :   2.89    
 =>    Chi2(Intens):   1.52    
 =>  N_eff Reflect.:    220 with I >  0.00 sigma
 ++++++++++++++++++++++++++++++++++++++++++++++++++++++++++++++++++++++++++++++++++++++++++++++++++++++++++++++++++++++++++++++++++++

 => CYCLE No.:   10
 ------------------------------------------------------------------------------------------------------------------------------------
 => Phase  1 Name: Tb2Ti2O7
 ------------------------------------------------------------------------------------------------------------------------------------
 => New parameters, shifts, and standard deviations

 Atom        x       dx      sx       y       dy      sy       z       dz      sz       B       dB      sB      occ.    docc.   socc.

 Tb       0.50000 0.00000 0.00000  0.50000 0.00000 0.00000  0.50000 0.00000 0.00000  0.00000 0.00000 0.00000  0.33333 0.00000 0.00000
 Ti       0.00000 0.00000 0.00000  0.00000 0.00000 0.00000  0.00000 0.00000 0.00000  0.00000 0.00000 0.00000  0.33333 0.00000 0.00000
 O1       0.32804 0.00000 0.00000  0.12500 0.00000 0.00000  0.12500 0.00000 0.00000  0.00000 0.00000 0.00000  1.00000 0.00000 0.00000
 O2       0.37500 0.00000 0.00000  0.37500 0.00000 0.00000  0.37500 0.00000 0.00000  0.00000 0.00000 0.00000  0.16667 0.00000 0.00000

 Atom         B11      DB11      SB11       B22      DB22      SB22       B33      DB33      SB33
              B12      DB12      SB12       B13      DB13      SB13       B23      DB23      SB23
 Tb      0.001329  0.000001  0.000016  0.001329  0.000001  0.000016  0.001329  0.000001  0.000016
        -0.000391 -0.000001  0.000014 -0.000391 -0.000001  0.000014 -0.000391 -0.000001  0.000014
 Ti      0.001167  0.000001  0.000025  0.001167  0.000001  0.000025  0.001167  0.000001  0.000025
        -0.000071 -0.000000  0.000031 -0.000071 -0.000000  0.000031 -0.000071 -0.000000  0.000031
 O1      0.001398  0.000001  0.000022  0.001056  0.000000  0.000016  0.001056  0.000000  0.000016
         0.000000  0.000000  0.000000  0.000000  0.000000  0.000000  0.000370  0.000000  0.000017
 O2      0.000834  0.000000  0.000021  0.000834  0.000000  0.000021  0.000834  0.000000  0.000021
         0.000000  0.000000  0.000000  0.000000  0.000000  0.000000  0.000000  0.000000  0.000000

 ==> SCALE, EXTINCTION, CELL PARAMETERS FOR PATTERN#  1

 => Scale factors ( 1: 6): 
             0.374632        0.000028        0.002533
             0.000000        0.000000        0.000000
             0.000000        0.000000        0.000000
             0.000000        0.000000        0.000000
             0.000000        0.000000        0.000000
             0.000000        0.000000        0.000000


 => Extinction Parameters: 
             0.181725        0.000079        0.005604
             0.000000        0.000000        0.000000
             0.000000        0.000000        0.000000
             0.000000        0.000000        0.000000
             0.000000        0.000000        0.000000
             0.000000        0.000000        0.000000
             0.000000        0.000000        0.000000


 => Lambda/2 param: 
              0.000000        0.000000        0.000000

 => Global user-weigthed Chi2 (Bragg contrib.):   1.51    

 => ---------> Pattern#  1
 => Phase:  1
 =>    RF2 -factor :   2.83    
 =>    RF2w-factor :   3.09    
 =>    RF  -factor :   2.89    
 =>    Chi2(Intens):   1.51    
 =>  N_eff Reflect.:    220 with I >  0.00 sigma
 ++++++++++++++++++++++++++++++++++++++++++++++++++++++++++++++++++++++++++++++++++++++++++++++++++++++++++++++++++++++++++++++++++++

 => CYCLE No.:   11
 ------------------------------------------------------------------------------------------------------------------------------------
 => Phase  1 Name: Tb2Ti2O7
 ------------------------------------------------------------------------------------------------------------------------------------
 => New parameters, shifts, and standard deviations

 Atom        x       dx      sx       y       dy      sy       z       dz      sz       B       dB      sB      occ.    docc.   socc.

 Tb       0.50000 0.00000 0.00000  0.50000 0.00000 0.00000  0.50000 0.00000 0.00000  0.00000 0.00000 0.00000  0.33333 0.00000 0.00000
 Ti       0.00000 0.00000 0.00000  0.00000 0.00000 0.00000  0.00000 0.00000 0.00000  0.00000 0.00000 0.00000  0.33333 0.00000 0.00000
 O1       0.32804 0.00000 0.00000  0.12500 0.00000 0.00000  0.12500 0.00000 0.00000  0.00000 0.00000 0.00000  1.00000 0.00000 0.00000
 O2       0.37500 0.00000 0.00000  0.37500 0.00000 0.00000  0.37500 0.00000 0.00000  0.00000 0.00000 0.00000  0.16667 0.00000 0.00000

 Atom         B11      DB11      SB11       B22      DB22      SB22       B33      DB33      SB33
              B12      DB12      SB12       B13      DB13      SB13       B23      DB23      SB23
 Tb      0.001330  0.000001  0.000016  0.001330  0.000001  0.000016  0.001330  0.000001  0.000016
        -0.000392 -0.000001  0.000014 -0.000392 -0.000001  0.000014 -0.000392 -0.000001  0.000014
 Ti      0.001167  0.000001  0.000025  0.001167  0.000001  0.000025  0.001167  0.000001  0.000025
        -0.000071 -0.000000  0.000031 -0.000071 -0.000000  0.000031 -0.000071 -0.000000  0.000031
 O1      0.001399  0.000001  0.000022  0.001056  0.000000  0.000016  0.001056  0.000000  0.000016
         0.000000  0.000000  0.000000  0.000000  0.000000  0.000000  0.000370  0.000000  0.000017
 O2      0.000834  0.000000  0.000021  0.000834  0.000000  0.000021  0.000834  0.000000  0.000021
         0.000000  0.000000  0.000000  0.000000  0.000000  0.000000  0.000000  0.000000  0.000000

 ==> SCALE, EXTINCTION, CELL PARAMETERS FOR PATTERN#  1

 => Scale factors ( 1: 6): 
             0.374659        0.000027        0.002529
             0.000000        0.000000        0.000000
             0.000000        0.000000        0.000000
             0.000000        0.000000        0.000000
             0.000000        0.000000        0.000000
             0.000000        0.000000        0.000000


 => Extinction Parameters: 
             0.181801        0.000077        0.005597
             0.000000        0.000000        0.000000
             0.000000        0.000000        0.000000
             0.000000        0.000000        0.000000
             0.000000        0.000000        0.000000
             0.000000        0.000000        0.000000
             0.000000        0.000000        0.000000


 => Lambda/2 param: 
              0.000000        0.000000        0.000000

 => Global user-weigthed Chi2 (Bragg contrib.):   1.51    

 => ---------> Pattern#  1
 => Phase:  1
 =>    RF2 -factor :   2.82    
 =>    RF2w-factor :   3.09    
 =>    RF  -factor :   2.88    
 =>    Chi2(Intens):   1.51    
 =>  N_eff Reflect.:    220 with I >  0.00 sigma
 ++++++++++++++++++++++++++++++++++++++++++++++++++++++++++++++++++++++++++++++++++++++++++++++++++++++++++++++++++++++++++++++++++++

 => CYCLE No.:   12
 ------------------------------------------------------------------------------------------------------------------------------------
 => Phase  1 Name: Tb2Ti2O7
 ------------------------------------------------------------------------------------------------------------------------------------
 => New parameters, shifts, and standard deviations

 Atom        x       dx      sx       y       dy      sy       z       dz      sz       B       dB      sB      occ.    docc.   socc.

 Tb       0.50000 0.00000 0.00000  0.50000 0.00000 0.00000  0.50000 0.00000 0.00000  0.00000 0.00000 0.00000  0.33333 0.00000 0.00000
 Ti       0.00000 0.00000 0.00000  0.00000 0.00000 0.00000  0.00000 0.00000 0.00000  0.00000 0.00000 0.00000  0.33333 0.00000 0.00000
 O1       0.32804 0.00000 0.00000  0.12500 0.00000 0.00000  0.12500 0.00000 0.00000  0.00000 0.00000 0.00000  1.00000 0.00000 0.00000
 O2       0.37500 0.00000 0.00000  0.37500 0.00000 0.00000  0.37500 0.00000 0.00000  0.00000 0.00000 0.00000  0.16667 0.00000 0.00000

 Atom         B11      DB11      SB11       B22      DB22      SB22       B33      DB33      SB33
              B12      DB12      SB12       B13      DB13      SB13       B23      DB23      SB23
 Tb      0.001331  0.000001  0.000016  0.001331  0.000001  0.000016  0.001331  0.000001  0.000016
        -0.000393 -0.000001  0.000014 -0.000393 -0.000001  0.000014 -0.000393 -0.000001  0.000014
 Ti      0.001167  0.000000  0.000025  0.001167  0.000000  0.000025  0.001167  0.000000  0.000025
        -0.000071 -0.000000  0.000031 -0.000071 -0.000000  0.000031 -0.000071 -0.000000  0.000031
 O1      0.001399  0.000001  0.000022  0.001056  0.000000  0.000016  0.001056  0.000000  0.000016
         0.000000  0.000000  0.000000  0.000000  0.000000  0.000000  0.000370  0.000000  0.000017
 O2      0.000835  0.000000  0.000021  0.000835  0.000000  0.000021  0.000835  0.000000  0.000021
         0.000000  0.000000  0.000000  0.000000  0.000000  0.000000  0.000000  0.000000  0.000000

 ==> SCALE, EXTINCTION, CELL PARAMETERS FOR PATTERN#  1

 => Scale factors ( 1: 6): 
             0.374685        0.000026        0.002525
             0.000000        0.000000        0.000000
             0.000000        0.000000        0.000000
             0.000000        0.000000        0.000000
             0.000000        0.000000        0.000000
             0.000000        0.000000        0.000000


 => Extinction Parameters: 
             0.181876        0.000074        0.005591
             0.000000        0.000000        0.000000
             0.000000        0.000000        0.000000
             0.000000        0.000000        0.000000
             0.000000        0.000000        0.000000
             0.000000        0.000000        0.000000
             0.000000        0.000000        0.000000


 => Lambda/2 param: 
              0.000000        0.000000        0.000000

 => Global user-weigthed Chi2 (Bragg contrib.):   1.50    

 => ---------> Pattern#  1
 => Phase:  1
 =>    RF2 -factor :   2.82    
 =>    RF2w-factor :   3.08    
 =>    RF  -factor :   2.88    
 =>    Chi2(Intens):   1.50    
 =>  N_eff Reflect.:    220 with I >  0.00 sigma
 ++++++++++++++++++++++++++++++++++++++++++++++++++++++++++++++++++++++++++++++++++++++++++++++++++++++++++++++++++++++++++++++++++++

 => CYCLE No.:   13
 ------------------------------------------------------------------------------------------------------------------------------------
 => Phase  1 Name: Tb2Ti2O7
 ------------------------------------------------------------------------------------------------------------------------------------
 => New parameters, shifts, and standard deviations

 Atom        x       dx      sx       y       dy      sy       z       dz      sz       B       dB      sB      occ.    docc.   socc.

 Tb       0.50000 0.00000 0.00000  0.50000 0.00000 0.00000  0.50000 0.00000 0.00000  0.00000 0.00000 0.00000  0.33333 0.00000 0.00000
 Ti       0.00000 0.00000 0.00000  0.00000 0.00000 0.00000  0.00000 0.00000 0.00000  0.00000 0.00000 0.00000  0.33333 0.00000 0.00000
 O1       0.32804 0.00000 0.00000  0.12500 0.00000 0.00000  0.12500 0.00000 0.00000  0.00000 0.00000 0.00000  1.00000 0.00000 0.00000
 O2       0.37500 0.00000 0.00000  0.37500 0.00000 0.00000  0.37500 0.00000 0.00000  0.00000 0.00000 0.00000  0.16667 0.00000 0.00000

 Atom         B11      DB11      SB11       B22      DB22      SB22       B33      DB33      SB33
              B12      DB12      SB12       B13      DB13      SB13       B23      DB23      SB23
 Tb      0.001332  0.000001  0.000016  0.001332  0.000001  0.000016  0.001332  0.000001  0.000016
        -0.000394 -0.000001  0.000014 -0.000394 -0.000001  0.000014 -0.000394 -0.000001  0.000014
 Ti      0.001168  0.000000  0.000025  0.001168  0.000000  0.000025  0.001168  0.000000  0.000025
        -0.000071 -0.000000  0.000030 -0.000071 -0.000000  0.000030 -0.000071 -0.000000  0.000030
 O1      0.001400  0.000001  0.000022  0.001057  0.000000  0.000016  0.001057  0.000000  0.000016
         0.000000  0.000000  0.000000  0.000000  0.000000  0.000000  0.000370  0.000000  0.000017
 O2      0.000835  0.000000  0.000021  0.000835  0.000000  0.000021  0.000835  0.000000  0.000021
         0.000000  0.000000  0.000000  0.000000  0.000000  0.000000  0.000000  0.000000  0.000000

 ==> SCALE, EXTINCTION, CELL PARAMETERS FOR PATTERN#  1

 => Scale factors ( 1: 6): 
             0.374709        0.000025        0.002522
             0.000000        0.000000        0.000000
             0.000000        0.000000        0.000000
             0.000000        0.000000        0.000000
             0.000000        0.000000        0.000000
             0.000000        0.000000        0.000000


 => Extinction Parameters: 
             0.181947        0.000072        0.005585
             0.000000        0.000000        0.000000
             0.000000        0.000000        0.000000
             0.000000        0.000000        0.000000
             0.000000        0.000000        0.000000
             0.000000        0.000000        0.000000
             0.000000        0.000000        0.000000


 => Lambda/2 param: 
              0.000000        0.000000        0.000000

 => Global user-weigthed Chi2 (Bragg contrib.):   1.50    

 => ---------> Pattern#  1
 => Phase:  1
 =>    RF2 -factor :   2.81    
 =>    RF2w-factor :   3.08    
 =>    RF  -factor :   2.88    
 =>    Chi2(Intens):   1.50    
 =>  N_eff Reflect.:    220 with I >  0.00 sigma
 ++++++++++++++++++++++++++++++++++++++++++++++++++++++++++++++++++++++++++++++++++++++++++++++++++++++++++++++++++++++++++++++++++++

 => CYCLE No.:   14
 ------------------------------------------------------------------------------------------------------------------------------------
 => Phase  1 Name: Tb2Ti2O7
 ------------------------------------------------------------------------------------------------------------------------------------
 => New parameters, shifts, and standard deviations

 Atom        x       dx      sx       y       dy      sy       z       dz      sz       B       dB      sB      occ.    docc.   socc.

 Tb       0.50000 0.00000 0.00000  0.50000 0.00000 0.00000  0.50000 0.00000 0.00000  0.00000 0.00000 0.00000  0.33333 0.00000 0.00000
 Ti       0.00000 0.00000 0.00000  0.00000 0.00000 0.00000  0.00000 0.00000 0.00000  0.00000 0.00000 0.00000  0.33333 0.00000 0.00000
 O1       0.32804 0.00000 0.00000  0.12500 0.00000 0.00000  0.12500 0.00000 0.00000  0.00000 0.00000 0.00000  1.00000 0.00000 0.00000
 O2       0.37500 0.00000 0.00000  0.37500 0.00000 0.00000  0.37500 0.00000 0.00000  0.00000 0.00000 0.00000  0.16667 0.00000 0.00000

 Atom         B11      DB11      SB11       B22      DB22      SB22       B33      DB33      SB33
              B12      DB12      SB12       B13      DB13      SB13       B23      DB23      SB23
 Tb      0.001332  0.000001  0.000016  0.001332  0.000001  0.000016  0.001332  0.000001  0.000016
        -0.000395 -0.000001  0.000014 -0.000395 -0.000001  0.000014 -0.000395 -0.000001  0.000014
 Ti      0.001168  0.000000  0.000025  0.001168  0.000000  0.000025  0.001168  0.000000  0.000025
        -0.000071 -0.000000  0.000030 -0.000071 -0.000000  0.000030 -0.000071 -0.000000  0.000030
 O1      0.001401  0.000001  0.000022  0.001057  0.000000  0.000015  0.001057  0.000000  0.000015
         0.000000  0.000000  0.000000  0.000000  0.000000  0.000000  0.000370  0.000000  0.000017
 O2      0.000835  0.000000  0.000021  0.000835  0.000000  0.000021  0.000835  0.000000  0.000021
         0.000000  0.000000  0.000000  0.000000  0.000000  0.000000  0.000000  0.000000  0.000000

 ==> SCALE, EXTINCTION, CELL PARAMETERS FOR PATTERN#  1

 => Scale factors ( 1: 6): 
             0.374733        0.000024        0.002519
             0.000000        0.000000        0.000000
             0.000000        0.000000        0.000000
             0.000000        0.000000        0.000000
             0.000000        0.000000        0.000000
             0.000000        0.000000        0.000000


 => Extinction Parameters: 
             0.182017        0.000069        0.005579
             0.000000        0.000000        0.000000
             0.000000        0.000000        0.000000
             0.000000        0.000000        0.000000
             0.000000        0.000000        0.000000
             0.000000        0.000000        0.000000
             0.000000        0.000000        0.000000


 => Lambda/2 param: 
              0.000000        0.000000        0.000000

 => Global user-weigthed Chi2 (Bragg contrib.):   1.49    

 => ---------> Pattern#  1
 => Phase:  1
 =>    RF2 -factor :   2.81    
 =>    RF2w-factor :   3.07    
 =>    RF  -factor :   2.87    
 =>    Chi2(Intens):   1.49    
 =>  N_eff Reflect.:    220 with I >  0.00 sigma
 ++++++++++++++++++++++++++++++++++++++++++++++++++++++++++++++++++++++++++++++++++++++++++++++++++++++++++++++++++++++++++++++++++++

 => CYCLE No.:   15
 ------------------------------------------------------------------------------------------------------------------------------------
 => Phase  1 Name: Tb2Ti2O7
 ------------------------------------------------------------------------------------------------------------------------------------
 => New parameters, shifts, and standard deviations

 Atom        x       dx      sx       y       dy      sy       z       dz      sz       B       dB      sB      occ.    docc.   socc.

 Tb       0.50000 0.00000 0.00000  0.50000 0.00000 0.00000  0.50000 0.00000 0.00000  0.00000 0.00000 0.00000  0.33333 0.00000 0.00000
 Ti       0.00000 0.00000 0.00000  0.00000 0.00000 0.00000  0.00000 0.00000 0.00000  0.00000 0.00000 0.00000  0.33333 0.00000 0.00000
 O1       0.32804 0.00000 0.00000  0.12500 0.00000 0.00000  0.12500 0.00000 0.00000  0.00000 0.00000 0.00000  1.00000 0.00000 0.00000
 O2       0.37500 0.00000 0.00000  0.37500 0.00000 0.00000  0.37500 0.00000 0.00000  0.00000 0.00000 0.00000  0.16667 0.00000 0.00000

 Atom         B11      DB11      SB11       B22      DB22      SB22       B33      DB33      SB33
              B12      DB12      SB12       B13      DB13      SB13       B23      DB23      SB23
 Tb      0.001333  0.000001  0.000016  0.001333  0.000001  0.000016  0.001333  0.000001  0.000016
        -0.000396 -0.000001  0.000014 -0.000396 -0.000001  0.000014 -0.000396 -0.000001  0.000014
 Ti      0.001169  0.000000  0.000025  0.001169  0.000000  0.000025  0.001169  0.000000  0.000025
        -0.000071 -0.000000  0.000030 -0.000071 -0.000000  0.000030 -0.000071 -0.000000  0.000030
 O1      0.001401  0.000001  0.000022  0.001058  0.000000  0.000015  0.001058  0.000000  0.000015
         0.000000  0.000000  0.000000  0.000000  0.000000  0.000000  0.000370  0.000000  0.000017
 O2      0.000836  0.000000  0.000021  0.000836  0.000000  0.000021  0.000836  0.000000  0.000021
         0.000000  0.000000  0.000000  0.000000  0.000000  0.000000  0.000000  0.000000  0.000000

 ==> SCALE, EXTINCTION, CELL PARAMETERS FOR PATTERN#  1

 => Scale factors ( 1: 6): 
             0.374755        0.000023        0.002516
             0.000000        0.000000        0.000000
             0.000000        0.000000        0.000000
             0.000000        0.000000        0.000000
             0.000000        0.000000        0.000000
             0.000000        0.000000        0.000000


 => Extinction Parameters: 
             0.182084        0.000067        0.005574
             0.000000        0.000000        0.000000
             0.000000        0.000000        0.000000
             0.000000        0.000000        0.000000
             0.000000        0.000000        0.000000
             0.000000        0.000000        0.000000
             0.000000        0.000000        0.000000


 => Lambda/2 param: 
              0.000000        0.000000        0.000000

 => Global user-weigthed Chi2 (Bragg contrib.):   1.49    

 => ---------> Pattern#  1
 => Phase:  1
 =>    RF2 -factor :   2.80    
 =>    RF2w-factor :   3.07    
 =>    RF  -factor :   2.87    
 =>    Chi2(Intens):   1.49    
 =>  N_eff Reflect.:    220 with I >  0.00 sigma
 ++++++++++++++++++++++++++++++++++++++++++++++++++++++++++++++++++++++++++++++++++++++++++++++++++++++++++++++++++++++++++++++++++++

 => CYCLE No.:   16
 ------------------------------------------------------------------------------------------------------------------------------------
 => Phase  1 Name: Tb2Ti2O7
 ------------------------------------------------------------------------------------------------------------------------------------
 => New parameters, shifts, and standard deviations

 Atom        x       dx      sx       y       dy      sy       z       dz      sz       B       dB      sB      occ.    docc.   socc.

 Tb       0.50000 0.00000 0.00000  0.50000 0.00000 0.00000  0.50000 0.00000 0.00000  0.00000 0.00000 0.00000  0.33333 0.00000 0.00000
 Ti       0.00000 0.00000 0.00000  0.00000 0.00000 0.00000  0.00000 0.00000 0.00000  0.00000 0.00000 0.00000  0.33333 0.00000 0.00000
 O1       0.32804 0.00000 0.00000  0.12500 0.00000 0.00000  0.12500 0.00000 0.00000  0.00000 0.00000 0.00000  1.00000 0.00000 0.00000
 O2       0.37500 0.00000 0.00000  0.37500 0.00000 0.00000  0.37500 0.00000 0.00000  0.00000 0.00000 0.00000  0.16667 0.00000 0.00000

 Atom         B11      DB11      SB11       B22      DB22      SB22       B33      DB33      SB33
              B12      DB12      SB12       B13      DB13      SB13       B23      DB23      SB23
 Tb      0.001333  0.000001  0.000016  0.001333  0.000001  0.000016  0.001333  0.000001  0.000016
        -0.000397 -0.000001  0.000014 -0.000397 -0.000001  0.000014 -0.000397 -0.000001  0.000014
 Ti      0.001169  0.000000  0.000025  0.001169  0.000000  0.000025  0.001169  0.000000  0.000025
        -0.000071 -0.000000  0.000030 -0.000071 -0.000000  0.000030 -0.000071 -0.000000  0.000030
 O1      0.001402  0.000001  0.000022  0.001058  0.000000  0.000015  0.001058  0.000000  0.000015
         0.000000  0.000000  0.000000  0.000000  0.000000  0.000000  0.000370  0.000000  0.000017
 O2      0.000836  0.000000  0.000021  0.000836  0.000000  0.000021  0.000836  0.000000  0.000021
         0.000000  0.000000  0.000000  0.000000  0.000000  0.000000  0.000000  0.000000  0.000000

 ==> SCALE, EXTINCTION, CELL PARAMETERS FOR PATTERN#  1

 => Scale factors ( 1: 6): 
             0.374777        0.000022        0.002513
             0.000000        0.000000        0.000000
             0.000000        0.000000        0.000000
             0.000000        0.000000        0.000000
             0.000000        0.000000        0.000000
             0.000000        0.000000        0.000000


 => Extinction Parameters: 
             0.182148        0.000065        0.005569
             0.000000        0.000000        0.000000
             0.000000        0.000000        0.000000
             0.000000        0.000000        0.000000
             0.000000        0.000000        0.000000
             0.000000        0.000000        0.000000
             0.000000        0.000000        0.000000


 => Lambda/2 param: 
              0.000000        0.000000        0.000000

 => Global user-weigthed Chi2 (Bragg contrib.):   1.48    

 => ---------> Pattern#  1
 => Phase:  1
 =>    RF2 -factor :   2.80    
 =>    RF2w-factor :   3.07    
 =>    RF  -factor :   2.87    
 =>    Chi2(Intens):   1.49    
 =>  N_eff Reflect.:    220 with I >  0.00 sigma
 ++++++++++++++++++++++++++++++++++++++++++++++++++++++++++++++++++++++++++++++++++++++++++++++++++++++++++++++++++++++++++++++++++++

 => CYCLE No.:   17
 ------------------------------------------------------------------------------------------------------------------------------------
 => Phase  1 Name: Tb2Ti2O7
 ------------------------------------------------------------------------------------------------------------------------------------
 => New parameters, shifts, and standard deviations

 Atom        x       dx      sx       y       dy      sy       z       dz      sz       B       dB      sB      occ.    docc.   socc.

 Tb       0.50000 0.00000 0.00000  0.50000 0.00000 0.00000  0.50000 0.00000 0.00000  0.00000 0.00000 0.00000  0.33333 0.00000 0.00000
 Ti       0.00000 0.00000 0.00000  0.00000 0.00000 0.00000  0.00000 0.00000 0.00000  0.00000 0.00000 0.00000  0.33333 0.00000 0.00000
 O1       0.32804 0.00000 0.00000  0.12500 0.00000 0.00000  0.12500 0.00000 0.00000  0.00000 0.00000 0.00000  1.00000 0.00000 0.00000
 O2       0.37500 0.00000 0.00000  0.37500 0.00000 0.00000  0.37500 0.00000 0.00000  0.00000 0.00000 0.00000  0.16667 0.00000 0.00000

 Atom         B11      DB11      SB11       B22      DB22      SB22       B33      DB33      SB33
              B12      DB12      SB12       B13      DB13      SB13       B23      DB23      SB23
 Tb      0.001334  0.000001  0.000016  0.001334  0.000001  0.000016  0.001334  0.000001  0.000016
        -0.000398 -0.000001  0.000014 -0.000398 -0.000001  0.000014 -0.000398 -0.000001  0.000014
 Ti      0.001170  0.000000  0.000025  0.001170  0.000000  0.000025  0.001170  0.000000  0.000025
        -0.000071 -0.000000  0.000030 -0.000071 -0.000000  0.000030 -0.000071 -0.000000  0.000030
 O1      0.001402  0.000000  0.000022  0.001058  0.000000  0.000015  0.001058  0.000000  0.000015
         0.000000  0.000000  0.000000  0.000000  0.000000  0.000000  0.000370  0.000000  0.000017
 O2      0.000836  0.000000  0.000021  0.000836  0.000000  0.000021  0.000836  0.000000  0.000021
         0.000000  0.000000  0.000000  0.000000  0.000000  0.000000  0.000000  0.000000  0.000000

 ==> SCALE, EXTINCTION, CELL PARAMETERS FOR PATTERN#  1

 => Scale factors ( 1: 6): 
             0.374798        0.000021        0.002511
             0.000000        0.000000        0.000000
             0.000000        0.000000        0.000000
             0.000000        0.000000        0.000000
             0.000000        0.000000        0.000000
             0.000000        0.000000        0.000000


 => Extinction Parameters: 
             0.182211        0.000062        0.005565
             0.000000        0.000000        0.000000
             0.000000        0.000000        0.000000
             0.000000        0.000000        0.000000
             0.000000        0.000000        0.000000
             0.000000        0.000000        0.000000
             0.000000        0.000000        0.000000


 => Lambda/2 param: 
              0.000000        0.000000        0.000000

 => Global user-weigthed Chi2 (Bragg contrib.):   1.48    

 => ---------> Pattern#  1
 => Phase:  1
 =>    RF2 -factor :   2.79    
 =>    RF2w-factor :   3.06    
 =>    RF  -factor :   2.86    
 =>    Chi2(Intens):   1.48    
 =>  N_eff Reflect.:    220 with I >  0.00 sigma
 ++++++++++++++++++++++++++++++++++++++++++++++++++++++++++++++++++++++++++++++++++++++++++++++++++++++++++++++++++++++++++++++++++++

 => CYCLE No.:   18
 ------------------------------------------------------------------------------------------------------------------------------------
 => Phase  1 Name: Tb2Ti2O7
 ------------------------------------------------------------------------------------------------------------------------------------
 => New parameters, shifts, and standard deviations

 Atom        x       dx      sx       y       dy      sy       z       dz      sz       B       dB      sB      occ.    docc.   socc.

 Tb       0.50000 0.00000 0.00000  0.50000 0.00000 0.00000  0.50000 0.00000 0.00000  0.00000 0.00000 0.00000  0.33333 0.00000 0.00000
 Ti       0.00000 0.00000 0.00000  0.00000 0.00000 0.00000  0.00000 0.00000 0.00000  0.00000 0.00000 0.00000  0.33333 0.00000 0.00000
 O1       0.32804 0.00000 0.00000  0.12500 0.00000 0.00000  0.12500 0.00000 0.00000  0.00000 0.00000 0.00000  1.00000 0.00000 0.00000
 O2       0.37500 0.00000 0.00000  0.37500 0.00000 0.00000  0.37500 0.00000 0.00000  0.00000 0.00000 0.00000  0.16667 0.00000 0.00000

 Atom         B11      DB11      SB11       B22      DB22      SB22       B33      DB33      SB33
              B12      DB12      SB12       B13      DB13      SB13       B23      DB23      SB23
 Tb      0.001334  0.000001  0.000016  0.001334  0.000001  0.000016  0.001334  0.000001  0.000016
        -0.000398 -0.000001  0.000014 -0.000398 -0.000001  0.000014 -0.000398 -0.000001  0.000014
 Ti      0.001170  0.000000  0.000025  0.001170  0.000000  0.000025  0.001170  0.000000  0.000025
        -0.000072 -0.000000  0.000030 -0.000072 -0.000000  0.000030 -0.000072 -0.000000  0.000030
 O1      0.001403  0.000000  0.000022  0.001059  0.000000  0.000015  0.001059  0.000000  0.000015
         0.000000  0.000000  0.000000  0.000000  0.000000  0.000000  0.000370  0.000000  0.000016
 O2      0.000836  0.000000  0.000021  0.000836  0.000000  0.000021  0.000836  0.000000  0.000021
         0.000000  0.000000  0.000000  0.000000  0.000000  0.000000  0.000000  0.000000  0.000000

 ==> SCALE, EXTINCTION, CELL PARAMETERS FOR PATTERN#  1

 => Scale factors ( 1: 6): 
             0.374818        0.000020        0.002509
             0.000000        0.000000        0.000000
             0.000000        0.000000        0.000000
             0.000000        0.000000        0.000000
             0.000000        0.000000        0.000000
             0.000000        0.000000        0.000000


 => Extinction Parameters: 
             0.182271        0.000060        0.005560
             0.000000        0.000000        0.000000
             0.000000        0.000000        0.000000
             0.000000        0.000000        0.000000
             0.000000        0.000000        0.000000
             0.000000        0.000000        0.000000
             0.000000        0.000000        0.000000


 => Lambda/2 param: 
              0.000000        0.000000        0.000000

 => Global user-weigthed Chi2 (Bragg contrib.):   1.48    

 => ---------> Pattern#  1
 => Phase:  1
 =>    RF2 -factor :   2.79    
 =>    RF2w-factor :   3.06    
 =>    RF  -factor :   2.86    
 =>    Chi2(Intens):   1.48    
 =>  N_eff Reflect.:    220 with I >  0.00 sigma
 ++++++++++++++++++++++++++++++++++++++++++++++++++++++++++++++++++++++++++++++++++++++++++++++++++++++++++++++++++++++++++++++++++++

 => CYCLE No.:   19
 ------------------------------------------------------------------------------------------------------------------------------------
 => Phase  1 Name: Tb2Ti2O7
 ------------------------------------------------------------------------------------------------------------------------------------
 => New parameters, shifts, and standard deviations

 Atom        x       dx      sx       y       dy      sy       z       dz      sz       B       dB      sB      occ.    docc.   socc.

 Tb       0.50000 0.00000 0.00000  0.50000 0.00000 0.00000  0.50000 0.00000 0.00000  0.00000 0.00000 0.00000  0.33333 0.00000 0.00000
 Ti       0.00000 0.00000 0.00000  0.00000 0.00000 0.00000  0.00000 0.00000 0.00000  0.00000 0.00000 0.00000  0.33333 0.00000 0.00000
 O1       0.32804 0.00000 0.00000  0.12500 0.00000 0.00000  0.12500 0.00000 0.00000  0.00000 0.00000 0.00000  1.00000 0.00000 0.00000
 O2       0.37500 0.00000 0.00000  0.37500 0.00000 0.00000  0.37500 0.00000 0.00000  0.00000 0.00000 0.00000  0.16667 0.00000 0.00000

 Atom         B11      DB11      SB11       B22      DB22      SB22       B33      DB33      SB33
              B12      DB12      SB12       B13      DB13      SB13       B23      DB23      SB23
 Tb      0.001335  0.000001  0.000016  0.001335  0.000001  0.000016  0.001335  0.000001  0.000016
        -0.000399 -0.000001  0.000014 -0.000399 -0.000001  0.000014 -0.000399 -0.000001  0.000014
 Ti      0.001170  0.000000  0.000025  0.001170  0.000000  0.000025  0.001170  0.000000  0.000025
        -0.000072 -0.000000  0.000030 -0.000072 -0.000000  0.000030 -0.000072 -0.000000  0.000030
 O1      0.001403  0.000000  0.000022  0.001059  0.000000  0.000015  0.001059  0.000000  0.000015
         0.000000  0.000000  0.000000  0.000000  0.000000  0.000000  0.000370  0.000000  0.000016
 O2      0.000837  0.000000  0.000021  0.000837  0.000000  0.000021  0.000837  0.000000  0.000021
         0.000000  0.000000  0.000000  0.000000  0.000000  0.000000  0.000000  0.000000  0.000000

 ==> SCALE, EXTINCTION, CELL PARAMETERS FOR PATTERN#  1

 => Scale factors ( 1: 6): 
             0.374838        0.000019        0.002506
             0.000000        0.000000        0.000000
             0.000000        0.000000        0.000000
             0.000000        0.000000        0.000000
             0.000000        0.000000        0.000000
             0.000000        0.000000        0.000000


 => Extinction Parameters: 
             0.182329        0.000058        0.005556
             0.000000        0.000000        0.000000
             0.000000        0.000000        0.000000
             0.000000        0.000000        0.000000
             0.000000        0.000000        0.000000
             0.000000        0.000000        0.000000
             0.000000        0.000000        0.000000


 => Lambda/2 param: 
              0.000000        0.000000        0.000000

 => Global user-weigthed Chi2 (Bragg contrib.):   1.47    

 => ---------> Pattern#  1
 => Phase:  1
 =>    RF2 -factor :   2.78    
 =>    RF2w-factor :   3.05    
 =>    RF  -factor :   2.86    
 =>    Chi2(Intens):   1.48    
 =>  N_eff Reflect.:    220 with I >  0.00 sigma
 ++++++++++++++++++++++++++++++++++++++++++++++++++++++++++++++++++++++++++++++++++++++++++++++++++++++++++++++++++++++++++++++++++++

 => CYCLE No.:   20
 ------------------------------------------------------------------------------------------------------------------------------------
 => Phase  1 Name: Tb2Ti2O7
 ------------------------------------------------------------------------------------------------------------------------------------
 => New parameters, shifts, and standard deviations

 Atom        x       dx      sx       y       dy      sy       z       dz      sz       B       dB      sB      occ.    docc.   socc.

 Tb       0.50000 0.00000 0.00000  0.50000 0.00000 0.00000  0.50000 0.00000 0.00000  0.00000 0.00000 0.00000  0.33333 0.00000 0.00000
 Ti       0.00000 0.00000 0.00000  0.00000 0.00000 0.00000  0.00000 0.00000 0.00000  0.00000 0.00000 0.00000  0.33333 0.00000 0.00000
 O1       0.32804 0.00000 0.00000  0.12500 0.00000 0.00000  0.12500 0.00000 0.00000  0.00000 0.00000 0.00000  1.00000 0.00000 0.00000
 O2       0.37500 0.00000 0.00000  0.37500 0.00000 0.00000  0.37500 0.00000 0.00000  0.00000 0.00000 0.00000  0.16667 0.00000 0.00000

 Atom         B11      DB11      SB11       B22      DB22      SB22       B33      DB33      SB33
              B12      DB12      SB12       B13      DB13      SB13       B23      DB23      SB23
 Tb      0.001335  0.000000  0.000016  0.001335  0.000000  0.000016  0.001335  0.000000  0.000016
        -0.000400 -0.000001  0.000014 -0.000400 -0.000001  0.000014 -0.000400 -0.000001  0.000014
 Ti      0.001171  0.000000  0.000025  0.001171  0.000000  0.000025  0.001171  0.000000  0.000025
        -0.000072 -0.000000  0.000030 -0.000072 -0.000000  0.000030 -0.000072 -0.000000  0.000030
 O1      0.001403  0.000000  0.000022  0.001059  0.000000  0.000015  0.001059  0.000000  0.000015
         0.000000  0.000000  0.000000  0.000000  0.000000  0.000000  0.000370  0.000000  0.000016
 O2      0.000837  0.000000  0.000021  0.000837  0.000000  0.000021  0.000837  0.000000  0.000021
         0.000000  0.000000  0.000000  0.000000  0.000000  0.000000  0.000000  0.000000  0.000000

 ==> SCALE, EXTINCTION, CELL PARAMETERS FOR PATTERN#  1

 => Scale factors ( 1: 6): 
             0.374856        0.000019        0.002504
             0.000000        0.000000        0.000000
             0.000000        0.000000        0.000000
             0.000000        0.000000        0.000000
             0.000000        0.000000        0.000000
             0.000000        0.000000        0.000000


 => Extinction Parameters: 
             0.182386        0.000056        0.005553
             0.000000        0.000000        0.000000
             0.000000        0.000000        0.000000
             0.000000        0.000000        0.000000
             0.000000        0.000000        0.000000
             0.000000        0.000000        0.000000
             0.000000        0.000000        0.000000


 => Lambda/2 param: 
              0.000000        0.000000        0.000000

 => Global user-weigthed Chi2 (Bragg contrib.):   1.47    

 => ---------> Pattern#  1
 => Phase:  1
 =>    RF2 -factor :   2.78    
 =>    RF2w-factor :   3.05    
 =>    RF  -factor :   2.85    
 =>    Chi2(Intens):   1.47    
 =>  N_eff Reflect.:    220 with I >  0.00 sigma
 ++++++++++++++++++++++++++++++++++++++++++++++++++++++++++++++++++++++++++++++++++++++++++++++++++++++++++++++++++++++++++++++++++++

 => CYCLE No.:   21
 ------------------------------------------------------------------------------------------------------------------------------------
 => Phase  1 Name: Tb2Ti2O7
 ------------------------------------------------------------------------------------------------------------------------------------
 => New parameters, shifts, and standard deviations

 Atom        x       dx      sx       y       dy      sy       z       dz      sz       B       dB      sB      occ.    docc.   socc.

 Tb       0.50000 0.00000 0.00000  0.50000 0.00000 0.00000  0.50000 0.00000 0.00000  0.00000 0.00000 0.00000  0.33333 0.00000 0.00000
 Ti       0.00000 0.00000 0.00000  0.00000 0.00000 0.00000  0.00000 0.00000 0.00000  0.00000 0.00000 0.00000  0.33333 0.00000 0.00000
 O1       0.32804 0.00000 0.00000  0.12500 0.00000 0.00000  0.12500 0.00000 0.00000  0.00000 0.00000 0.00000  1.00000 0.00000 0.00000
 O2       0.37500 0.00000 0.00000  0.37500 0.00000 0.00000  0.37500 0.00000 0.00000  0.00000 0.00000 0.00000  0.16667 0.00000 0.00000

 Atom         B11      DB11      SB11       B22      DB22      SB22       B33      DB33      SB33
              B12      DB12      SB12       B13      DB13      SB13       B23      DB23      SB23
 Tb      0.001336  0.000000  0.000016  0.001336  0.000000  0.000016  0.001336  0.000000  0.000016
        -0.000401 -0.000001  0.000014 -0.000401 -0.000001  0.000014 -0.000401 -0.000001  0.000014
 Ti      0.001171  0.000000  0.000025  0.001171  0.000000  0.000025  0.001171  0.000000  0.000025
        -0.000072 -0.000000  0.000030 -0.000072 -0.000000  0.000030 -0.000072 -0.000000  0.000030
 O1      0.001404  0.000000  0.000022  0.001059  0.000000  0.000015  0.001059  0.000000  0.000015
         0.000000  0.000000  0.000000  0.000000  0.000000  0.000000  0.000370  0.000000  0.000016
 O2      0.000837  0.000000  0.000021  0.000837  0.000000  0.000021  0.000837  0.000000  0.000021
         0.000000  0.000000  0.000000  0.000000  0.000000  0.000000  0.000000  0.000000  0.000000

 ==> SCALE, EXTINCTION, CELL PARAMETERS FOR PATTERN#  1

 => Scale factors ( 1: 6): 
             0.374874        0.000018        0.002502
             0.000000        0.000000        0.000000
             0.000000        0.000000        0.000000
             0.000000        0.000000        0.000000
             0.000000        0.000000        0.000000
             0.000000        0.000000        0.000000


 => Extinction Parameters: 
             0.182440        0.000054        0.005549
             0.000000        0.000000        0.000000
             0.000000        0.000000        0.000000
             0.000000        0.000000        0.000000
             0.000000        0.000000        0.000000
             0.000000        0.000000        0.000000
             0.000000        0.000000        0.000000


 => Lambda/2 param: 
              0.000000        0.000000        0.000000

 => Global user-weigthed Chi2 (Bragg contrib.):   1.47    

 => ---------> Pattern#  1
 => Phase:  1
 =>    RF2 -factor :   2.77    
 =>    RF2w-factor :   3.05    
 =>    RF  -factor :   2.85    
 =>    Chi2(Intens):   1.47    
 =>  N_eff Reflect.:    220 with I >  0.00 sigma
 ++++++++++++++++++++++++++++++++++++++++++++++++++++++++++++++++++++++++++++++++++++++++++++++++++++++++++++++++++++++++++++++++++++

 => CYCLE No.:   22
 ------------------------------------------------------------------------------------------------------------------------------------
 => Phase  1 Name: Tb2Ti2O7
 ------------------------------------------------------------------------------------------------------------------------------------
 => New parameters, shifts, and standard deviations

 Atom        x       dx      sx       y       dy      sy       z       dz      sz       B       dB      sB      occ.    docc.   socc.

 Tb       0.50000 0.00000 0.00000  0.50000 0.00000 0.00000  0.50000 0.00000 0.00000  0.00000 0.00000 0.00000  0.33333 0.00000 0.00000
 Ti       0.00000 0.00000 0.00000  0.00000 0.00000 0.00000  0.00000 0.00000 0.00000  0.00000 0.00000 0.00000  0.33333 0.00000 0.00000
 O1       0.32804 0.00000 0.00000  0.12500 0.00000 0.00000  0.12500 0.00000 0.00000  0.00000 0.00000 0.00000  1.00000 0.00000 0.00000
 O2       0.37500 0.00000 0.00000  0.37500 0.00000 0.00000  0.37500 0.00000 0.00000  0.00000 0.00000 0.00000  0.16667 0.00000 0.00000

 Atom         B11      DB11      SB11       B22      DB22      SB22       B33      DB33      SB33
              B12      DB12      SB12       B13      DB13      SB13       B23      DB23      SB23
 Tb      0.001336  0.000000  0.000016  0.001336  0.000000  0.000016  0.001336  0.000000  0.000016
        -0.000402 -0.000001  0.000014 -0.000402 -0.000001  0.000014 -0.000402 -0.000001  0.000014
 Ti      0.001171  0.000000  0.000025  0.001171  0.000000  0.000025  0.001171  0.000000  0.000025
        -0.000072 -0.000000  0.000030 -0.000072 -0.000000  0.000030 -0.000072 -0.000000  0.000030
 O1      0.001404  0.000000  0.000022  0.001060  0.000000  0.000015  0.001060  0.000000  0.000015
         0.000000  0.000000  0.000000  0.000000  0.000000  0.000000  0.000370  0.000000  0.000016
 O2      0.000837  0.000000  0.000021  0.000837  0.000000  0.000021  0.000837  0.000000  0.000021
         0.000000  0.000000  0.000000  0.000000  0.000000  0.000000  0.000000  0.000000  0.000000

 ==> SCALE, EXTINCTION, CELL PARAMETERS FOR PATTERN#  1

 => Scale factors ( 1: 6): 
             0.374891        0.000017        0.002500
             0.000000        0.000000        0.000000
             0.000000        0.000000        0.000000
             0.000000        0.000000        0.000000
             0.000000        0.000000        0.000000
             0.000000        0.000000        0.000000


 => Extinction Parameters: 
             0.182492        0.000052        0.005546
             0.000000        0.000000        0.000000
             0.000000        0.000000        0.000000
             0.000000        0.000000        0.000000
             0.000000        0.000000        0.000000
             0.000000        0.000000        0.000000
             0.000000        0.000000        0.000000


 => Lambda/2 param: 
              0.000000        0.000000        0.000000

 => Global user-weigthed Chi2 (Bragg contrib.):   1.47    

 => ---------> Pattern#  1
 => Phase:  1
 =>    RF2 -factor :   2.77    
 =>    RF2w-factor :   3.05    
 =>    RF  -factor :   2.85    
 =>    Chi2(Intens):   1.47    
 =>  N_eff Reflect.:    220 with I >  0.00 sigma
 ++++++++++++++++++++++++++++++++++++++++++++++++++++++++++++++++++++++++++++++++++++++++++++++++++++++++++++++++++++++++++++++++++++

 => CYCLE No.:   23
 ------------------------------------------------------------------------------------------------------------------------------------
 => Phase  1 Name: Tb2Ti2O7
 ------------------------------------------------------------------------------------------------------------------------------------
 => New parameters, shifts, and standard deviations

 Atom        x       dx      sx       y       dy      sy       z       dz      sz       B       dB      sB      occ.    docc.   socc.

 Tb       0.50000 0.00000 0.00000  0.50000 0.00000 0.00000  0.50000 0.00000 0.00000  0.00000 0.00000 0.00000  0.33333 0.00000 0.00000
 Ti       0.00000 0.00000 0.00000  0.00000 0.00000 0.00000  0.00000 0.00000 0.00000  0.00000 0.00000 0.00000  0.33333 0.00000 0.00000
 O1       0.32804 0.00000 0.00000  0.12500 0.00000 0.00000  0.12500 0.00000 0.00000  0.00000 0.00000 0.00000  1.00000 0.00000 0.00000
 O2       0.37500 0.00000 0.00000  0.37500 0.00000 0.00000  0.37500 0.00000 0.00000  0.00000 0.00000 0.00000  0.16667 0.00000 0.00000

 Atom         B11      DB11      SB11       B22      DB22      SB22       B33      DB33      SB33
              B12      DB12      SB12       B13      DB13      SB13       B23      DB23      SB23
 Tb      0.001337  0.000000  0.000016  0.001337  0.000000  0.000016  0.001337  0.000000  0.000016
        -0.000402 -0.000001  0.000014 -0.000402 -0.000001  0.000014 -0.000402 -0.000001  0.000014
 Ti      0.001172  0.000000  0.000025  0.001172  0.000000  0.000025  0.001172  0.000000  0.000025
        -0.000072 -0.000000  0.000030 -0.000072 -0.000000  0.000030 -0.000072 -0.000000  0.000030
 O1      0.001404  0.000000  0.000022  0.001060  0.000000  0.000015  0.001060  0.000000  0.000015
         0.000000  0.000000  0.000000  0.000000  0.000000  0.000000  0.000370  0.000000  0.000016
 O2      0.000837  0.000000  0.000021  0.000837  0.000000  0.000021  0.000837  0.000000  0.000021
         0.000000  0.000000  0.000000  0.000000  0.000000  0.000000  0.000000  0.000000  0.000000

 ==> SCALE, EXTINCTION, CELL PARAMETERS FOR PATTERN#  1

 => Scale factors ( 1: 6): 
             0.374908        0.000016        0.002499
             0.000000        0.000000        0.000000
             0.000000        0.000000        0.000000
             0.000000        0.000000        0.000000
             0.000000        0.000000        0.000000
             0.000000        0.000000        0.000000


 => Extinction Parameters: 
             0.182543        0.000051        0.005543
             0.000000        0.000000        0.000000
             0.000000        0.000000        0.000000
             0.000000        0.000000        0.000000
             0.000000        0.000000        0.000000
             0.000000        0.000000        0.000000
             0.000000        0.000000        0.000000


 => Lambda/2 param: 
              0.000000        0.000000        0.000000

 => Global user-weigthed Chi2 (Bragg contrib.):   1.46    

 => ---------> Pattern#  1
 => Phase:  1
 =>    RF2 -factor :   2.77    
 =>    RF2w-factor :   3.04    
 =>    RF  -factor :   2.85    
 =>    Chi2(Intens):   1.46    
 =>  N_eff Reflect.:    220 with I >  0.00 sigma
 ++++++++++++++++++++++++++++++++++++++++++++++++++++++++++++++++++++++++++++++++++++++++++++++++++++++++++++++++++++++++++++++++++++

 => CYCLE No.:   24
 ------------------------------------------------------------------------------------------------------------------------------------
 => Phase  1 Name: Tb2Ti2O7
 ------------------------------------------------------------------------------------------------------------------------------------
 => New parameters, shifts, and standard deviations

 Atom        x       dx      sx       y       dy      sy       z       dz      sz       B       dB      sB      occ.    docc.   socc.

 Tb       0.50000 0.00000 0.00000  0.50000 0.00000 0.00000  0.50000 0.00000 0.00000  0.00000 0.00000 0.00000  0.33333 0.00000 0.00000
 Ti       0.00000 0.00000 0.00000  0.00000 0.00000 0.00000  0.00000 0.00000 0.00000  0.00000 0.00000 0.00000  0.33333 0.00000 0.00000
 O1       0.32804 0.00000 0.00000  0.12500 0.00000 0.00000  0.12500 0.00000 0.00000  0.00000 0.00000 0.00000  1.00000 0.00000 0.00000
 O2       0.37500 0.00000 0.00000  0.37500 0.00000 0.00000  0.37500 0.00000 0.00000  0.00000 0.00000 0.00000  0.16667 0.00000 0.00000

 Atom         B11      DB11      SB11       B22      DB22      SB22       B33      DB33      SB33
              B12      DB12      SB12       B13      DB13      SB13       B23      DB23      SB23
 Tb      0.001337  0.000000  0.000016  0.001337  0.000000  0.000016  0.001337  0.000000  0.000016
        -0.000403 -0.000001  0.000014 -0.000403 -0.000001  0.000014 -0.000403 -0.000001  0.000014
 Ti      0.001172  0.000000  0.000025  0.001172  0.000000  0.000025  0.001172  0.000000  0.000025
        -0.000072 -0.000000  0.000030 -0.000072 -0.000000  0.000030 -0.000072 -0.000000  0.000030
 O1      0.001405  0.000000  0.000022  0.001060  0.000000  0.000015  0.001060  0.000000  0.000015
         0.000000  0.000000  0.000000  0.000000  0.000000  0.000000  0.000370  0.000000  0.000016
 O2      0.000838  0.000000  0.000021  0.000838  0.000000  0.000021  0.000838  0.000000  0.000021
         0.000000  0.000000  0.000000  0.000000  0.000000  0.000000  0.000000  0.000000  0.000000

 ==> SCALE, EXTINCTION, CELL PARAMETERS FOR PATTERN#  1

 => Scale factors ( 1: 6): 
             0.374923        0.000016        0.002497
             0.000000        0.000000        0.000000
             0.000000        0.000000        0.000000
             0.000000        0.000000        0.000000
             0.000000        0.000000        0.000000
             0.000000        0.000000        0.000000


 => Extinction Parameters: 
             0.182592        0.000049        0.005540
             0.000000        0.000000        0.000000
             0.000000        0.000000        0.000000
             0.000000        0.000000        0.000000
             0.000000        0.000000        0.000000
             0.000000        0.000000        0.000000
             0.000000        0.000000        0.000000


 => Lambda/2 param: 
              0.000000        0.000000        0.000000

 => Global user-weigthed Chi2 (Bragg contrib.):   1.46    

 => ---------> Pattern#  1
 => Phase:  1
 =>    RF2 -factor :   2.76    
 =>    RF2w-factor :   3.04    
 =>    RF  -factor :   2.84    
 =>    Chi2(Intens):   1.46    
 =>  N_eff Reflect.:    220 with I >  0.00 sigma
 ++++++++++++++++++++++++++++++++++++++++++++++++++++++++++++++++++++++++++++++++++++++++++++++++++++++++++++++++++++++++++++++++++++

 => CYCLE No.:   25
 ------------------------------------------------------------------------------------------------------------------------------------
 => Phase  1 Name: Tb2Ti2O7
 ------------------------------------------------------------------------------------------------------------------------------------
 => New parameters, shifts, and standard deviations

 Atom        x       dx      sx       y       dy      sy       z       dz      sz       B       dB      sB      occ.    docc.   socc.

 Tb       0.50000 0.00000 0.00000  0.50000 0.00000 0.00000  0.50000 0.00000 0.00000  0.00000 0.00000 0.00000  0.33333 0.00000 0.00000
 Ti       0.00000 0.00000 0.00000  0.00000 0.00000 0.00000  0.00000 0.00000 0.00000  0.00000 0.00000 0.00000  0.33333 0.00000 0.00000
 O1       0.32804 0.00000 0.00000  0.12500 0.00000 0.00000  0.12500 0.00000 0.00000  0.00000 0.00000 0.00000  1.00000 0.00000 0.00000
 O2       0.37500 0.00000 0.00000  0.37500 0.00000 0.00000  0.37500 0.00000 0.00000  0.00000 0.00000 0.00000  0.16667 0.00000 0.00000

 Atom         B11      DB11      SB11       B22      DB22      SB22       B33      DB33      SB33
              B12      DB12      SB12       B13      DB13      SB13       B23      DB23      SB23
 Tb      0.001338  0.000000  0.000016  0.001338  0.000000  0.000016  0.001338  0.000000  0.000016
        -0.000404 -0.000001  0.000014 -0.000404 -0.000001  0.000014 -0.000404 -0.000001  0.000014
 Ti      0.001172  0.000000  0.000025  0.001172  0.000000  0.000025  0.001172  0.000000  0.000025
        -0.000072 -0.000000  0.000030 -0.000072 -0.000000  0.000030 -0.000072 -0.000000  0.000030
 O1      0.001405  0.000000  0.000022  0.001060  0.000000  0.000015  0.001060  0.000000  0.000015
         0.000000  0.000000  0.000000  0.000000  0.000000  0.000000  0.000370  0.000000  0.000016
 O2      0.000838  0.000000  0.000021  0.000838  0.000000  0.000021  0.000838  0.000000  0.000021
         0.000000  0.000000  0.000000  0.000000  0.000000  0.000000  0.000000  0.000000  0.000000

 ==> SCALE, EXTINCTION, CELL PARAMETERS FOR PATTERN#  1

 => Scale factors ( 1: 6): 
             0.374939        0.000015        0.002495
             0.000000        0.000000        0.000000
             0.000000        0.000000        0.000000
             0.000000        0.000000        0.000000
             0.000000        0.000000        0.000000
             0.000000        0.000000        0.000000


 => Extinction Parameters: 
             0.182639        0.000047        0.005538
             0.000000        0.000000        0.000000
             0.000000        0.000000        0.000000
             0.000000        0.000000        0.000000
             0.000000        0.000000        0.000000
             0.000000        0.000000        0.000000
             0.000000        0.000000        0.000000


 => Lambda/2 param: 
              0.000000        0.000000        0.000000

 => Global user-weigthed Chi2 (Bragg contrib.):   1.46    

 => ---------> Pattern#  1
 => Phase:  1
 =>    RF2 -factor :   2.76    
 =>    RF2w-factor :   3.04    
 =>    RF  -factor :   2.84    
 =>    Chi2(Intens):   1.46    
 =>  N_eff Reflect.:    220 with I >  0.00 sigma
 ++++++++++++++++++++++++++++++++++++++++++++++++++++++++++++++++++++++++++++++++++++++++++++++++++++++++++++++++++++++++++++++++++++

 => CYCLE No.:   26
 ------------------------------------------------------------------------------------------------------------------------------------
 => Phase  1 Name: Tb2Ti2O7
 ------------------------------------------------------------------------------------------------------------------------------------
 => New parameters, shifts, and standard deviations

 Atom        x       dx      sx       y       dy      sy       z       dz      sz       B       dB      sB      occ.    docc.   socc.

 Tb       0.50000 0.00000 0.00000  0.50000 0.00000 0.00000  0.50000 0.00000 0.00000  0.00000 0.00000 0.00000  0.33333 0.00000 0.00000
 Ti       0.00000 0.00000 0.00000  0.00000 0.00000 0.00000  0.00000 0.00000 0.00000  0.00000 0.00000 0.00000  0.33333 0.00000 0.00000
 O1       0.32804 0.00000 0.00000  0.12500 0.00000 0.00000  0.12500 0.00000 0.00000  0.00000 0.00000 0.00000  1.00000 0.00000 0.00000
 O2       0.37500 0.00000 0.00000  0.37500 0.00000 0.00000  0.37500 0.00000 0.00000  0.00000 0.00000 0.00000  0.16667 0.00000 0.00000

 Atom         B11      DB11      SB11       B22      DB22      SB22       B33      DB33      SB33
              B12      DB12      SB12       B13      DB13      SB13       B23      DB23      SB23
 Tb      0.001338  0.000000  0.000016  0.001338  0.000000  0.000016  0.001338  0.000000  0.000016
        -0.000404 -0.000001  0.000014 -0.000404 -0.000001  0.000014 -0.000404 -0.000001  0.000014
 Ti      0.001172  0.000000  0.000025  0.001172  0.000000  0.000025  0.001172  0.000000  0.000025
        -0.000072 -0.000000  0.000030 -0.000072 -0.000000  0.000030 -0.000072 -0.000000  0.000030
 O1      0.001405  0.000000  0.000022  0.001061  0.000000  0.000015  0.001061  0.000000  0.000015
         0.000000  0.000000  0.000000  0.000000  0.000000  0.000000  0.000370  0.000000  0.000016
 O2      0.000838  0.000000  0.000021  0.000838  0.000000  0.000021  0.000838  0.000000  0.000021
         0.000000  0.000000  0.000000  0.000000  0.000000  0.000000  0.000000  0.000000  0.000000

 ==> SCALE, EXTINCTION, CELL PARAMETERS FOR PATTERN#  1

 => Scale factors ( 1: 6): 
             0.374953        0.000015        0.002494
             0.000000        0.000000        0.000000
             0.000000        0.000000        0.000000
             0.000000        0.000000        0.000000
             0.000000        0.000000        0.000000
             0.000000        0.000000        0.000000


 => Extinction Parameters: 
             0.182684        0.000045        0.005535
             0.000000        0.000000        0.000000
             0.000000        0.000000        0.000000
             0.000000        0.000000        0.000000
             0.000000        0.000000        0.000000
             0.000000        0.000000        0.000000
             0.000000        0.000000        0.000000


 => Lambda/2 param: 
              0.000000        0.000000        0.000000

 => Global user-weigthed Chi2 (Bragg contrib.):   1.46    

 => ---------> Pattern#  1
 => Phase:  1
 =>    RF2 -factor :   2.76    
 =>    RF2w-factor :   3.04    
 =>    RF  -factor :   2.84    
 =>    Chi2(Intens):   1.46    
 =>  N_eff Reflect.:    220 with I >  0.00 sigma
 ++++++++++++++++++++++++++++++++++++++++++++++++++++++++++++++++++++++++++++++++++++++++++++++++++++++++++++++++++++++++++++++++++++

 => CYCLE No.:   27
 ------------------------------------------------------------------------------------------------------------------------------------
 => Phase  1 Name: Tb2Ti2O7
 ------------------------------------------------------------------------------------------------------------------------------------
 => New parameters, shifts, and standard deviations

 Atom        x       dx      sx       y       dy      sy       z       dz      sz       B       dB      sB      occ.    docc.   socc.

 Tb       0.50000 0.00000 0.00000  0.50000 0.00000 0.00000  0.50000 0.00000 0.00000  0.00000 0.00000 0.00000  0.33333 0.00000 0.00000
 Ti       0.00000 0.00000 0.00000  0.00000 0.00000 0.00000  0.00000 0.00000 0.00000  0.00000 0.00000 0.00000  0.33333 0.00000 0.00000
 O1       0.32804 0.00000 0.00000  0.12500 0.00000 0.00000  0.12500 0.00000 0.00000  0.00000 0.00000 0.00000  1.00000 0.00000 0.00000
 O2       0.37500 0.00000 0.00000  0.37500 0.00000 0.00000  0.37500 0.00000 0.00000  0.00000 0.00000 0.00000  0.16667 0.00000 0.00000

 Atom         B11      DB11      SB11       B22      DB22      SB22       B33      DB33      SB33
              B12      DB12      SB12       B13      DB13      SB13       B23      DB23      SB23
 Tb      0.001338  0.000000  0.000016  0.001338  0.000000  0.000016  0.001338  0.000000  0.000016
        -0.000405 -0.000001  0.000014 -0.000405 -0.000001  0.000014 -0.000405 -0.000001  0.000014
 Ti      0.001173  0.000000  0.000025  0.001173  0.000000  0.000025  0.001173  0.000000  0.000025
        -0.000072 -0.000000  0.000030 -0.000072 -0.000000  0.000030 -0.000072 -0.000000  0.000030
 O1      0.001406  0.000000  0.000022  0.001061  0.000000  0.000015  0.001061  0.000000  0.000015
         0.000000  0.000000  0.000000  0.000000  0.000000  0.000000  0.000370  0.000000  0.000016
 O2      0.000838  0.000000  0.000021  0.000838  0.000000  0.000021  0.000838  0.000000  0.000021
         0.000000  0.000000  0.000000  0.000000  0.000000  0.000000  0.000000  0.000000  0.000000

 ==> SCALE, EXTINCTION, CELL PARAMETERS FOR PATTERN#  1

 => Scale factors ( 1: 6): 
             0.374967        0.000014        0.002493
             0.000000        0.000000        0.000000
             0.000000        0.000000        0.000000
             0.000000        0.000000        0.000000
             0.000000        0.000000        0.000000
             0.000000        0.000000        0.000000


 => Extinction Parameters: 
             0.182728        0.000044        0.005533
             0.000000        0.000000        0.000000
             0.000000        0.000000        0.000000
             0.000000        0.000000        0.000000
             0.000000        0.000000        0.000000
             0.000000        0.000000        0.000000
             0.000000        0.000000        0.000000


 => Lambda/2 param: 
              0.000000        0.000000        0.000000

 => Global user-weigthed Chi2 (Bragg contrib.):   1.46    

 => ---------> Pattern#  1
 => Phase:  1
 =>    RF2 -factor :   2.76    
 =>    RF2w-factor :   3.03    
 =>    RF  -factor :   2.84    
 =>    Chi2(Intens):   1.46    
 =>  N_eff Reflect.:    220 with I >  0.00 sigma
 ++++++++++++++++++++++++++++++++++++++++++++++++++++++++++++++++++++++++++++++++++++++++++++++++++++++++++++++++++++++++++++++++++++

 => CYCLE No.:   28
 ------------------------------------------------------------------------------------------------------------------------------------
 => Phase  1 Name: Tb2Ti2O7
 ------------------------------------------------------------------------------------------------------------------------------------
 => New parameters, shifts, and standard deviations

 Atom        x       dx      sx       y       dy      sy       z       dz      sz       B       dB      sB      occ.    docc.   socc.

 Tb       0.50000 0.00000 0.00000  0.50000 0.00000 0.00000  0.50000 0.00000 0.00000  0.00000 0.00000 0.00000  0.33333 0.00000 0.00000
 Ti       0.00000 0.00000 0.00000  0.00000 0.00000 0.00000  0.00000 0.00000 0.00000  0.00000 0.00000 0.00000  0.33333 0.00000 0.00000
 O1       0.32804 0.00000 0.00000  0.12500 0.00000 0.00000  0.12500 0.00000 0.00000  0.00000 0.00000 0.00000  1.00000 0.00000 0.00000
 O2       0.37500 0.00000 0.00000  0.37500 0.00000 0.00000  0.37500 0.00000 0.00000  0.00000 0.00000 0.00000  0.16667 0.00000 0.00000

 Atom         B11      DB11      SB11       B22      DB22      SB22       B33      DB33      SB33
              B12      DB12      SB12       B13      DB13      SB13       B23      DB23      SB23
 Tb      0.001339  0.000000  0.000016  0.001339  0.000000  0.000016  0.001339  0.000000  0.000016
        -0.000406 -0.000001  0.000014 -0.000406 -0.000001  0.000014 -0.000406 -0.000001  0.000014
 Ti      0.001173  0.000000  0.000025  0.001173  0.000000  0.000025  0.001173  0.000000  0.000025
        -0.000072 -0.000000  0.000030 -0.000072 -0.000000  0.000030 -0.000072 -0.000000  0.000030
 O1      0.001406  0.000000  0.000022  0.001061  0.000000  0.000015  0.001061  0.000000  0.000015
         0.000000  0.000000  0.000000  0.000000  0.000000  0.000000  0.000370  0.000000  0.000016
 O2      0.000838  0.000000  0.000021  0.000838  0.000000  0.000021  0.000838  0.000000  0.000021
         0.000000  0.000000  0.000000  0.000000  0.000000  0.000000  0.000000  0.000000  0.000000

 ==> SCALE, EXTINCTION, CELL PARAMETERS FOR PATTERN#  1

 => Scale factors ( 1: 6): 
             0.374981        0.000013        0.002491
             0.000000        0.000000        0.000000
             0.000000        0.000000        0.000000
             0.000000        0.000000        0.000000
             0.000000        0.000000        0.000000
             0.000000        0.000000        0.000000


 => Extinction Parameters: 
             0.182770        0.000042        0.005531
             0.000000        0.000000        0.000000
             0.000000        0.000000        0.000000
             0.000000        0.000000        0.000000
             0.000000        0.000000        0.000000
             0.000000        0.000000        0.000000
             0.000000        0.000000        0.000000


 => Lambda/2 param: 
              0.000000        0.000000        0.000000

 => Global user-weigthed Chi2 (Bragg contrib.):   1.45    

 => ---------> Pattern#  1
 => Phase:  1
 =>    RF2 -factor :   2.75    
 =>    RF2w-factor :   3.03    
 =>    RF  -factor :   2.84    
 =>    Chi2(Intens):   1.45    
 =>  N_eff Reflect.:    220 with I >  0.00 sigma
 ++++++++++++++++++++++++++++++++++++++++++++++++++++++++++++++++++++++++++++++++++++++++++++++++++++++++++++++++++++++++++++++++++++

 => CYCLE No.:   29
 ------------------------------------------------------------------------------------------------------------------------------------
 => Phase  1 Name: Tb2Ti2O7
 ------------------------------------------------------------------------------------------------------------------------------------
 => New parameters, shifts, and standard deviations

 Atom        x       dx      sx       y       dy      sy       z       dz      sz       B       dB      sB      occ.    docc.   socc.

 Tb       0.50000 0.00000 0.00000  0.50000 0.00000 0.00000  0.50000 0.00000 0.00000  0.00000 0.00000 0.00000  0.33333 0.00000 0.00000
 Ti       0.00000 0.00000 0.00000  0.00000 0.00000 0.00000  0.00000 0.00000 0.00000  0.00000 0.00000 0.00000  0.33333 0.00000 0.00000
 O1       0.32804 0.00000 0.00000  0.12500 0.00000 0.00000  0.12500 0.00000 0.00000  0.00000 0.00000 0.00000  1.00000 0.00000 0.00000
 O2       0.37500 0.00000 0.00000  0.37500 0.00000 0.00000  0.37500 0.00000 0.00000  0.00000 0.00000 0.00000  0.16667 0.00000 0.00000

 Atom         B11      DB11      SB11       B22      DB22      SB22       B33      DB33      SB33
              B12      DB12      SB12       B13      DB13      SB13       B23      DB23      SB23
 Tb      0.001339  0.000000  0.000016  0.001339  0.000000  0.000016  0.001339  0.000000  0.000016
        -0.000406 -0.000001  0.000014 -0.000406 -0.000001  0.000014 -0.000406 -0.000001  0.000014
 Ti      0.001173  0.000000  0.000024  0.001173  0.000000  0.000024  0.001173  0.000000  0.000024
        -0.000072 -0.000000  0.000030 -0.000072 -0.000000  0.000030 -0.000072 -0.000000  0.000030
 O1      0.001406  0.000000  0.000022  0.001061  0.000000  0.000015  0.001061  0.000000  0.000015
         0.000000  0.000000  0.000000  0.000000  0.000000  0.000000  0.000370  0.000000  0.000016
 O2      0.000838  0.000000  0.000021  0.000838  0.000000  0.000021  0.000838  0.000000  0.000021
         0.000000  0.000000  0.000000  0.000000  0.000000  0.000000  0.000000  0.000000  0.000000

 ==> SCALE, EXTINCTION, CELL PARAMETERS FOR PATTERN#  1

 => Scale factors ( 1: 6): 
             0.374993        0.000013        0.002490
             0.000000        0.000000        0.000000
             0.000000        0.000000        0.000000
             0.000000        0.000000        0.000000
             0.000000        0.000000        0.000000
             0.000000        0.000000        0.000000


 => Extinction Parameters: 
             0.182811        0.000041        0.005529
             0.000000        0.000000        0.000000
             0.000000        0.000000        0.000000
             0.000000        0.000000        0.000000
             0.000000        0.000000        0.000000
             0.000000        0.000000        0.000000
             0.000000        0.000000        0.000000


 => Lambda/2 param: 
              0.000000        0.000000        0.000000

 => Global user-weigthed Chi2 (Bragg contrib.):   1.45    

 => ---------> Pattern#  1
 => Phase:  1
 =>    RF2 -factor :   2.75    
 =>    RF2w-factor :   3.03    
 =>    RF  -factor :   2.83    
 =>    Chi2(Intens):   1.45    
 =>  N_eff Reflect.:    220 with I >  0.00 sigma
 ++++++++++++++++++++++++++++++++++++++++++++++++++++++++++++++++++++++++++++++++++++++++++++++++++++++++++++++++++++++++++++++++++++

 => CYCLE No.:   30
 ------------------------------------------------------------------------------------------------------------------------------------
 => Phase  1 Name: Tb2Ti2O7
 ------------------------------------------------------------------------------------------------------------------------------------
 => New parameters, shifts, and standard deviations

 Atom        x       dx      sx       y       dy      sy       z       dz      sz       B       dB      sB      occ.    docc.   socc.

 Tb       0.50000 0.00000 0.00000  0.50000 0.00000 0.00000  0.50000 0.00000 0.00000  0.00000 0.00000 0.00000  0.33333 0.00000 0.00000
 Ti       0.00000 0.00000 0.00000  0.00000 0.00000 0.00000  0.00000 0.00000 0.00000  0.00000 0.00000 0.00000  0.33333 0.00000 0.00000
 O1       0.32804 0.00000 0.00000  0.12500 0.00000 0.00000  0.12500 0.00000 0.00000  0.00000 0.00000 0.00000  1.00000 0.00000 0.00000
 O2       0.37500 0.00000 0.00000  0.37500 0.00000 0.00000  0.37500 0.00000 0.00000  0.00000 0.00000 0.00000  0.16667 0.00000 0.00000

 Atom         B11      DB11      SB11       B22      DB22      SB22       B33      DB33      SB33
              B12      DB12      SB12       B13      DB13      SB13       B23      DB23      SB23
 Tb      0.001339  0.000000  0.000016  0.001339  0.000000  0.000016  0.001339  0.000000  0.000016
        -0.000407 -0.000001  0.000014 -0.000407 -0.000001  0.000014 -0.000407 -0.000001  0.000014
 Ti      0.001173  0.000000  0.000024  0.001173  0.000000  0.000024  0.001173  0.000000  0.000024
        -0.000072 -0.000000  0.000030 -0.000072 -0.000000  0.000030 -0.000072 -0.000000  0.000030
 O1      0.001407  0.000000  0.000022  0.001061  0.000000  0.000015  0.001061  0.000000  0.000015
         0.000000  0.000000  0.000000  0.000000  0.000000  0.000000  0.000370  0.000000  0.000016
 O2      0.000838  0.000000  0.000021  0.000838  0.000000  0.000021  0.000838  0.000000  0.000021
         0.000000  0.000000  0.000000  0.000000  0.000000  0.000000  0.000000  0.000000  0.000000

 ==> SCALE, EXTINCTION, CELL PARAMETERS FOR PATTERN#  1

 => Scale factors ( 1: 6): 
             0.375006        0.000012        0.002489
             0.000000        0.000000        0.000000
             0.000000        0.000000        0.000000
             0.000000        0.000000        0.000000
             0.000000        0.000000        0.000000
             0.000000        0.000000        0.000000


 => Extinction Parameters: 
             0.182850        0.000039        0.005527
             0.000000        0.000000        0.000000
             0.000000        0.000000        0.000000
             0.000000        0.000000        0.000000
             0.000000        0.000000        0.000000
             0.000000        0.000000        0.000000
             0.000000        0.000000        0.000000


 => Lambda/2 param: 
              0.000000        0.000000        0.000000

 => Global user-weigthed Chi2 (Bragg contrib.):   1.45    

 => ---------> Pattern#  1
 => Phase:  1
 =>    RF2 -factor :   2.75    
 =>    RF2w-factor :   3.03    
 =>    RF  -factor :   2.83    
 =>    Chi2(Intens):   1.45    
 =>  N_eff Reflect.:    220 with I >  0.00 sigma
 ++++++++++++++++++++++++++++++++++++++++++++++++++++++++++++++++++++++++++++++++++++++++++++++++++++++++++++++++++++++++++++++++++++

 => CYCLE No.:   31
 ------------------------------------------------------------------------------------------------------------------------------------
 => Phase  1 Name: Tb2Ti2O7
 ------------------------------------------------------------------------------------------------------------------------------------
 => New parameters, shifts, and standard deviations

 Atom        x       dx      sx       y       dy      sy       z       dz      sz       B       dB      sB      occ.    docc.   socc.

 Tb       0.50000 0.00000 0.00000  0.50000 0.00000 0.00000  0.50000 0.00000 0.00000  0.00000 0.00000 0.00000  0.33333 0.00000 0.00000
 Ti       0.00000 0.00000 0.00000  0.00000 0.00000 0.00000  0.00000 0.00000 0.00000  0.00000 0.00000 0.00000  0.33333 0.00000 0.00000
 O1       0.32804 0.00000 0.00000  0.12500 0.00000 0.00000  0.12500 0.00000 0.00000  0.00000 0.00000 0.00000  1.00000 0.00000 0.00000
 O2       0.37500 0.00000 0.00000  0.37500 0.00000 0.00000  0.37500 0.00000 0.00000  0.00000 0.00000 0.00000  0.16667 0.00000 0.00000

 Atom         B11      DB11      SB11       B22      DB22      SB22       B33      DB33      SB33
              B12      DB12      SB12       B13      DB13      SB13       B23      DB23      SB23
 Tb      0.001339  0.000000  0.000016  0.001339  0.000000  0.000016  0.001339  0.000000  0.000016
        -0.000408 -0.000001  0.000014 -0.000408 -0.000001  0.000014 -0.000408 -0.000001  0.000014
 Ti      0.001173  0.000000  0.000024  0.001173  0.000000  0.000024  0.001173  0.000000  0.000024
        -0.000072 -0.000000  0.000030 -0.000072 -0.000000  0.000030 -0.000072 -0.000000  0.000030
 O1      0.001407  0.000000  0.000022  0.001062  0.000000  0.000015  0.001062  0.000000  0.000015
         0.000000  0.000000  0.000000  0.000000  0.000000  0.000000  0.000370  0.000000  0.000016
 O2      0.000839  0.000000  0.000021  0.000839  0.000000  0.000021  0.000839  0.000000  0.000021
         0.000000  0.000000  0.000000  0.000000  0.000000  0.000000  0.000000  0.000000  0.000000

 ==> SCALE, EXTINCTION, CELL PARAMETERS FOR PATTERN#  1

 => Scale factors ( 1: 6): 
             0.375018        0.000012        0.002488
             0.000000        0.000000        0.000000
             0.000000        0.000000        0.000000
             0.000000        0.000000        0.000000
             0.000000        0.000000        0.000000
             0.000000        0.000000        0.000000


 => Extinction Parameters: 
             0.182888        0.000038        0.005525
             0.000000        0.000000        0.000000
             0.000000        0.000000        0.000000
             0.000000        0.000000        0.000000
             0.000000        0.000000        0.000000
             0.000000        0.000000        0.000000
             0.000000        0.000000        0.000000


 => Lambda/2 param: 
              0.000000        0.000000        0.000000

 => Global user-weigthed Chi2 (Bragg contrib.):   1.45    

 => ---------> Pattern#  1
 => Phase:  1
 =>    RF2 -factor :   2.75    
 =>    RF2w-factor :   3.03    
 =>    RF  -factor :   2.83    
 =>    Chi2(Intens):   1.45    
 =>  N_eff Reflect.:    220 with I >  0.00 sigma
 ++++++++++++++++++++++++++++++++++++++++++++++++++++++++++++++++++++++++++++++++++++++++++++++++++++++++++++++++++++++++++++++++++++

 => CYCLE No.:   32
 ------------------------------------------------------------------------------------------------------------------------------------
 => Phase  1 Name: Tb2Ti2O7
 ------------------------------------------------------------------------------------------------------------------------------------
 => New parameters, shifts, and standard deviations

 Atom        x       dx      sx       y       dy      sy       z       dz      sz       B       dB      sB      occ.    docc.   socc.

 Tb       0.50000 0.00000 0.00000  0.50000 0.00000 0.00000  0.50000 0.00000 0.00000  0.00000 0.00000 0.00000  0.33333 0.00000 0.00000
 Ti       0.00000 0.00000 0.00000  0.00000 0.00000 0.00000  0.00000 0.00000 0.00000  0.00000 0.00000 0.00000  0.33333 0.00000 0.00000
 O1       0.32804 0.00000 0.00000  0.12500 0.00000 0.00000  0.12500 0.00000 0.00000  0.00000 0.00000 0.00000  1.00000 0.00000 0.00000
 O2       0.37500 0.00000 0.00000  0.37500 0.00000 0.00000  0.37500 0.00000 0.00000  0.00000 0.00000 0.00000  0.16667 0.00000 0.00000

 Atom         B11      DB11      SB11       B22      DB22      SB22       B33      DB33      SB33
              B12      DB12      SB12       B13      DB13      SB13       B23      DB23      SB23
 Tb      0.001340  0.000000  0.000016  0.001340  0.000000  0.000016  0.001340  0.000000  0.000016
        -0.000408 -0.000001  0.000014 -0.000408 -0.000001  0.000014 -0.000408 -0.000001  0.000014
 Ti      0.001174  0.000000  0.000024  0.001174  0.000000  0.000024  0.001174  0.000000  0.000024
        -0.000072 -0.000000  0.000030 -0.000072 -0.000000  0.000030 -0.000072 -0.000000  0.000030
 O1      0.001407  0.000000  0.000022  0.001062  0.000000  0.000015  0.001062  0.000000  0.000015
         0.000000  0.000000  0.000000  0.000000  0.000000  0.000000  0.000370  0.000000  0.000016
 O2      0.000839  0.000000  0.000021  0.000839  0.000000  0.000021  0.000839  0.000000  0.000021
         0.000000  0.000000  0.000000  0.000000  0.000000  0.000000  0.000000  0.000000  0.000000

 ==> SCALE, EXTINCTION, CELL PARAMETERS FOR PATTERN#  1

 => Scale factors ( 1: 6): 
             0.375029        0.000011        0.002487
             0.000000        0.000000        0.000000
             0.000000        0.000000        0.000000
             0.000000        0.000000        0.000000
             0.000000        0.000000        0.000000
             0.000000        0.000000        0.000000


 => Extinction Parameters: 
             0.182925        0.000037        0.005524
             0.000000        0.000000        0.000000
             0.000000        0.000000        0.000000
             0.000000        0.000000        0.000000
             0.000000        0.000000        0.000000
             0.000000        0.000000        0.000000
             0.000000        0.000000        0.000000


 => Lambda/2 param: 
              0.000000        0.000000        0.000000

 => Global user-weigthed Chi2 (Bragg contrib.):   1.45    

 => ---------> Pattern#  1
 => Phase:  1
 =>    RF2 -factor :   2.74    
 =>    RF2w-factor :   3.03    
 =>    RF  -factor :   2.83    
 =>    Chi2(Intens):   1.45    
 =>  N_eff Reflect.:    220 with I >  0.00 sigma
 ++++++++++++++++++++++++++++++++++++++++++++++++++++++++++++++++++++++++++++++++++++++++++++++++++++++++++++++++++++++++++++++++++++

 => CYCLE No.:   33
 ------------------------------------------------------------------------------------------------------------------------------------
 => Phase  1 Name: Tb2Ti2O7
 ------------------------------------------------------------------------------------------------------------------------------------
 => New parameters, shifts, and standard deviations

 Atom        x       dx      sx       y       dy      sy       z       dz      sz       B       dB      sB      occ.    docc.   socc.

 Tb       0.50000 0.00000 0.00000  0.50000 0.00000 0.00000  0.50000 0.00000 0.00000  0.00000 0.00000 0.00000  0.33333 0.00000 0.00000
 Ti       0.00000 0.00000 0.00000  0.00000 0.00000 0.00000  0.00000 0.00000 0.00000  0.00000 0.00000 0.00000  0.33333 0.00000 0.00000
 O1       0.32804 0.00000 0.00000  0.12500 0.00000 0.00000  0.12500 0.00000 0.00000  0.00000 0.00000 0.00000  1.00000 0.00000 0.00000
 O2       0.37500 0.00000 0.00000  0.37500 0.00000 0.00000  0.37500 0.00000 0.00000  0.00000 0.00000 0.00000  0.16667 0.00000 0.00000

 Atom         B11      DB11      SB11       B22      DB22      SB22       B33      DB33      SB33
              B12      DB12      SB12       B13      DB13      SB13       B23      DB23      SB23
 Tb      0.001340  0.000000  0.000016  0.001340  0.000000  0.000016  0.001340  0.000000  0.000016
        -0.000409 -0.000001  0.000014 -0.000409 -0.000001  0.000014 -0.000409 -0.000001  0.000014
 Ti      0.001174  0.000000  0.000024  0.001174  0.000000  0.000024  0.001174  0.000000  0.000024
        -0.000072 -0.000000  0.000030 -0.000072 -0.000000  0.000030 -0.000072 -0.000000  0.000030
 O1      0.001407  0.000000  0.000022  0.001062  0.000000  0.000015  0.001062  0.000000  0.000015
         0.000000  0.000000  0.000000  0.000000  0.000000  0.000000  0.000370  0.000000  0.000016
 O2      0.000839  0.000000  0.000021  0.000839  0.000000  0.000021  0.000839  0.000000  0.000021
         0.000000  0.000000  0.000000  0.000000  0.000000  0.000000  0.000000  0.000000  0.000000

 ==> SCALE, EXTINCTION, CELL PARAMETERS FOR PATTERN#  1

 => Scale factors ( 1: 6): 
             0.375040        0.000011        0.002486
             0.000000        0.000000        0.000000
             0.000000        0.000000        0.000000
             0.000000        0.000000        0.000000
             0.000000        0.000000        0.000000
             0.000000        0.000000        0.000000


 => Extinction Parameters: 
             0.182960        0.000035        0.005522
             0.000000        0.000000        0.000000
             0.000000        0.000000        0.000000
             0.000000        0.000000        0.000000
             0.000000        0.000000        0.000000
             0.000000        0.000000        0.000000
             0.000000        0.000000        0.000000


 => Lambda/2 param: 
              0.000000        0.000000        0.000000

 => Global user-weigthed Chi2 (Bragg contrib.):   1.45    

 => ---------> Pattern#  1
 => Phase:  1
 =>    RF2 -factor :   2.74    
 =>    RF2w-factor :   3.02    
 =>    RF  -factor :   2.83    
 =>    Chi2(Intens):   1.45    
 =>  N_eff Reflect.:    220 with I >  0.00 sigma
 ++++++++++++++++++++++++++++++++++++++++++++++++++++++++++++++++++++++++++++++++++++++++++++++++++++++++++++++++++++++++++++++++++++

 => CYCLE No.:   34
 ------------------------------------------------------------------------------------------------------------------------------------
 => Phase  1 Name: Tb2Ti2O7
 ------------------------------------------------------------------------------------------------------------------------------------
 => New parameters, shifts, and standard deviations

 Atom        x       dx      sx       y       dy      sy       z       dz      sz       B       dB      sB      occ.    docc.   socc.

 Tb       0.50000 0.00000 0.00000  0.50000 0.00000 0.00000  0.50000 0.00000 0.00000  0.00000 0.00000 0.00000  0.33333 0.00000 0.00000
 Ti       0.00000 0.00000 0.00000  0.00000 0.00000 0.00000  0.00000 0.00000 0.00000  0.00000 0.00000 0.00000  0.33333 0.00000 0.00000
 O1       0.32804 0.00000 0.00000  0.12500 0.00000 0.00000  0.12500 0.00000 0.00000  0.00000 0.00000 0.00000  1.00000 0.00000 0.00000
 O2       0.37500 0.00000 0.00000  0.37500 0.00000 0.00000  0.37500 0.00000 0.00000  0.00000 0.00000 0.00000  0.16667 0.00000 0.00000

 Atom         B11      DB11      SB11       B22      DB22      SB22       B33      DB33      SB33
              B12      DB12      SB12       B13      DB13      SB13       B23      DB23      SB23
 Tb      0.001340  0.000000  0.000016  0.001340  0.000000  0.000016  0.001340  0.000000  0.000016
        -0.000409 -0.000001  0.000014 -0.000409 -0.000001  0.000014 -0.000409 -0.000001  0.000014
 Ti      0.001174  0.000000  0.000024  0.001174  0.000000  0.000024  0.001174  0.000000  0.000024
        -0.000072 -0.000000  0.000030 -0.000072 -0.000000  0.000030 -0.000072 -0.000000  0.000030
 O1      0.001408  0.000000  0.000022  0.001062  0.000000  0.000015  0.001062  0.000000  0.000015
         0.000000  0.000000  0.000000  0.000000  0.000000  0.000000  0.000370  0.000000  0.000016
 O2      0.000839  0.000000  0.000021  0.000839  0.000000  0.000021  0.000839  0.000000  0.000021
         0.000000  0.000000  0.000000  0.000000  0.000000  0.000000  0.000000  0.000000  0.000000

 ==> SCALE, EXTINCTION, CELL PARAMETERS FOR PATTERN#  1

 => Scale factors ( 1: 6): 
             0.375050        0.000010        0.002485
             0.000000        0.000000        0.000000
             0.000000        0.000000        0.000000
             0.000000        0.000000        0.000000
             0.000000        0.000000        0.000000
             0.000000        0.000000        0.000000


 => Extinction Parameters: 
             0.182994        0.000034        0.005521
             0.000000        0.000000        0.000000
             0.000000        0.000000        0.000000
             0.000000        0.000000        0.000000
             0.000000        0.000000        0.000000
             0.000000        0.000000        0.000000
             0.000000        0.000000        0.000000


 => Lambda/2 param: 
              0.000000        0.000000        0.000000

 => Global user-weigthed Chi2 (Bragg contrib.):   1.45    

 => ---------> Pattern#  1
 => Phase:  1
 =>    RF2 -factor :   2.74    
 =>    RF2w-factor :   3.02    
 =>    RF  -factor :   2.83    
 =>    Chi2(Intens):   1.45    
 =>  N_eff Reflect.:    220 with I >  0.00 sigma
 ++++++++++++++++++++++++++++++++++++++++++++++++++++++++++++++++++++++++++++++++++++++++++++++++++++++++++++++++++++++++++++++++++++

 => CYCLE No.:   35
 ------------------------------------------------------------------------------------------------------------------------------------
 => Phase  1 Name: Tb2Ti2O7
 ------------------------------------------------------------------------------------------------------------------------------------
 => New parameters, shifts, and standard deviations

 Atom        x       dx      sx       y       dy      sy       z       dz      sz       B       dB      sB      occ.    docc.   socc.

 Tb       0.50000 0.00000 0.00000  0.50000 0.00000 0.00000  0.50000 0.00000 0.00000  0.00000 0.00000 0.00000  0.33333 0.00000 0.00000
 Ti       0.00000 0.00000 0.00000  0.00000 0.00000 0.00000  0.00000 0.00000 0.00000  0.00000 0.00000 0.00000  0.33333 0.00000 0.00000
 O1       0.32804 0.00000 0.00000  0.12500 0.00000 0.00000  0.12500 0.00000 0.00000  0.00000 0.00000 0.00000  1.00000 0.00000 0.00000
 O2       0.37500 0.00000 0.00000  0.37500 0.00000 0.00000  0.37500 0.00000 0.00000  0.00000 0.00000 0.00000  0.16667 0.00000 0.00000

 Atom         B11      DB11      SB11       B22      DB22      SB22       B33      DB33      SB33
              B12      DB12      SB12       B13      DB13      SB13       B23      DB23      SB23
 Tb      0.001341  0.000000  0.000016  0.001341  0.000000  0.000016  0.001341  0.000000  0.000016
        -0.000410 -0.000001  0.000014 -0.000410 -0.000001  0.000014 -0.000410 -0.000001  0.000014
 Ti      0.001174  0.000000  0.000024  0.001174  0.000000  0.000024  0.001174  0.000000  0.000024
        -0.000072 -0.000000  0.000030 -0.000072 -0.000000  0.000030 -0.000072 -0.000000  0.000030
 O1      0.001408  0.000000  0.000022  0.001062  0.000000  0.000015  0.001062  0.000000  0.000015
         0.000000  0.000000  0.000000  0.000000  0.000000  0.000000  0.000370  0.000000  0.000016
 O2      0.000839  0.000000  0.000021  0.000839  0.000000  0.000021  0.000839  0.000000  0.000021
         0.000000  0.000000  0.000000  0.000000  0.000000  0.000000  0.000000  0.000000  0.000000

 ==> SCALE, EXTINCTION, CELL PARAMETERS FOR PATTERN#  1

 => Scale factors ( 1: 6): 
             0.375060        0.000010        0.002484
             0.000000        0.000000        0.000000
             0.000000        0.000000        0.000000
             0.000000        0.000000        0.000000
             0.000000        0.000000        0.000000
             0.000000        0.000000        0.000000


 => Extinction Parameters: 
             0.183027        0.000033        0.005519
             0.000000        0.000000        0.000000
             0.000000        0.000000        0.000000
             0.000000        0.000000        0.000000
             0.000000        0.000000        0.000000
             0.000000        0.000000        0.000000
             0.000000        0.000000        0.000000


 => Lambda/2 param: 
              0.000000        0.000000        0.000000

 => Global user-weigthed Chi2 (Bragg contrib.):   1.44    

 => ---------> Pattern#  1
 => Phase:  1
 =>    RF2 -factor :   2.74    
 =>    RF2w-factor :   3.02    
 =>    RF  -factor :   2.82    
 =>    Chi2(Intens):   1.44    
 =>  N_eff Reflect.:    220 with I >  0.00 sigma
 ++++++++++++++++++++++++++++++++++++++++++++++++++++++++++++++++++++++++++++++++++++++++++++++++++++++++++++++++++++++++++++++++++++

 => CYCLE No.:   36
 ------------------------------------------------------------------------------------------------------------------------------------
 => Phase  1 Name: Tb2Ti2O7
 ------------------------------------------------------------------------------------------------------------------------------------
 => New parameters, shifts, and standard deviations

 Atom        x       dx      sx       y       dy      sy       z       dz      sz       B       dB      sB      occ.    docc.   socc.

 Tb       0.50000 0.00000 0.00000  0.50000 0.00000 0.00000  0.50000 0.00000 0.00000  0.00000 0.00000 0.00000  0.33333 0.00000 0.00000
 Ti       0.00000 0.00000 0.00000  0.00000 0.00000 0.00000  0.00000 0.00000 0.00000  0.00000 0.00000 0.00000  0.33333 0.00000 0.00000
 O1       0.32804 0.00000 0.00000  0.12500 0.00000 0.00000  0.12500 0.00000 0.00000  0.00000 0.00000 0.00000  1.00000 0.00000 0.00000
 O2       0.37500 0.00000 0.00000  0.37500 0.00000 0.00000  0.37500 0.00000 0.00000  0.00000 0.00000 0.00000  0.16667 0.00000 0.00000

 Atom         B11      DB11      SB11       B22      DB22      SB22       B33      DB33      SB33
              B12      DB12      SB12       B13      DB13      SB13       B23      DB23      SB23
 Tb      0.001341  0.000000  0.000016  0.001341  0.000000  0.000016  0.001341  0.000000  0.000016
        -0.000411 -0.000001  0.000014 -0.000411 -0.000001  0.000014 -0.000411 -0.000001  0.000014
 Ti      0.001174  0.000000  0.000024  0.001174  0.000000  0.000024  0.001174  0.000000  0.000024
        -0.000072 -0.000000  0.000030 -0.000072 -0.000000  0.000030 -0.000072 -0.000000  0.000030
 O1      0.001408  0.000000  0.000022  0.001062  0.000000  0.000015  0.001062  0.000000  0.000015
         0.000000  0.000000  0.000000  0.000000  0.000000  0.000000  0.000370  0.000000  0.000016
 O2      0.000839  0.000000  0.000021  0.000839  0.000000  0.000021  0.000839  0.000000  0.000021
         0.000000  0.000000  0.000000  0.000000  0.000000  0.000000  0.000000  0.000000  0.000000

 ==> SCALE, EXTINCTION, CELL PARAMETERS FOR PATTERN#  1

 => Scale factors ( 1: 6): 
             0.375070        0.000010        0.002483
             0.000000        0.000000        0.000000
             0.000000        0.000000        0.000000
             0.000000        0.000000        0.000000
             0.000000        0.000000        0.000000
             0.000000        0.000000        0.000000


 => Extinction Parameters: 
             0.183058        0.000031        0.005518
             0.000000        0.000000        0.000000
             0.000000        0.000000        0.000000
             0.000000        0.000000        0.000000
             0.000000        0.000000        0.000000
             0.000000        0.000000        0.000000
             0.000000        0.000000        0.000000


 => Lambda/2 param: 
              0.000000        0.000000        0.000000

 => Global user-weigthed Chi2 (Bragg contrib.):   1.44    

 => ---------> Pattern#  1
 => Phase:  1
 =>    RF2 -factor :   2.74    
 =>    RF2w-factor :   3.02    
 =>    RF  -factor :   2.82    
 =>    Chi2(Intens):   1.44    
 =>  N_eff Reflect.:    220 with I >  0.00 sigma
 ++++++++++++++++++++++++++++++++++++++++++++++++++++++++++++++++++++++++++++++++++++++++++++++++++++++++++++++++++++++++++++++++++++

 => CYCLE No.:   37
 ------------------------------------------------------------------------------------------------------------------------------------
 => Phase  1 Name: Tb2Ti2O7
 ------------------------------------------------------------------------------------------------------------------------------------
 => New parameters, shifts, and standard deviations

 Atom        x       dx      sx       y       dy      sy       z       dz      sz       B       dB      sB      occ.    docc.   socc.

 Tb       0.50000 0.00000 0.00000  0.50000 0.00000 0.00000  0.50000 0.00000 0.00000  0.00000 0.00000 0.00000  0.33333 0.00000 0.00000
 Ti       0.00000 0.00000 0.00000  0.00000 0.00000 0.00000  0.00000 0.00000 0.00000  0.00000 0.00000 0.00000  0.33333 0.00000 0.00000
 O1       0.32804 0.00000 0.00000  0.12500 0.00000 0.00000  0.12500 0.00000 0.00000  0.00000 0.00000 0.00000  1.00000 0.00000 0.00000
 O2       0.37500 0.00000 0.00000  0.37500 0.00000 0.00000  0.37500 0.00000 0.00000  0.00000 0.00000 0.00000  0.16667 0.00000 0.00000

 Atom         B11      DB11      SB11       B22      DB22      SB22       B33      DB33      SB33
              B12      DB12      SB12       B13      DB13      SB13       B23      DB23      SB23
 Tb      0.001341  0.000000  0.000016  0.001341  0.000000  0.000016  0.001341  0.000000  0.000016
        -0.000411 -0.000001  0.000014 -0.000411 -0.000001  0.000014 -0.000411 -0.000001  0.000014
 Ti      0.001174  0.000000  0.000024  0.001174  0.000000  0.000024  0.001174  0.000000  0.000024
        -0.000072 -0.000000  0.000030 -0.000072 -0.000000  0.000030 -0.000072 -0.000000  0.000030
 O1      0.001408  0.000000  0.000022  0.001062  0.000000  0.000015  0.001062  0.000000  0.000015
         0.000000  0.000000  0.000000  0.000000  0.000000  0.000000  0.000370  0.000000  0.000016
 O2      0.000839  0.000000  0.000021  0.000839  0.000000  0.000021  0.000839  0.000000  0.000021
         0.000000  0.000000  0.000000  0.000000  0.000000  0.000000  0.000000  0.000000  0.000000

 ==> SCALE, EXTINCTION, CELL PARAMETERS FOR PATTERN#  1

 => Scale factors ( 1: 6): 
             0.375079        0.000009        0.002482
             0.000000        0.000000        0.000000
             0.000000        0.000000        0.000000
             0.000000        0.000000        0.000000
             0.000000        0.000000        0.000000
             0.000000        0.000000        0.000000


 => Extinction Parameters: 
             0.183088        0.000030        0.005517
             0.000000        0.000000        0.000000
             0.000000        0.000000        0.000000
             0.000000        0.000000        0.000000
             0.000000        0.000000        0.000000
             0.000000        0.000000        0.000000
             0.000000        0.000000        0.000000


 => Lambda/2 param: 
              0.000000        0.000000        0.000000

 => Global user-weigthed Chi2 (Bragg contrib.):   1.44    

 => ---------> Pattern#  1
 => Phase:  1
 =>    RF2 -factor :   2.73    
 =>    RF2w-factor :   3.02    
 =>    RF  -factor :   2.82    
 =>    Chi2(Intens):   1.44    
 =>  N_eff Reflect.:    220 with I >  0.00 sigma
 ++++++++++++++++++++++++++++++++++++++++++++++++++++++++++++++++++++++++++++++++++++++++++++++++++++++++++++++++++++++++++++++++++++

 => CYCLE No.:   38
 ------------------------------------------------------------------------------------------------------------------------------------
 => Phase  1 Name: Tb2Ti2O7
 ------------------------------------------------------------------------------------------------------------------------------------
 => New parameters, shifts, and standard deviations

 Atom        x       dx      sx       y       dy      sy       z       dz      sz       B       dB      sB      occ.    docc.   socc.

 Tb       0.50000 0.00000 0.00000  0.50000 0.00000 0.00000  0.50000 0.00000 0.00000  0.00000 0.00000 0.00000  0.33333 0.00000 0.00000
 Ti       0.00000 0.00000 0.00000  0.00000 0.00000 0.00000  0.00000 0.00000 0.00000  0.00000 0.00000 0.00000  0.33333 0.00000 0.00000
 O1       0.32804 0.00000 0.00000  0.12500 0.00000 0.00000  0.12500 0.00000 0.00000  0.00000 0.00000 0.00000  1.00000 0.00000 0.00000
 O2       0.37500 0.00000 0.00000  0.37500 0.00000 0.00000  0.37500 0.00000 0.00000  0.00000 0.00000 0.00000  0.16667 0.00000 0.00000

 Atom         B11      DB11      SB11       B22      DB22      SB22       B33      DB33      SB33
              B12      DB12      SB12       B13      DB13      SB13       B23      DB23      SB23
 Tb      0.001341  0.000000  0.000016  0.001341  0.000000  0.000016  0.001341  0.000000  0.000016
        -0.000412 -0.000001  0.000014 -0.000412 -0.000001  0.000014 -0.000412 -0.000001  0.000014
 Ti      0.001175  0.000000  0.000024  0.001175  0.000000  0.000024  0.001175  0.000000  0.000024
        -0.000072 -0.000000  0.000030 -0.000072 -0.000000  0.000030 -0.000072 -0.000000  0.000030
 O1      0.001408  0.000000  0.000022  0.001063  0.000000  0.000015  0.001063  0.000000  0.000015
         0.000000  0.000000  0.000000  0.000000  0.000000  0.000000  0.000370  0.000000  0.000016
 O2      0.000839  0.000000  0.000021  0.000839  0.000000  0.000021  0.000839  0.000000  0.000021
         0.000000  0.000000  0.000000  0.000000  0.000000  0.000000  0.000000  0.000000  0.000000

 ==> SCALE, EXTINCTION, CELL PARAMETERS FOR PATTERN#  1

 => Scale factors ( 1: 6): 
             0.375088        0.000009        0.002482
             0.000000        0.000000        0.000000
             0.000000        0.000000        0.000000
             0.000000        0.000000        0.000000
             0.000000        0.000000        0.000000
             0.000000        0.000000        0.000000


 => Extinction Parameters: 
             0.183118        0.000029        0.005516
             0.000000        0.000000        0.000000
             0.000000        0.000000        0.000000
             0.000000        0.000000        0.000000
             0.000000        0.000000        0.000000
             0.000000        0.000000        0.000000
             0.000000        0.000000        0.000000


 => Lambda/2 param: 
              0.000000        0.000000        0.000000

 => Global user-weigthed Chi2 (Bragg contrib.):   1.44    

 => ---------> Pattern#  1
 => Phase:  1
 =>    RF2 -factor :   2.73    
 =>    RF2w-factor :   3.02    
 =>    RF  -factor :   2.82    
 =>    Chi2(Intens):   1.44    
 =>  N_eff Reflect.:    220 with I >  0.00 sigma
 ++++++++++++++++++++++++++++++++++++++++++++++++++++++++++++++++++++++++++++++++++++++++++++++++++++++++++++++++++++++++++++++++++++

 => CYCLE No.:   39
 ------------------------------------------------------------------------------------------------------------------------------------
 => Phase  1 Name: Tb2Ti2O7
 ------------------------------------------------------------------------------------------------------------------------------------
 => New parameters, shifts, and standard deviations

 Atom        x       dx      sx       y       dy      sy       z       dz      sz       B       dB      sB      occ.    docc.   socc.

 Tb       0.50000 0.00000 0.00000  0.50000 0.00000 0.00000  0.50000 0.00000 0.00000  0.00000 0.00000 0.00000  0.33333 0.00000 0.00000
 Ti       0.00000 0.00000 0.00000  0.00000 0.00000 0.00000  0.00000 0.00000 0.00000  0.00000 0.00000 0.00000  0.33333 0.00000 0.00000
 O1       0.32804 0.00000 0.00000  0.12500 0.00000 0.00000  0.12500 0.00000 0.00000  0.00000 0.00000 0.00000  1.00000 0.00000 0.00000
 O2       0.37500 0.00000 0.00000  0.37500 0.00000 0.00000  0.37500 0.00000 0.00000  0.00000 0.00000 0.00000  0.16667 0.00000 0.00000

 Atom         B11      DB11      SB11       B22      DB22      SB22       B33      DB33      SB33
              B12      DB12      SB12       B13      DB13      SB13       B23      DB23      SB23
 Tb      0.001341  0.000000  0.000016  0.001341  0.000000  0.000016  0.001341  0.000000  0.000016
        -0.000412 -0.000001  0.000014 -0.000412 -0.000001  0.000014 -0.000412 -0.000001  0.000014
 Ti      0.001175  0.000000  0.000024  0.001175  0.000000  0.000024  0.001175  0.000000  0.000024
        -0.000072 -0.000000  0.000030 -0.000072 -0.000000  0.000030 -0.000072 -0.000000  0.000030
 O1      0.001408  0.000000  0.000022  0.001063  0.000000  0.000015  0.001063  0.000000  0.000015
         0.000000  0.000000  0.000000  0.000000  0.000000  0.000000  0.000370  0.000000  0.000016
 O2      0.000839  0.000000  0.000021  0.000839  0.000000  0.000021  0.000839  0.000000  0.000021
         0.000000  0.000000  0.000000  0.000000  0.000000  0.000000  0.000000  0.000000  0.000000

 ==> SCALE, EXTINCTION, CELL PARAMETERS FOR PATTERN#  1

 => Scale factors ( 1: 6): 
             0.375097        0.000009        0.002481
             0.000000        0.000000        0.000000
             0.000000        0.000000        0.000000
             0.000000        0.000000        0.000000
             0.000000        0.000000        0.000000
             0.000000        0.000000        0.000000


 => Extinction Parameters: 
             0.183146        0.000028        0.005515
             0.000000        0.000000        0.000000
             0.000000        0.000000        0.000000
             0.000000        0.000000        0.000000
             0.000000        0.000000        0.000000
             0.000000        0.000000        0.000000
             0.000000        0.000000        0.000000


 => Lambda/2 param: 
              0.000000        0.000000        0.000000

 => Global user-weigthed Chi2 (Bragg contrib.):   1.44    

 => ---------> Pattern#  1
 => Phase:  1
 =>    RF2 -factor :   2.73    
 =>    RF2w-factor :   3.02    
 =>    RF  -factor :   2.82    
 =>    Chi2(Intens):   1.44    
 =>  N_eff Reflect.:    220 with I >  0.00 sigma
 ++++++++++++++++++++++++++++++++++++++++++++++++++++++++++++++++++++++++++++++++++++++++++++++++++++++++++++++++++++++++++++++++++++

 => CYCLE No.:   40
 ------------------------------------------------------------------------------------------------------------------------------------
 => Phase  1 Name: Tb2Ti2O7
 ------------------------------------------------------------------------------------------------------------------------------------
 => New parameters, shifts, and standard deviations

 Atom        x       dx      sx       y       dy      sy       z       dz      sz       B       dB      sB      occ.    docc.   socc.

 Tb       0.50000 0.00000 0.00000  0.50000 0.00000 0.00000  0.50000 0.00000 0.00000  0.00000 0.00000 0.00000  0.33333 0.00000 0.00000
 Ti       0.00000 0.00000 0.00000  0.00000 0.00000 0.00000  0.00000 0.00000 0.00000  0.00000 0.00000 0.00000  0.33333 0.00000 0.00000
 O1       0.32804 0.00000 0.00000  0.12500 0.00000 0.00000  0.12500 0.00000 0.00000  0.00000 0.00000 0.00000  1.00000 0.00000 0.00000
 O2       0.37500 0.00000 0.00000  0.37500 0.00000 0.00000  0.37500 0.00000 0.00000  0.00000 0.00000 0.00000  0.16667 0.00000 0.00000

 Atom         B11      DB11      SB11       B22      DB22      SB22       B33      DB33      SB33
              B12      DB12      SB12       B13      DB13      SB13       B23      DB23      SB23
 Tb      0.001342  0.000000  0.000016  0.001342  0.000000  0.000016  0.001342  0.000000  0.000016
        -0.000413 -0.000001  0.000014 -0.000413 -0.000001  0.000014 -0.000413 -0.000001  0.000014
 Ti      0.001175  0.000000  0.000024  0.001175  0.000000  0.000024  0.001175  0.000000  0.000024
        -0.000072 -0.000000  0.000030 -0.000072 -0.000000  0.000030 -0.000072 -0.000000  0.000030
 O1      0.001409  0.000000  0.000022  0.001063  0.000000  0.000015  0.001063  0.000000  0.000015
         0.000000  0.000000  0.000000  0.000000  0.000000  0.000000  0.000370  0.000000  0.000016
 O2      0.000840  0.000000  0.000021  0.000840  0.000000  0.000021  0.000840  0.000000  0.000021
         0.000000  0.000000  0.000000  0.000000  0.000000  0.000000  0.000000  0.000000  0.000000

 ==> SCALE, EXTINCTION, CELL PARAMETERS FOR PATTERN#  1

 => Scale factors ( 1: 6): 
             0.375105        0.000008        0.002480
             0.000000        0.000000        0.000000
             0.000000        0.000000        0.000000
             0.000000        0.000000        0.000000
             0.000000        0.000000        0.000000
             0.000000        0.000000        0.000000


 => Extinction Parameters: 
             0.183173        0.000027        0.005514
             0.000000        0.000000        0.000000
             0.000000        0.000000        0.000000
             0.000000        0.000000        0.000000
             0.000000        0.000000        0.000000
             0.000000        0.000000        0.000000
             0.000000        0.000000        0.000000


 => Lambda/2 param: 
              0.000000        0.000000        0.000000

 => Global user-weigthed Chi2 (Bragg contrib.):   1.44    

 => ---------> Pattern#  1
 => Phase:  1
 =>    RF2 -factor :   2.73    
 =>    RF2w-factor :   3.02    
 =>    RF  -factor :   2.82    
 =>    Chi2(Intens):   1.44    
 =>  N_eff Reflect.:    220 with I >  0.00 sigma
 ++++++++++++++++++++++++++++++++++++++++++++++++++++++++++++++++++++++++++++++++++++++++++++++++++++++++++++++++++++++++++++++++++++

 => CYCLE No.:   41
 ------------------------------------------------------------------------------------------------------------------------------------
 => Phase  1 Name: Tb2Ti2O7
 ------------------------------------------------------------------------------------------------------------------------------------
 => New parameters, shifts, and standard deviations

 Atom        x       dx      sx       y       dy      sy       z       dz      sz       B       dB      sB      occ.    docc.   socc.

 Tb       0.50000 0.00000 0.00000  0.50000 0.00000 0.00000  0.50000 0.00000 0.00000  0.00000 0.00000 0.00000  0.33333 0.00000 0.00000
 Ti       0.00000 0.00000 0.00000  0.00000 0.00000 0.00000  0.00000 0.00000 0.00000  0.00000 0.00000 0.00000  0.33333 0.00000 0.00000
 O1       0.32804 0.00000 0.00000  0.12500 0.00000 0.00000  0.12500 0.00000 0.00000  0.00000 0.00000 0.00000  1.00000 0.00000 0.00000
 O2       0.37500 0.00000 0.00000  0.37500 0.00000 0.00000  0.37500 0.00000 0.00000  0.00000 0.00000 0.00000  0.16667 0.00000 0.00000

 Atom         B11      DB11      SB11       B22      DB22      SB22       B33      DB33      SB33
              B12      DB12      SB12       B13      DB13      SB13       B23      DB23      SB23
 Tb      0.001342  0.000000  0.000016  0.001342  0.000000  0.000016  0.001342  0.000000  0.000016
        -0.000413 -0.000000  0.000014 -0.000413 -0.000000  0.000014 -0.000413 -0.000000  0.000014
 Ti      0.001175  0.000000  0.000024  0.001175  0.000000  0.000024  0.001175  0.000000  0.000024
        -0.000072 -0.000000  0.000030 -0.000072 -0.000000  0.000030 -0.000072 -0.000000  0.000030
 O1      0.001409  0.000000  0.000022  0.001063  0.000000  0.000015  0.001063  0.000000  0.000015
         0.000000  0.000000  0.000000  0.000000  0.000000  0.000000  0.000370  0.000000  0.000016
 O2      0.000840  0.000000  0.000021  0.000840  0.000000  0.000021  0.000840  0.000000  0.000021
         0.000000  0.000000  0.000000  0.000000  0.000000  0.000000  0.000000  0.000000  0.000000

 ==> SCALE, EXTINCTION, CELL PARAMETERS FOR PATTERN#  1

 => Scale factors ( 1: 6): 
             0.375113        0.000008        0.002480
             0.000000        0.000000        0.000000
             0.000000        0.000000        0.000000
             0.000000        0.000000        0.000000
             0.000000        0.000000        0.000000
             0.000000        0.000000        0.000000


 => Extinction Parameters: 
             0.183199        0.000026        0.005513
             0.000000        0.000000        0.000000
             0.000000        0.000000        0.000000
             0.000000        0.000000        0.000000
             0.000000        0.000000        0.000000
             0.000000        0.000000        0.000000
             0.000000        0.000000        0.000000


 => Lambda/2 param: 
              0.000000        0.000000        0.000000

 => Global user-weigthed Chi2 (Bragg contrib.):   1.44    

 => ---------> Pattern#  1
 => Phase:  1
 =>    RF2 -factor :   2.73    
 =>    RF2w-factor :   3.02    
 =>    RF  -factor :   2.82    
 =>    Chi2(Intens):   1.44    
 =>  N_eff Reflect.:    220 with I >  0.00 sigma
 ++++++++++++++++++++++++++++++++++++++++++++++++++++++++++++++++++++++++++++++++++++++++++++++++++++++++++++++++++++++++++++++++++++

 => CYCLE No.:   42
 ------------------------------------------------------------------------------------------------------------------------------------
 => Phase  1 Name: Tb2Ti2O7
 ------------------------------------------------------------------------------------------------------------------------------------
 => New parameters, shifts, and standard deviations

 Atom        x       dx      sx       y       dy      sy       z       dz      sz       B       dB      sB      occ.    docc.   socc.

 Tb       0.50000 0.00000 0.00000  0.50000 0.00000 0.00000  0.50000 0.00000 0.00000  0.00000 0.00000 0.00000  0.33333 0.00000 0.00000
 Ti       0.00000 0.00000 0.00000  0.00000 0.00000 0.00000  0.00000 0.00000 0.00000  0.00000 0.00000 0.00000  0.33333 0.00000 0.00000
 O1       0.32804 0.00000 0.00000  0.12500 0.00000 0.00000  0.12500 0.00000 0.00000  0.00000 0.00000 0.00000  1.00000 0.00000 0.00000
 O2       0.37500 0.00000 0.00000  0.37500 0.00000 0.00000  0.37500 0.00000 0.00000  0.00000 0.00000 0.00000  0.16667 0.00000 0.00000

 Atom         B11      DB11      SB11       B22      DB22      SB22       B33      DB33      SB33
              B12      DB12      SB12       B13      DB13      SB13       B23      DB23      SB23
 Tb      0.001342  0.000000  0.000016  0.001342  0.000000  0.000016  0.001342  0.000000  0.000016
        -0.000414 -0.000000  0.000014 -0.000414 -0.000000  0.000014 -0.000414 -0.000000  0.000014
 Ti      0.001175  0.000000  0.000024  0.001175  0.000000  0.000024  0.001175  0.000000  0.000024
        -0.000072 -0.000000  0.000030 -0.000072 -0.000000  0.000030 -0.000072 -0.000000  0.000030
 O1      0.001409  0.000000  0.000022  0.001063  0.000000  0.000015  0.001063  0.000000  0.000015
         0.000000  0.000000  0.000000  0.000000  0.000000  0.000000  0.000370  0.000000  0.000016
 O2      0.000840  0.000000  0.000021  0.000840  0.000000  0.000021  0.000840  0.000000  0.000021
         0.000000  0.000000  0.000000  0.000000  0.000000  0.000000  0.000000  0.000000  0.000000

 ==> SCALE, EXTINCTION, CELL PARAMETERS FOR PATTERN#  1

 => Scale factors ( 1: 6): 
             0.375120        0.000008        0.002479
             0.000000        0.000000        0.000000
             0.000000        0.000000        0.000000
             0.000000        0.000000        0.000000
             0.000000        0.000000        0.000000
             0.000000        0.000000        0.000000


 => Extinction Parameters: 
             0.183224        0.000025        0.005512
             0.000000        0.000000        0.000000
             0.000000        0.000000        0.000000
             0.000000        0.000000        0.000000
             0.000000        0.000000        0.000000
             0.000000        0.000000        0.000000
             0.000000        0.000000        0.000000


 => Lambda/2 param: 
              0.000000        0.000000        0.000000

 => Global user-weigthed Chi2 (Bragg contrib.):   1.44    

 => ---------> Pattern#  1
 => Phase:  1
 =>    RF2 -factor :   2.73    
 =>    RF2w-factor :   3.01    
 =>    RF  -factor :   2.82    
 =>    Chi2(Intens):   1.44    
 =>  N_eff Reflect.:    220 with I >  0.00 sigma
 ++++++++++++++++++++++++++++++++++++++++++++++++++++++++++++++++++++++++++++++++++++++++++++++++++++++++++++++++++++++++++++++++++++

 => CYCLE No.:   43
 ------------------------------------------------------------------------------------------------------------------------------------
 => Phase  1 Name: Tb2Ti2O7
 ------------------------------------------------------------------------------------------------------------------------------------
 => New parameters, shifts, and standard deviations

 Atom        x       dx      sx       y       dy      sy       z       dz      sz       B       dB      sB      occ.    docc.   socc.

 Tb       0.50000 0.00000 0.00000  0.50000 0.00000 0.00000  0.50000 0.00000 0.00000  0.00000 0.00000 0.00000  0.33333 0.00000 0.00000
 Ti       0.00000 0.00000 0.00000  0.00000 0.00000 0.00000  0.00000 0.00000 0.00000  0.00000 0.00000 0.00000  0.33333 0.00000 0.00000
 O1       0.32804 0.00000 0.00000  0.12500 0.00000 0.00000  0.12500 0.00000 0.00000  0.00000 0.00000 0.00000  1.00000 0.00000 0.00000
 O2       0.37500 0.00000 0.00000  0.37500 0.00000 0.00000  0.37500 0.00000 0.00000  0.00000 0.00000 0.00000  0.16667 0.00000 0.00000

 Atom         B11      DB11      SB11       B22      DB22      SB22       B33      DB33      SB33
              B12      DB12      SB12       B13      DB13      SB13       B23      DB23      SB23
 Tb      0.001342  0.000000  0.000016  0.001342  0.000000  0.000016  0.001342  0.000000  0.000016
        -0.000414 -0.000000  0.000014 -0.000414 -0.000000  0.000014 -0.000414 -0.000000  0.000014
 Ti      0.001175  0.000000  0.000024  0.001175  0.000000  0.000024  0.001175  0.000000  0.000024
        -0.000072 -0.000000  0.000030 -0.000072 -0.000000  0.000030 -0.000072 -0.000000  0.000030
 O1      0.001409  0.000000  0.000022  0.001063  0.000000  0.000015  0.001063  0.000000  0.000015
         0.000000  0.000000  0.000000  0.000000  0.000000  0.000000  0.000370  0.000000  0.000016
 O2      0.000840  0.000000  0.000021  0.000840  0.000000  0.000021  0.000840  0.000000  0.000021
         0.000000  0.000000  0.000000  0.000000  0.000000  0.000000  0.000000  0.000000  0.000000

 ==> SCALE, EXTINCTION, CELL PARAMETERS FOR PATTERN#  1

 => Scale factors ( 1: 6): 
             0.375127        0.000007        0.002479
             0.000000        0.000000        0.000000
             0.000000        0.000000        0.000000
             0.000000        0.000000        0.000000
             0.000000        0.000000        0.000000
             0.000000        0.000000        0.000000


 => Extinction Parameters: 
             0.183248        0.000024        0.005511
             0.000000        0.000000        0.000000
             0.000000        0.000000        0.000000
             0.000000        0.000000        0.000000
             0.000000        0.000000        0.000000
             0.000000        0.000000        0.000000
             0.000000        0.000000        0.000000


 => Lambda/2 param: 
              0.000000        0.000000        0.000000

 => Global user-weigthed Chi2 (Bragg contrib.):   1.44    

 => ---------> Pattern#  1
 => Phase:  1
 =>    RF2 -factor :   2.72    
 =>    RF2w-factor :   3.01    
 =>    RF  -factor :   2.82    
 =>    Chi2(Intens):   1.44    
 =>  N_eff Reflect.:    220 with I >  0.00 sigma
 ++++++++++++++++++++++++++++++++++++++++++++++++++++++++++++++++++++++++++++++++++++++++++++++++++++++++++++++++++++++++++++++++++++

 => CYCLE No.:   44
 ------------------------------------------------------------------------------------------------------------------------------------
 => Phase  1 Name: Tb2Ti2O7
 ------------------------------------------------------------------------------------------------------------------------------------
 => New parameters, shifts, and standard deviations

 Atom        x       dx      sx       y       dy      sy       z       dz      sz       B       dB      sB      occ.    docc.   socc.

 Tb       0.50000 0.00000 0.00000  0.50000 0.00000 0.00000  0.50000 0.00000 0.00000  0.00000 0.00000 0.00000  0.33333 0.00000 0.00000
 Ti       0.00000 0.00000 0.00000  0.00000 0.00000 0.00000  0.00000 0.00000 0.00000  0.00000 0.00000 0.00000  0.33333 0.00000 0.00000
 O1       0.32804 0.00000 0.00000  0.12500 0.00000 0.00000  0.12500 0.00000 0.00000  0.00000 0.00000 0.00000  1.00000 0.00000 0.00000
 O2       0.37500 0.00000 0.00000  0.37500 0.00000 0.00000  0.37500 0.00000 0.00000  0.00000 0.00000 0.00000  0.16667 0.00000 0.00000

 Atom         B11      DB11      SB11       B22      DB22      SB22       B33      DB33      SB33
              B12      DB12      SB12       B13      DB13      SB13       B23      DB23      SB23
 Tb      0.001342  0.000000  0.000016  0.001342  0.000000  0.000016  0.001342  0.000000  0.000016
        -0.000415 -0.000000  0.000014 -0.000415 -0.000000  0.000014 -0.000415 -0.000000  0.000014
 Ti      0.001175  0.000000  0.000024  0.001175  0.000000  0.000024  0.001175  0.000000  0.000024
        -0.000072 -0.000000  0.000030 -0.000072 -0.000000  0.000030 -0.000072 -0.000000  0.000030
 O1      0.001409  0.000000  0.000022  0.001063  0.000000  0.000015  0.001063  0.000000  0.000015
         0.000000  0.000000  0.000000  0.000000  0.000000  0.000000  0.000370  0.000000  0.000016
 O2      0.000840  0.000000  0.000021  0.000840  0.000000  0.000021  0.000840  0.000000  0.000021
         0.000000  0.000000  0.000000  0.000000  0.000000  0.000000  0.000000  0.000000  0.000000

 ==> SCALE, EXTINCTION, CELL PARAMETERS FOR PATTERN#  1

 => Scale factors ( 1: 6): 
             0.375134        0.000007        0.002478
             0.000000        0.000000        0.000000
             0.000000        0.000000        0.000000
             0.000000        0.000000        0.000000
             0.000000        0.000000        0.000000
             0.000000        0.000000        0.000000


 => Extinction Parameters: 
             0.183272        0.000023        0.005511
             0.000000        0.000000        0.000000
             0.000000        0.000000        0.000000
             0.000000        0.000000        0.000000
             0.000000        0.000000        0.000000
             0.000000        0.000000        0.000000
             0.000000        0.000000        0.000000


 => Lambda/2 param: 
              0.000000        0.000000        0.000000

 => Global user-weigthed Chi2 (Bragg contrib.):   1.44    

 => ---------> Pattern#  1
 => Phase:  1
 =>    RF2 -factor :   2.72    
 =>    RF2w-factor :   3.01    
 =>    RF  -factor :   2.81    
 =>    Chi2(Intens):   1.44    
 =>  N_eff Reflect.:    220 with I >  0.00 sigma
 ++++++++++++++++++++++++++++++++++++++++++++++++++++++++++++++++++++++++++++++++++++++++++++++++++++++++++++++++++++++++++++++++++++

 => CYCLE No.:   45
 ------------------------------------------------------------------------------------------------------------------------------------
 => Phase  1 Name: Tb2Ti2O7
 ------------------------------------------------------------------------------------------------------------------------------------
 => New parameters, shifts, and standard deviations

 Atom        x       dx      sx       y       dy      sy       z       dz      sz       B       dB      sB      occ.    docc.   socc.

 Tb       0.50000 0.00000 0.00000  0.50000 0.00000 0.00000  0.50000 0.00000 0.00000  0.00000 0.00000 0.00000  0.33333 0.00000 0.00000
 Ti       0.00000 0.00000 0.00000  0.00000 0.00000 0.00000  0.00000 0.00000 0.00000  0.00000 0.00000 0.00000  0.33333 0.00000 0.00000
 O1       0.32804 0.00000 0.00000  0.12500 0.00000 0.00000  0.12500 0.00000 0.00000  0.00000 0.00000 0.00000  1.00000 0.00000 0.00000
 O2       0.37500 0.00000 0.00000  0.37500 0.00000 0.00000  0.37500 0.00000 0.00000  0.00000 0.00000 0.00000  0.16667 0.00000 0.00000

 Atom         B11      DB11      SB11       B22      DB22      SB22       B33      DB33      SB33
              B12      DB12      SB12       B13      DB13      SB13       B23      DB23      SB23
 Tb      0.001342  0.000000  0.000016  0.001342  0.000000  0.000016  0.001342  0.000000  0.000016
        -0.000415 -0.000000  0.000014 -0.000415 -0.000000  0.000014 -0.000415 -0.000000  0.000014
 Ti      0.001175  0.000000  0.000024  0.001175  0.000000  0.000024  0.001175  0.000000  0.000024
        -0.000072 -0.000000  0.000030 -0.000072 -0.000000  0.000030 -0.000072 -0.000000  0.000030
 O1      0.001409  0.000000  0.000022  0.001063  0.000000  0.000015  0.001063  0.000000  0.000015
         0.000000  0.000000  0.000000  0.000000  0.000000  0.000000  0.000370  0.000000  0.000016
 O2      0.000840  0.000000  0.000021  0.000840  0.000000  0.000021  0.000840  0.000000  0.000021
         0.000000  0.000000  0.000000  0.000000  0.000000  0.000000  0.000000  0.000000  0.000000

 ==> SCALE, EXTINCTION, CELL PARAMETERS FOR PATTERN#  1

 => Scale factors ( 1: 6): 
             0.375141        0.000007        0.002478
             0.000000        0.000000        0.000000
             0.000000        0.000000        0.000000
             0.000000        0.000000        0.000000
             0.000000        0.000000        0.000000
             0.000000        0.000000        0.000000


 => Extinction Parameters: 
             0.183294        0.000022        0.005510
             0.000000        0.000000        0.000000
             0.000000        0.000000        0.000000
             0.000000        0.000000        0.000000
             0.000000        0.000000        0.000000
             0.000000        0.000000        0.000000
             0.000000        0.000000        0.000000


 => Lambda/2 param: 
              0.000000        0.000000        0.000000

 => Global user-weigthed Chi2 (Bragg contrib.):   1.43    

 => ---------> Pattern#  1
 => Phase:  1
 =>    RF2 -factor :   2.72    
 =>    RF2w-factor :   3.01    
 =>    RF  -factor :   2.81    
 =>    Chi2(Intens):   1.43    
 =>  N_eff Reflect.:    220 with I >  0.00 sigma
 ++++++++++++++++++++++++++++++++++++++++++++++++++++++++++++++++++++++++++++++++++++++++++++++++++++++++++++++++++++++++++++++++++++

 => CYCLE No.:   46
 ------------------------------------------------------------------------------------------------------------------------------------
 => Phase  1 Name: Tb2Ti2O7
 ------------------------------------------------------------------------------------------------------------------------------------
 => New parameters, shifts, and standard deviations

 Atom        x       dx      sx       y       dy      sy       z       dz      sz       B       dB      sB      occ.    docc.   socc.

 Tb       0.50000 0.00000 0.00000  0.50000 0.00000 0.00000  0.50000 0.00000 0.00000  0.00000 0.00000 0.00000  0.33333 0.00000 0.00000
 Ti       0.00000 0.00000 0.00000  0.00000 0.00000 0.00000  0.00000 0.00000 0.00000  0.00000 0.00000 0.00000  0.33333 0.00000 0.00000
 O1       0.32804 0.00000 0.00000  0.12500 0.00000 0.00000  0.12500 0.00000 0.00000  0.00000 0.00000 0.00000  1.00000 0.00000 0.00000
 O2       0.37500 0.00000 0.00000  0.37500 0.00000 0.00000  0.37500 0.00000 0.00000  0.00000 0.00000 0.00000  0.16667 0.00000 0.00000

 Atom         B11      DB11      SB11       B22      DB22      SB22       B33      DB33      SB33
              B12      DB12      SB12       B13      DB13      SB13       B23      DB23      SB23
 Tb      0.001343  0.000000  0.000016  0.001343  0.000000  0.000016  0.001343  0.000000  0.000016
        -0.000415 -0.000000  0.000014 -0.000415 -0.000000  0.000014 -0.000415 -0.000000  0.000014
 Ti      0.001176  0.000000  0.000024  0.001176  0.000000  0.000024  0.001176  0.000000  0.000024
        -0.000072 -0.000000  0.000030 -0.000072 -0.000000  0.000030 -0.000072 -0.000000  0.000030
 O1      0.001409  0.000000  0.000022  0.001063  0.000000  0.000015  0.001063  0.000000  0.000015
         0.000000  0.000000  0.000000  0.000000  0.000000  0.000000  0.000370  0.000000  0.000016
 O2      0.000840  0.000000  0.000021  0.000840  0.000000  0.000021  0.000840  0.000000  0.000021
         0.000000  0.000000  0.000000  0.000000  0.000000  0.000000  0.000000  0.000000  0.000000

 ==> SCALE, EXTINCTION, CELL PARAMETERS FOR PATTERN#  1

 => Scale factors ( 1: 6): 
             0.375147        0.000006        0.002477
             0.000000        0.000000        0.000000
             0.000000        0.000000        0.000000
             0.000000        0.000000        0.000000
             0.000000        0.000000        0.000000
             0.000000        0.000000        0.000000


 => Extinction Parameters: 
             0.183316        0.000022        0.005509
             0.000000        0.000000        0.000000
             0.000000        0.000000        0.000000
             0.000000        0.000000        0.000000
             0.000000        0.000000        0.000000
             0.000000        0.000000        0.000000
             0.000000        0.000000        0.000000


 => Lambda/2 param: 
              0.000000        0.000000        0.000000

 => Global user-weigthed Chi2 (Bragg contrib.):   1.43    

 => ---------> Pattern#  1
 => Phase:  1
 =>    RF2 -factor :   2.72    
 =>    RF2w-factor :   3.01    
 =>    RF  -factor :   2.81    
 =>    Chi2(Intens):   1.43    
 =>  N_eff Reflect.:    220 with I >  0.00 sigma
 ++++++++++++++++++++++++++++++++++++++++++++++++++++++++++++++++++++++++++++++++++++++++++++++++++++++++++++++++++++++++++++++++++++

 => CYCLE No.:   47
 ------------------------------------------------------------------------------------------------------------------------------------
 => Phase  1 Name: Tb2Ti2O7
 ------------------------------------------------------------------------------------------------------------------------------------
 => New parameters, shifts, and standard deviations

 Atom        x       dx      sx       y       dy      sy       z       dz      sz       B       dB      sB      occ.    docc.   socc.

 Tb       0.50000 0.00000 0.00000  0.50000 0.00000 0.00000  0.50000 0.00000 0.00000  0.00000 0.00000 0.00000  0.33333 0.00000 0.00000
 Ti       0.00000 0.00000 0.00000  0.00000 0.00000 0.00000  0.00000 0.00000 0.00000  0.00000 0.00000 0.00000  0.33333 0.00000 0.00000
 O1       0.32804 0.00000 0.00000  0.12500 0.00000 0.00000  0.12500 0.00000 0.00000  0.00000 0.00000 0.00000  1.00000 0.00000 0.00000
 O2       0.37500 0.00000 0.00000  0.37500 0.00000 0.00000  0.37500 0.00000 0.00000  0.00000 0.00000 0.00000  0.16667 0.00000 0.00000

 Atom         B11      DB11      SB11       B22      DB22      SB22       B33      DB33      SB33
              B12      DB12      SB12       B13      DB13      SB13       B23      DB23      SB23
 Tb      0.001343  0.000000  0.000016  0.001343  0.000000  0.000016  0.001343  0.000000  0.000016
        -0.000416 -0.000000  0.000014 -0.000416 -0.000000  0.000014 -0.000416 -0.000000  0.000014
 Ti      0.001176  0.000000  0.000024  0.001176  0.000000  0.000024  0.001176  0.000000  0.000024
        -0.000072 -0.000000  0.000030 -0.000072 -0.000000  0.000030 -0.000072 -0.000000  0.000030
 O1      0.001410  0.000000  0.000022  0.001063  0.000000  0.000015  0.001063  0.000000  0.000015
         0.000000  0.000000  0.000000  0.000000  0.000000  0.000000  0.000370  0.000000  0.000016
 O2      0.000840  0.000000  0.000021  0.000840  0.000000  0.000021  0.000840  0.000000  0.000021
         0.000000  0.000000  0.000000  0.000000  0.000000  0.000000  0.000000  0.000000  0.000000

 ==> SCALE, EXTINCTION, CELL PARAMETERS FOR PATTERN#  1

 => Scale factors ( 1: 6): 
             0.375153        0.000006        0.002477
             0.000000        0.000000        0.000000
             0.000000        0.000000        0.000000
             0.000000        0.000000        0.000000
             0.000000        0.000000        0.000000
             0.000000        0.000000        0.000000


 => Extinction Parameters: 
             0.183336        0.000021        0.005509
             0.000000        0.000000        0.000000
             0.000000        0.000000        0.000000
             0.000000        0.000000        0.000000
             0.000000        0.000000        0.000000
             0.000000        0.000000        0.000000
             0.000000        0.000000        0.000000


 => Lambda/2 param: 
              0.000000        0.000000        0.000000

 => Global user-weigthed Chi2 (Bragg contrib.):   1.43    

 => ---------> Pattern#  1
 => Phase:  1
 =>    RF2 -factor :   2.72    
 =>    RF2w-factor :   3.01    
 =>    RF  -factor :   2.81    
 =>    Chi2(Intens):   1.43    
 =>  N_eff Reflect.:    220 with I >  0.00 sigma
 ++++++++++++++++++++++++++++++++++++++++++++++++++++++++++++++++++++++++++++++++++++++++++++++++++++++++++++++++++++++++++++++++++++

 => CYCLE No.:   48
 ------------------------------------------------------------------------------------------------------------------------------------
 => Phase  1 Name: Tb2Ti2O7
 ------------------------------------------------------------------------------------------------------------------------------------
 => New parameters, shifts, and standard deviations

 Atom        x       dx      sx       y       dy      sy       z       dz      sz       B       dB      sB      occ.    docc.   socc.

 Tb       0.50000 0.00000 0.00000  0.50000 0.00000 0.00000  0.50000 0.00000 0.00000  0.00000 0.00000 0.00000  0.33333 0.00000 0.00000
 Ti       0.00000 0.00000 0.00000  0.00000 0.00000 0.00000  0.00000 0.00000 0.00000  0.00000 0.00000 0.00000  0.33333 0.00000 0.00000
 O1       0.32804 0.00000 0.00000  0.12500 0.00000 0.00000  0.12500 0.00000 0.00000  0.00000 0.00000 0.00000  1.00000 0.00000 0.00000
 O2       0.37500 0.00000 0.00000  0.37500 0.00000 0.00000  0.37500 0.00000 0.00000  0.00000 0.00000 0.00000  0.16667 0.00000 0.00000

 Atom         B11      DB11      SB11       B22      DB22      SB22       B33      DB33      SB33
              B12      DB12      SB12       B13      DB13      SB13       B23      DB23      SB23
 Tb      0.001343  0.000000  0.000016  0.001343  0.000000  0.000016  0.001343  0.000000  0.000016
        -0.000416 -0.000000  0.000014 -0.000416 -0.000000  0.000014 -0.000416 -0.000000  0.000014
 Ti      0.001176  0.000000  0.000024  0.001176  0.000000  0.000024  0.001176  0.000000  0.000024
        -0.000072 -0.000000  0.000030 -0.000072 -0.000000  0.000030 -0.000072 -0.000000  0.000030
 O1      0.001410  0.000000  0.000022  0.001064  0.000000  0.000015  0.001064  0.000000  0.000015
         0.000000  0.000000  0.000000  0.000000  0.000000  0.000000  0.000370  0.000000  0.000016
 O2      0.000840  0.000000  0.000021  0.000840  0.000000  0.000021  0.000840  0.000000  0.000021
         0.000000  0.000000  0.000000  0.000000  0.000000  0.000000  0.000000  0.000000  0.000000

 ==> SCALE, EXTINCTION, CELL PARAMETERS FOR PATTERN#  1

 => Scale factors ( 1: 6): 
             0.375159        0.000006        0.002476
             0.000000        0.000000        0.000000
             0.000000        0.000000        0.000000
             0.000000        0.000000        0.000000
             0.000000        0.000000        0.000000
             0.000000        0.000000        0.000000


 => Extinction Parameters: 
             0.183356        0.000020        0.005508
             0.000000        0.000000        0.000000
             0.000000        0.000000        0.000000
             0.000000        0.000000        0.000000
             0.000000        0.000000        0.000000
             0.000000        0.000000        0.000000
             0.000000        0.000000        0.000000


 => Lambda/2 param: 
              0.000000        0.000000        0.000000

 => Global user-weigthed Chi2 (Bragg contrib.):   1.43    

 => ---------> Pattern#  1
 => Phase:  1
 =>    RF2 -factor :   2.72    
 =>    RF2w-factor :   3.01    
 =>    RF  -factor :   2.81    
 =>    Chi2(Intens):   1.43    
 =>  N_eff Reflect.:    220 with I >  0.00 sigma
 ++++++++++++++++++++++++++++++++++++++++++++++++++++++++++++++++++++++++++++++++++++++++++++++++++++++++++++++++++++++++++++++++++++

 => CYCLE No.:   49
 ------------------------------------------------------------------------------------------------------------------------------------
 => Phase  1 Name: Tb2Ti2O7
 ------------------------------------------------------------------------------------------------------------------------------------
 => New parameters, shifts, and standard deviations

 Atom        x       dx      sx       y       dy      sy       z       dz      sz       B       dB      sB      occ.    docc.   socc.

 Tb       0.50000 0.00000 0.00000  0.50000 0.00000 0.00000  0.50000 0.00000 0.00000  0.00000 0.00000 0.00000  0.33333 0.00000 0.00000
 Ti       0.00000 0.00000 0.00000  0.00000 0.00000 0.00000  0.00000 0.00000 0.00000  0.00000 0.00000 0.00000  0.33333 0.00000 0.00000
 O1       0.32804 0.00000 0.00000  0.12500 0.00000 0.00000  0.12500 0.00000 0.00000  0.00000 0.00000 0.00000  1.00000 0.00000 0.00000
 O2       0.37500 0.00000 0.00000  0.37500 0.00000 0.00000  0.37500 0.00000 0.00000  0.00000 0.00000 0.00000  0.16667 0.00000 0.00000

 Atom         B11      DB11      SB11       B22      DB22      SB22       B33      DB33      SB33
              B12      DB12      SB12       B13      DB13      SB13       B23      DB23      SB23
 Tb      0.001343  0.000000  0.000016  0.001343  0.000000  0.000016  0.001343  0.000000  0.000016
        -0.000417 -0.000000  0.000014 -0.000417 -0.000000  0.000014 -0.000417 -0.000000  0.000014
 Ti      0.001176  0.000000  0.000024  0.001176  0.000000  0.000024  0.001176  0.000000  0.000024
        -0.000072 -0.000000  0.000030 -0.000072 -0.000000  0.000030 -0.000072 -0.000000  0.000030
 O1      0.001410  0.000000  0.000022  0.001064  0.000000  0.000015  0.001064  0.000000  0.000015
         0.000000  0.000000  0.000000  0.000000  0.000000  0.000000  0.000370  0.000000  0.000016
 O2      0.000840  0.000000  0.000021  0.000840  0.000000  0.000021  0.000840  0.000000  0.000021
         0.000000  0.000000  0.000000  0.000000  0.000000  0.000000  0.000000  0.000000  0.000000

 ==> SCALE, EXTINCTION, CELL PARAMETERS FOR PATTERN#  1

 => Scale factors ( 1: 6): 
             0.375165        0.000006        0.002476
             0.000000        0.000000        0.000000
             0.000000        0.000000        0.000000
             0.000000        0.000000        0.000000
             0.000000        0.000000        0.000000
             0.000000        0.000000        0.000000


 => Extinction Parameters: 
             0.183376        0.000019        0.005508
             0.000000        0.000000        0.000000
             0.000000        0.000000        0.000000
             0.000000        0.000000        0.000000
             0.000000        0.000000        0.000000
             0.000000        0.000000        0.000000
             0.000000        0.000000        0.000000


 => Lambda/2 param: 
              0.000000        0.000000        0.000000

 => Global user-weigthed Chi2 (Bragg contrib.):   1.43    

 => ---------> Pattern#  1
 => Phase:  1
 =>    RF2 -factor :   2.72    
 =>    RF2w-factor :   3.01    
 =>    RF  -factor :   2.81    
 =>    Chi2(Intens):   1.43    
 =>  N_eff Reflect.:    220 with I >  0.00 sigma
 ++++++++++++++++++++++++++++++++++++++++++++++++++++++++++++++++++++++++++++++++++++++++++++++++++++++++++++++++++++++++++++++++++++

 => CYCLE No.:   50
 ------------------------------------------------------------------------------------------------------------------------------------
 => Phase  1 Name: Tb2Ti2O7
 ------------------------------------------------------------------------------------------------------------------------------------
 => New parameters, shifts, and standard deviations

 Atom        x       dx      sx       y       dy      sy       z       dz      sz       B       dB      sB      occ.    docc.   socc.

 Tb       0.50000 0.00000 0.00000  0.50000 0.00000 0.00000  0.50000 0.00000 0.00000  0.00000 0.00000 0.00000  0.33333 0.00000 0.00000
 Ti       0.00000 0.00000 0.00000  0.00000 0.00000 0.00000  0.00000 0.00000 0.00000  0.00000 0.00000 0.00000  0.33333 0.00000 0.00000
 O1       0.32804 0.00000 0.00000  0.12500 0.00000 0.00000  0.12500 0.00000 0.00000  0.00000 0.00000 0.00000  1.00000 0.00000 0.00000
 O2       0.37500 0.00000 0.00000  0.37500 0.00000 0.00000  0.37500 0.00000 0.00000  0.00000 0.00000 0.00000  0.16667 0.00000 0.00000

 Atom         B11      DB11      SB11       B22      DB22      SB22       B33      DB33      SB33
              B12      DB12      SB12       B13      DB13      SB13       B23      DB23      SB23
 Tb      0.001343  0.000000  0.000016  0.001343  0.000000  0.000016  0.001343  0.000000  0.000016
        -0.000417 -0.000000  0.000014 -0.000417 -0.000000  0.000014 -0.000417 -0.000000  0.000014

    U-Eigen Value (A**2) ----      Eigen vector(Orth. syst.)
        0.00264          ----    0.57735    0.57735    0.57735
        0.00915          ----    0.70711   -0.70711    0.00000
        0.00915          ----    0.40825    0.40825   -0.81650

    Isotropic temperature factor Uequiv(A**2):   0.0070
    Isotropic temperature factor Bequiv(A**2):   0.5513

     R.M.S. in ANGSTROMS ------       Angles with A, B, C
        0.05143          ----     54.736     54.736     54.736
        0.09566          ----     45.000    135.000     90.000
        0.09566          ----     65.905     65.905    144.736
 
 Ti      0.001176  0.000000  0.000024  0.001176  0.000000  0.000024  0.001176  0.000000  0.000024
        -0.000072 -0.000000  0.000030 -0.000072 -0.000000  0.000030 -0.000072 -0.000000  0.000030

    U-Eigen Value (A**2) ----      Eigen vector(Orth. syst.)
        0.00536          ----    0.57735    0.57735    0.57735
        0.00649          ----    0.70711   -0.70711    0.00000
        0.00649          ----    0.40825    0.40825   -0.81650

    Isotropic temperature factor Uequiv(A**2):   0.0061
    Isotropic temperature factor Bequiv(A**2):   0.4827

     R.M.S. in ANGSTROMS ------       Angles with A, B, C
        0.07321          ----     54.736     54.736     54.736
        0.08056          ----     45.000    135.000     90.000
        0.08056          ----     65.905     65.905    144.736
 
 O1      0.001410  0.000000  0.000022  0.001064  0.000000  0.000015  0.001064  0.000000  0.000015
         0.000000  0.000000  0.000000  0.000000  0.000000  0.000000  0.000370  0.000000  0.000016

    U-Eigen Value (A**2) ----      Eigen vector(Orth. syst.)
        0.00733          ----    1.00000    0.00000    0.00000
        0.00745          ----    0.00000    0.70711    0.70711
        0.00360          ----    0.00000    0.70711   -0.70711

    Isotropic temperature factor Uequiv(A**2):   0.0061
    Isotropic temperature factor Bequiv(A**2):   0.4840

     R.M.S. in ANGSTROMS ------       Angles with A, B, C
        0.08561          ----      0.000     90.000     90.000
        0.08634          ----     90.000     45.000     45.000
        0.06004          ----     90.000     45.000    135.000
 
 O2      0.000840  0.000000  0.000021  0.000840  0.000000  0.000021  0.000840  0.000000  0.000021
         0.000000  0.000000  0.000000  0.000000  0.000000  0.000000  0.000000  0.000000  0.000000

    U-Eigen Value (A**2) ----      Eigen vector(Orth. syst.)
        0.00437          ----    0.70711    0.70711    0.00000
        0.00437          ----    0.70711   -0.70711    0.00000
        0.00437          ----    0.00000    0.00000    1.00000

    Isotropic temperature factor Uequiv(A**2):   0.0044
    Isotropic temperature factor Bequiv(A**2):   0.3449

     R.M.S. in ANGSTROMS ------       Angles with A, B, C
        0.06609          ----     45.000     45.000     90.000
        0.06609          ----     45.000    135.000     90.000
        0.06609          ----     90.000     90.000      0.000
 

 ==> SCALE, EXTINCTION, CELL PARAMETERS FOR PATTERN#  1

 => Scale factors ( 1: 6): 
             0.375170        0.000005        0.002476
             0.000000        0.000000        0.000000
             0.000000        0.000000        0.000000
             0.000000        0.000000        0.000000
             0.000000        0.000000        0.000000
             0.000000        0.000000        0.000000


 => Extinction Parameters: 
             0.183394        0.000019        0.005507
             0.000000        0.000000        0.000000
             0.000000        0.000000        0.000000
             0.000000        0.000000        0.000000
             0.000000        0.000000        0.000000
             0.000000        0.000000        0.000000
             0.000000        0.000000        0.000000


 => Lambda/2 param: 
              0.000000        0.000000        0.000000

 => Global user-weigthed Chi2 (Bragg contrib.):   1.43    

 => ---------> Pattern#  1
 => Phase:  1
 =>    RF2 -factor :   2.72    
 =>    RF2w-factor :   3.01    
 =>    RF  -factor :   2.81    
 =>    Chi2(Intens):   1.43    
 =>  N_eff Reflect.:    220 with I >  0.00 sigma

 --------------------------------------------------------------------------------------------------------------------------------------------------------
 Pattern#  1 Phase No.:   1 Phase name: Tb2Ti2O7
 --------------------------------------------------------------------------------------------------------------------------------------------------------
 => F2cal= scale*Corr*F2
   h   k   l ivk   cod      F2obs         F2cal      F2cal(mag)     Dif/sig   Extinction(y)      Sinthet/lamb  Lambda/2-Contr    RMsFx       IMsFx       RMsFy       IMsFy       RMsFz       IMsFz         RMiVx       IMiVx       RMiVy       IMiVy       RMiVz       IMiVz
   1   1   1   0     1     194.5677     193.1835        0.0000        0.5953     0.84099            0.08549       0.00000       0.00000     0.00000     0.00000     0.00000     0.00000     0.00000       0.00000     0.00000     0.00000     0.00000     0.00000     0.00000
   2   2   0   0     1      22.6319      13.3240        0.0000        8.2862     0.99265            0.13961       0.00000       0.00000     0.00000     0.00000     0.00000     0.00000     0.00000       0.00000     0.00000     0.00000     0.00000     0.00000     0.00000
   3   1   1   0     1      99.2917      96.2375        0.0000        1.1921     0.95548            0.16370       0.00000       0.00000     0.00000     0.00000     0.00000     0.00000     0.00000       0.00000     0.00000     0.00000     0.00000     0.00000     0.00000
   2   2   2   0     1     219.2877     206.7655        0.0000        3.8504     0.91060            0.17098       0.00000       0.00000     0.00000     0.00000     0.00000     0.00000     0.00000       0.00000     0.00000     0.00000     0.00000     0.00000     0.00000
   4   0   0   0     1    1366.7377    1424.5616        0.0000       -1.8607     0.58542            0.19743       0.00000       0.00000     0.00000     0.00000     0.00000     0.00000     0.00000       0.00000     0.00000     0.00000     0.00000     0.00000     0.00000
   3   3   1   0     1    1381.2404    1424.8604        0.0000       -1.7864     0.60902            0.21515       0.00000       0.00000     0.00000     0.00000     0.00000     0.00000     0.00000       0.00000     0.00000     0.00000     0.00000     0.00000     0.00000
   4   2   2   0     1     272.4665     270.1144        0.0000        0.5554     0.91636            0.24181       0.00000       0.00000     0.00000     0.00000     0.00000     0.00000     0.00000       0.00000     0.00000     0.00000     0.00000     0.00000     0.00000
   5   1   1   0     1     991.5085    1004.6538        0.0000       -0.6846     0.73876            0.25647       0.00000       0.00000     0.00000     0.00000     0.00000     0.00000     0.00000       0.00000     0.00000     0.00000     0.00000     0.00000     0.00000
   3   3   3   0     1     504.5874     499.0377        0.0000        0.7649     0.85888            0.25647       0.00000       0.00000     0.00000     0.00000     0.00000     0.00000     0.00000       0.00000     0.00000     0.00000     0.00000     0.00000     0.00000
   4   4   0   0     1    2167.6858    2271.1287        0.0000       -2.7250     0.54683            0.27921       0.00000       0.00000     0.00000     0.00000     0.00000     0.00000     0.00000       0.00000     0.00000     0.00000     0.00000     0.00000     0.00000
   5   3   1   0     1     369.5253     371.5730        0.0000       -0.3311     0.90453            0.29201       0.00000       0.00000     0.00000     0.00000     0.00000     0.00000     0.00000       0.00000     0.00000     0.00000     0.00000     0.00000     0.00000
   4   4   2   0     1       6.2608       0.0598        0.0000        2.1432     0.99998            0.29615       0.00000       0.00000     0.00000     0.00000     0.00000     0.00000     0.00000       0.00000     0.00000     0.00000     0.00000     0.00000     0.00000
   6   2   0   0     1     339.3607     339.3285        0.0000        0.0062     0.91750            0.31217       0.00000       0.00000     0.00000     0.00000     0.00000     0.00000     0.00000       0.00000     0.00000     0.00000     0.00000     0.00000     0.00000
   5   3   3   0     1      20.2404      17.7224        0.0000        1.0363     0.99566            0.32366       0.00000       0.00000     0.00000     0.00000     0.00000     0.00000     0.00000       0.00000     0.00000     0.00000     0.00000     0.00000     0.00000
   6   2   2   0     1     214.3519     206.9483        0.0000        1.8316     0.95097            0.32741       0.00000       0.00000     0.00000     0.00000     0.00000     0.00000     0.00000       0.00000     0.00000     0.00000     0.00000     0.00000     0.00000
   4   4   4   0     1     375.6302     404.5540        0.0000       -4.4847     0.91000            0.34196       0.00000       0.00000     0.00000     0.00000     0.00000     0.00000     0.00000       0.00000     0.00000     0.00000     0.00000     0.00000     0.00000
   7   1   1   0     1     838.4976     841.0266        0.0000       -0.2389     0.82711            0.35249       0.00000       0.00000     0.00000     0.00000     0.00000     0.00000     0.00000       0.00000     0.00000     0.00000     0.00000     0.00000     0.00000
   5   5   1   0     1      55.1172      49.6746        0.0000        0.9380     0.98878            0.35249       0.00000       0.00000     0.00000     0.00000     0.00000     0.00000     0.00000       0.00000     0.00000     0.00000     0.00000     0.00000     0.00000
   6   4   2   0     1      33.0758      26.1306        0.0000        4.0146     0.99433            0.36936       0.00000       0.00000     0.00000     0.00000     0.00000     0.00000     0.00000       0.00000     0.00000     0.00000     0.00000     0.00000     0.00000
   5   5   3   0     1     764.9341     769.0271        0.0000       -0.4227     0.84984            0.37913       0.00000       0.00000     0.00000     0.00000     0.00000     0.00000     0.00000       0.00000     0.00000     0.00000     0.00000     0.00000     0.00000
   7   3   1   0     1      73.8851      73.8449        0.0000        0.0071     0.98443            0.37913       0.00000       0.00000     0.00000     0.00000     0.00000     0.00000     0.00000       0.00000     0.00000     0.00000     0.00000     0.00000     0.00000
   8   0   0   0     1    1910.4371    1892.3477        0.0000        0.5043     0.68479            0.39487       0.00000       0.00000     0.00000     0.00000     0.00000     0.00000     0.00000       0.00000     0.00000     0.00000     0.00000     0.00000     0.00000
   7   3   3   0     1    2395.7312    2451.8625        0.0000       -1.1305     0.62232            0.40402       0.00000       0.00000     0.00000     0.00000     0.00000     0.00000     0.00000       0.00000     0.00000     0.00000     0.00000     0.00000     0.00000
   6   4   4   0     1       9.8576       0.6128        0.0000        3.0680     0.99988            0.40702       0.00000       0.00000     0.00000     0.00000     0.00000     0.00000     0.00000       0.00000     0.00000     0.00000     0.00000     0.00000     0.00000
   8   2   2   0     1    1207.8987    1204.7042        0.0000        0.2076     0.79276            0.41882       0.00000       0.00000     0.00000     0.00000     0.00000     0.00000     0.00000       0.00000     0.00000     0.00000     0.00000     0.00000     0.00000
   6   6   0   0     1    1217.1985    1221.3124        0.0000       -0.2934     0.79027            0.41882       0.00000       0.00000     0.00000     0.00000     0.00000     0.00000     0.00000       0.00000     0.00000     0.00000     0.00000     0.00000     0.00000
   7   5   1   0     1     324.4044     327.2475        0.0000       -0.4096     0.93942            0.42746       0.00000       0.00000     0.00000     0.00000     0.00000     0.00000     0.00000       0.00000     0.00000     0.00000     0.00000     0.00000     0.00000
   5   5   5   0     1    2023.2412    2043.9268        0.0000       -1.0840     0.68301            0.42746       0.00000       0.00000     0.00000     0.00000     0.00000     0.00000     0.00000       0.00000     0.00000     0.00000     0.00000     0.00000     0.00000
   6   6   2   0     1     172.7699     167.2677        0.0000        1.0945     0.96873            0.43030       0.00000       0.00000     0.00000     0.00000     0.00000     0.00000     0.00000       0.00000     0.00000     0.00000     0.00000     0.00000     0.00000
   8   4   0   0     1     119.7360     122.7704        0.0000       -0.7233     0.97745            0.44147       0.00000       0.00000     0.00000     0.00000     0.00000     0.00000     0.00000       0.00000     0.00000     0.00000     0.00000     0.00000     0.00000
   7   5   3   0     1    1082.9794    1084.2767        0.0000       -0.0877     0.82115            0.44968       0.00000       0.00000     0.00000     0.00000     0.00000     0.00000     0.00000       0.00000     0.00000     0.00000     0.00000     0.00000     0.00000
   9   1   1   0     1     123.3764     123.8973        0.0000       -0.0527     0.97759            0.44968       0.00000       0.00000     0.00000     0.00000     0.00000     0.00000     0.00000       0.00000     0.00000     0.00000     0.00000     0.00000     0.00000
   6   6   4   0     1     656.7704     659.8114        0.0000       -0.2830     0.88918            0.46302       0.00000       0.00000     0.00000     0.00000     0.00000     0.00000     0.00000       0.00000     0.00000     0.00000     0.00000     0.00000     0.00000
   9   3   1   0     1     130.3383     128.2604        0.0000        0.4353     0.97769            0.47085       0.00000       0.00000     0.00000     0.00000     0.00000     0.00000     0.00000       0.00000     0.00000     0.00000     0.00000     0.00000     0.00000
   8   4   4   0     1     570.3704     575.1019        0.0000       -0.6202     0.90594            0.48361       0.00000       0.00000     0.00000     0.00000     0.00000     0.00000     0.00000       0.00000     0.00000     0.00000     0.00000     0.00000     0.00000
   9   3   3   0     1    1398.5513    1389.6907        0.0000        0.4868     0.79141            0.49111       0.00000       0.00000     0.00000     0.00000     0.00000     0.00000     0.00000       0.00000     0.00000     0.00000     0.00000     0.00000     0.00000
   7   7   1   0     1    1685.6763    1675.0851        0.0000        0.7073     0.75514            0.49111       0.00000       0.00000     0.00000     0.00000     0.00000     0.00000     0.00000       0.00000     0.00000     0.00000     0.00000     0.00000     0.00000
   7   5   5   0     1     107.9908     105.1426        0.0000        0.2279     0.98230            0.49111       0.00000       0.00000     0.00000     0.00000     0.00000     0.00000     0.00000       0.00000     0.00000     0.00000     0.00000     0.00000     0.00000
  10   2   0   0     1     914.1141     924.2434        0.0000       -1.0431     0.85789            0.50336       0.00000       0.00000     0.00000     0.00000     0.00000     0.00000     0.00000       0.00000     0.00000     0.00000     0.00000     0.00000     0.00000
   8   6   2   0     1     258.0833     257.6815        0.0000        0.0435     0.95802            0.50336       0.00000       0.00000     0.00000     0.00000     0.00000     0.00000     0.00000       0.00000     0.00000     0.00000     0.00000     0.00000     0.00000
   7   7   3   0     1     588.8738     610.0581        0.0000       -2.0069     0.90461            0.51057       0.00000       0.00000     0.00000     0.00000     0.00000     0.00000     0.00000       0.00000     0.00000     0.00000     0.00000     0.00000     0.00000
   9   5   1   0     1    1016.6021    1028.9272        0.0000       -0.8136     0.84488            0.51057       0.00000       0.00000     0.00000     0.00000     0.00000     0.00000     0.00000       0.00000     0.00000     0.00000     0.00000     0.00000     0.00000
   6   6   6   0     1     215.3041     210.4268        0.0000        0.8340     0.96609            0.51295       0.00000       0.00000     0.00000     0.00000     0.00000     0.00000     0.00000       0.00000     0.00000     0.00000     0.00000     0.00000     0.00000
  10   2   2   0     1     165.5683     160.0070        0.0000        0.8261     0.97411            0.51295       0.00000       0.00000     0.00000     0.00000     0.00000     0.00000     0.00000       0.00000     0.00000     0.00000     0.00000     0.00000     0.00000
   9   5   3   0     1     263.2697     259.8538        0.0000        0.5530     0.95930            0.52931       0.00000       0.00000     0.00000     0.00000     0.00000     0.00000     0.00000       0.00000     0.00000     0.00000     0.00000     0.00000     0.00000
  10   4   2   0     1     399.1649     399.1795        0.0000       -0.0020     0.93917            0.54069       0.00000       0.00000     0.00000     0.00000     0.00000     0.00000     0.00000       0.00000     0.00000     0.00000     0.00000     0.00000     0.00000
  11   1   1   0     1     406.6985     410.3214        0.0000       -0.4680     0.93811            0.54741       0.00000       0.00000     0.00000     0.00000     0.00000     0.00000     0.00000       0.00000     0.00000     0.00000     0.00000     0.00000     0.00000
   7   7   5   0     1       9.0443       0.0517        0.0000        1.5710     0.99999            0.54741       0.00000       0.00000     0.00000     0.00000     0.00000     0.00000     0.00000       0.00000     0.00000     0.00000     0.00000     0.00000     0.00000
   8   8   0   0     1     232.3389     226.4740        0.0000        0.9561     0.96585            0.55843       0.00000       0.00000     0.00000     0.00000     0.00000     0.00000     0.00000       0.00000     0.00000     0.00000     0.00000     0.00000     0.00000
  11   3   1   0     1     815.0747     822.8529        0.0000       -0.6617     0.88262            0.56493       0.00000       0.00000     0.00000     0.00000     0.00000     0.00000     0.00000       0.00000     0.00000     0.00000     0.00000     0.00000     0.00000
   9   7   1   0     1     645.9863     653.9655        0.0000       -0.7755     0.90544            0.56493       0.00000       0.00000     0.00000     0.00000     0.00000     0.00000     0.00000       0.00000     0.00000     0.00000     0.00000     0.00000     0.00000
   9   5   5   0     1     105.5177     104.2207        0.0000        0.1382     0.98427            0.56493       0.00000       0.00000     0.00000     0.00000     0.00000     0.00000     0.00000       0.00000     0.00000     0.00000     0.00000     0.00000     0.00000
  10   6   0   0     1    2129.5383    2098.0254        0.0000        0.9830     0.73359            0.57561       0.00000       0.00000     0.00000     0.00000     0.00000     0.00000     0.00000       0.00000     0.00000     0.00000     0.00000     0.00000     0.00000
   9   7   3   0     1      24.8305      21.2664        0.0000        0.9065     0.99684            0.58193       0.00000       0.00000     0.00000     0.00000     0.00000     0.00000     0.00000       0.00000     0.00000     0.00000     0.00000     0.00000     0.00000
  11   3   3   0     1     111.9623     111.0517        0.0000        0.2286     0.98361            0.58193       0.00000       0.00000     0.00000     0.00000     0.00000     0.00000     0.00000       0.00000     0.00000     0.00000     0.00000     0.00000     0.00000
  10   6   2   0     1     178.0339     174.2266        0.0000        0.6075     0.97447            0.58402       0.00000       0.00000     0.00000     0.00000     0.00000     0.00000     0.00000       0.00000     0.00000     0.00000     0.00000     0.00000     0.00000
  12   0   0   0     1     355.9608     362.0021        0.0000       -0.7786     0.94822            0.59230       0.00000       0.00000     0.00000     0.00000     0.00000     0.00000     0.00000       0.00000     0.00000     0.00000     0.00000     0.00000     0.00000
   8   8   4   0     1     451.1190     459.0701        0.0000       -0.8599     0.93481            0.59230       0.00000       0.00000     0.00000     0.00000     0.00000     0.00000     0.00000       0.00000     0.00000     0.00000     0.00000     0.00000     0.00000
   7   7   7   0     1    2409.2754    2394.8760        0.0000        0.4629     0.70991            0.59844       0.00000       0.00000     0.00000     0.00000     0.00000     0.00000     0.00000       0.00000     0.00000     0.00000     0.00000     0.00000     0.00000
  11   5   1   0     1      36.9390      33.1454        0.0000        0.2577     0.99518            0.59844       0.00000       0.00000     0.00000     0.00000     0.00000     0.00000     0.00000       0.00000     0.00000     0.00000     0.00000     0.00000     0.00000
  12   2   2   0     1    1267.5220    1267.6654        0.0000       -0.0076     0.83380            0.60853       0.00000       0.00000     0.00000     0.00000     0.00000     0.00000     0.00000       0.00000     0.00000     0.00000     0.00000     0.00000     0.00000
  10   6   4   0     1    1228.7996    1234.8069        0.0000       -0.3169     0.83770            0.60853       0.00000       0.00000     0.00000     0.00000     0.00000     0.00000     0.00000       0.00000     0.00000     0.00000     0.00000     0.00000     0.00000
   9   7   5   0     1     329.1074     334.9490        0.0000       -0.7700     0.95318            0.61451       0.00000       0.00000     0.00000     0.00000     0.00000     0.00000     0.00000       0.00000     0.00000     0.00000     0.00000     0.00000     0.00000
  11   5   3   0     1     224.7773     223.4616        0.0000        0.1917     0.96851            0.61451       0.00000       0.00000     0.00000     0.00000     0.00000     0.00000     0.00000       0.00000     0.00000     0.00000     0.00000     0.00000     0.00000
  12   4   0   0     1     883.0682     890.4128        0.0000       -0.4387     0.88179            0.62434       0.00000       0.00000     0.00000     0.00000     0.00000     0.00000     0.00000       0.00000     0.00000     0.00000     0.00000     0.00000     0.00000
   9   9   1   0     1      60.6822      56.8265        0.0000        1.2838     0.99203            0.63017       0.00000       0.00000     0.00000     0.00000     0.00000     0.00000     0.00000       0.00000     0.00000     0.00000     0.00000     0.00000     0.00000
   8   8   6   0     1      12.8220       1.5199        0.0000        2.4124     0.99979            0.63210       0.00000       0.00000     0.00000     0.00000     0.00000     0.00000     0.00000       0.00000     0.00000     0.00000     0.00000     0.00000     0.00000
  12   4   2   0     1       5.0893       0.9251        0.0000        0.8582     0.99987            0.63210       0.00000       0.00000     0.00000     0.00000     0.00000     0.00000     0.00000       0.00000     0.00000     0.00000     0.00000     0.00000     0.00000
  10   8   2   0     1      15.7286       2.1940        0.0000        2.8411     0.99969            0.63976       0.00000       0.00000     0.00000     0.00000     0.00000     0.00000     0.00000       0.00000     0.00000     0.00000     0.00000     0.00000     0.00000
  11   5   5   0     1    1284.8992    1282.2179        0.0000        0.1498     0.83797            0.64544       0.00000       0.00000     0.00000     0.00000     0.00000     0.00000     0.00000       0.00000     0.00000     0.00000     0.00000     0.00000     0.00000
  13   1   1   0     1      91.8083      84.1469        0.0000        0.6871     0.98841            0.64544       0.00000       0.00000     0.00000     0.00000     0.00000     0.00000     0.00000       0.00000     0.00000     0.00000     0.00000     0.00000     0.00000
   9   9   3   0     1     114.6400     112.1825        0.0000        0.2196     0.98457            0.64544       0.00000       0.00000     0.00000     0.00000     0.00000     0.00000     0.00000       0.00000     0.00000     0.00000     0.00000     0.00000     0.00000
  11   7   1   0     1      11.3935       5.0623        0.0000        0.5164     0.99930            0.64544       0.00000       0.00000     0.00000     0.00000     0.00000     0.00000     0.00000       0.00000     0.00000     0.00000     0.00000     0.00000     0.00000
  10   6   6   0     1     107.1723     104.5565        0.0000        0.5072     0.98564            0.64733       0.00000       0.00000     0.00000     0.00000     0.00000     0.00000     0.00000       0.00000     0.00000     0.00000     0.00000     0.00000     0.00000
  12   4   4   0     1      25.8850      18.9136        0.0000        1.7059     0.99741            0.65481       0.00000       0.00000     0.00000     0.00000     0.00000     0.00000     0.00000       0.00000     0.00000     0.00000     0.00000     0.00000     0.00000
   9   7   7   0     1    1452.1660    1435.5057        0.0000        0.7630     0.82297            0.66037       0.00000       0.00000     0.00000     0.00000     0.00000     0.00000     0.00000       0.00000     0.00000     0.00000     0.00000     0.00000     0.00000
  13   3   1   0     1    1245.0792    1234.6227        0.0000        0.7084     0.84548            0.66037       0.00000       0.00000     0.00000     0.00000     0.00000     0.00000     0.00000       0.00000     0.00000     0.00000     0.00000     0.00000     0.00000
  11   7   3   0     1    1511.8230    1506.5062        0.0000        0.2064     0.81518            0.66037       0.00000       0.00000     0.00000     0.00000     0.00000     0.00000     0.00000       0.00000     0.00000     0.00000     0.00000     0.00000     0.00000
  10   8   4   0     1       3.7100       3.7327        0.0000       -0.0043     0.99949            0.66221       0.00000       0.00000     0.00000     0.00000     0.00000     0.00000     0.00000       0.00000     0.00000     0.00000     0.00000     0.00000     0.00000
  12   6   2   0     1     329.0760     336.4745        0.0000       -0.9298     0.95547            0.66953       0.00000       0.00000     0.00000     0.00000     0.00000     0.00000     0.00000       0.00000     0.00000     0.00000     0.00000     0.00000     0.00000
  13   3   3   0     1     285.8376     286.9489        0.0000       -0.1387     0.96207            0.67497       0.00000       0.00000     0.00000     0.00000     0.00000     0.00000     0.00000       0.00000     0.00000     0.00000     0.00000     0.00000     0.00000
   9   9   5   0     1     992.9638     994.4514        0.0000       -0.0801     0.87491            0.67497       0.00000       0.00000     0.00000     0.00000     0.00000     0.00000     0.00000       0.00000     0.00000     0.00000     0.00000     0.00000     0.00000
   8   8   8   0     1     288.2571     288.2868        0.0000       -0.0036     0.96219            0.68393       0.00000       0.00000     0.00000     0.00000     0.00000     0.00000     0.00000       0.00000     0.00000     0.00000     0.00000     0.00000     0.00000
  13   5   1   0     1     194.8370     197.8167        0.0000       -0.3653     0.97401            0.68925       0.00000       0.00000     0.00000     0.00000     0.00000     0.00000     0.00000       0.00000     0.00000     0.00000     0.00000     0.00000     0.00000
  11   7   5   0     1     414.2435     427.3727        0.0000       -0.7821     0.94472            0.68925       0.00000       0.00000     0.00000     0.00000     0.00000     0.00000     0.00000       0.00000     0.00000     0.00000     0.00000     0.00000     0.00000
  12   6   4   0     1       7.2439       0.9848        0.0000        1.0004     0.99987            0.69102       0.00000       0.00000     0.00000     0.00000     0.00000     0.00000     0.00000       0.00000     0.00000     0.00000     0.00000     0.00000     0.00000
  10  10   0   0     1    2714.7458    2657.8320        0.0000        1.4438     0.70860            0.69803       0.00000       0.00000     0.00000     0.00000     0.00000     0.00000     0.00000       0.00000     0.00000     0.00000     0.00000     0.00000     0.00000
  10   8   6   0     1     343.7899     343.6389        0.0000        0.0093     0.95561            0.69803       0.00000       0.00000     0.00000     0.00000     0.00000     0.00000     0.00000       0.00000     0.00000     0.00000     0.00000     0.00000     0.00000
  14   2   0   0     1     472.1022     481.8974        0.0000       -0.5991     0.93833            0.69803       0.00000       0.00000     0.00000     0.00000     0.00000     0.00000     0.00000       0.00000     0.00000     0.00000     0.00000     0.00000     0.00000
  13   5   3   0     1      22.6495      15.7741        0.0000        1.0771     0.99793            0.70325       0.00000       0.00000     0.00000     0.00000     0.00000     0.00000     0.00000       0.00000     0.00000     0.00000     0.00000     0.00000     0.00000
  11   9   1   0     1     467.5958     473.2307        0.0000       -0.4980     0.93964            0.70325       0.00000       0.00000     0.00000     0.00000     0.00000     0.00000     0.00000       0.00000     0.00000     0.00000     0.00000     0.00000     0.00000
  14   2   2   0     1     135.5432     136.4422        0.0000       -0.1580     0.98222            0.70498       0.00000       0.00000     0.00000     0.00000     0.00000     0.00000     0.00000       0.00000     0.00000     0.00000     0.00000     0.00000     0.00000
  10  10   2   0     1     111.2981     111.2034        0.0000        0.0188     0.98549            0.70498       0.00000       0.00000     0.00000     0.00000     0.00000     0.00000     0.00000       0.00000     0.00000     0.00000     0.00000     0.00000     0.00000
  12   8   0   0     1     143.5622     146.3306        0.0000       -0.4864     0.98105            0.71186       0.00000       0.00000     0.00000     0.00000     0.00000     0.00000     0.00000       0.00000     0.00000     0.00000     0.00000     0.00000     0.00000
  11   9   3   0     1     624.4188     626.2892        0.0000       -0.1503     0.92173            0.71697       0.00000       0.00000     0.00000     0.00000     0.00000     0.00000     0.00000       0.00000     0.00000     0.00000     0.00000     0.00000     0.00000
   9   9   7   0     1     533.1500     519.0366        0.0000        1.2577     0.93466            0.71697       0.00000       0.00000     0.00000     0.00000     0.00000     0.00000     0.00000       0.00000     0.00000     0.00000     0.00000     0.00000     0.00000
  12   8   2   0     1      10.4581       1.0567        0.0000        1.4032     0.99986            0.71867       0.00000       0.00000     0.00000     0.00000     0.00000     0.00000     0.00000       0.00000     0.00000     0.00000     0.00000     0.00000     0.00000
  10  10   4   0     1    2155.8782    2095.0640        0.0000        1.6073     0.76484            0.72542       0.00000       0.00000     0.00000     0.00000     0.00000     0.00000     0.00000       0.00000     0.00000     0.00000     0.00000     0.00000     0.00000
  12   6   6   0     1       7.6967       1.9488        0.0000        0.3243     0.99975            0.72542       0.00000       0.00000     0.00000     0.00000     0.00000     0.00000     0.00000       0.00000     0.00000     0.00000     0.00000     0.00000     0.00000
  14   4   2   0     1     105.0912     101.2684        0.0000        0.2193     0.98697            0.72542       0.00000       0.00000     0.00000     0.00000     0.00000     0.00000     0.00000       0.00000     0.00000     0.00000     0.00000     0.00000     0.00000
  13   5   5   0     1     587.6577     593.3042        0.0000       -0.4160     0.92636            0.73044       0.00000       0.00000     0.00000     0.00000     0.00000     0.00000     0.00000       0.00000     0.00000     0.00000     0.00000     0.00000     0.00000
  11   7   7   0     1     152.2555     151.5980        0.0000        0.0754     0.98063            0.73044       0.00000       0.00000     0.00000     0.00000     0.00000     0.00000     0.00000       0.00000     0.00000     0.00000     0.00000     0.00000     0.00000
  13   7   1   0     1      17.2751      16.0460        0.0000        0.1310     0.99793            0.73044       0.00000       0.00000     0.00000     0.00000     0.00000     0.00000     0.00000       0.00000     0.00000     0.00000     0.00000     0.00000     0.00000
  12   8   4   0     1       2.8080       0.6362        0.0000        0.3409     0.99992            0.73873       0.00000       0.00000     0.00000     0.00000     0.00000     0.00000     0.00000       0.00000     0.00000     0.00000     0.00000     0.00000     0.00000
  13   7   3   0     1    2101.8381    2039.4250        0.0000        1.9418     0.77255            0.74366       0.00000       0.00000     0.00000     0.00000     0.00000     0.00000     0.00000       0.00000     0.00000     0.00000     0.00000     0.00000     0.00000
  15   1   1   0     1      21.4748      15.3457        0.0000        0.3671     0.99804            0.74366       0.00000       0.00000     0.00000     0.00000     0.00000     0.00000     0.00000       0.00000     0.00000     0.00000     0.00000     0.00000     0.00000
  11   9   5   0     1      16.9701      16.2857        0.0000        0.0385     0.99792            0.74366       0.00000       0.00000     0.00000     0.00000     0.00000     0.00000     0.00000       0.00000     0.00000     0.00000     0.00000     0.00000     0.00000
  10   8   8   0     1       3.9106       0.0264        0.0000        0.5578     1.00000            0.74529       0.00000       0.00000     0.00000     0.00000     0.00000     0.00000     0.00000       0.00000     0.00000     0.00000     0.00000     0.00000     0.00000
  14   4   4   0     1       6.3243       3.3602        0.0000        0.4197     0.99957            0.74529       0.00000       0.00000     0.00000     0.00000     0.00000     0.00000     0.00000       0.00000     0.00000     0.00000     0.00000     0.00000     0.00000
  14   6   0   0     1    1277.8949    1257.9404        0.0000        1.2409     0.85259            0.75180       0.00000       0.00000     0.00000     0.00000     0.00000     0.00000     0.00000       0.00000     0.00000     0.00000     0.00000     0.00000     0.00000
  15   3   1   0     1     173.7919     180.5356        0.0000       -0.9844     0.97734            0.75665       0.00000       0.00000     0.00000     0.00000     0.00000     0.00000     0.00000       0.00000     0.00000     0.00000     0.00000     0.00000     0.00000
  10  10   6   0     1     148.4994     154.3935        0.0000       -1.0141     0.98061            0.75826       0.00000       0.00000     0.00000     0.00000     0.00000     0.00000     0.00000       0.00000     0.00000     0.00000     0.00000     0.00000     0.00000
  14   6   2   0     1      96.6851     100.2039        0.0000       -0.7360     0.98737            0.75826       0.00000       0.00000     0.00000     0.00000     0.00000     0.00000     0.00000       0.00000     0.00000     0.00000     0.00000     0.00000     0.00000
  13   7   5   0     1     743.1557     743.4451        0.0000       -0.0180     0.91067            0.76942       0.00000       0.00000     0.00000     0.00000     0.00000     0.00000     0.00000       0.00000     0.00000     0.00000     0.00000     0.00000     0.00000
  11  11   1   0     1     253.0292     258.9522        0.0000       -0.4200     0.96789            0.76942       0.00000       0.00000     0.00000     0.00000     0.00000     0.00000     0.00000       0.00000     0.00000     0.00000     0.00000     0.00000     0.00000
  15   3   3   0     1     801.3929     801.5948        0.0000       -0.0113     0.90405            0.76942       0.00000       0.00000     0.00000     0.00000     0.00000     0.00000     0.00000       0.00000     0.00000     0.00000     0.00000     0.00000     0.00000
   9   9   9   0     1       9.2930       0.6484        0.0000        0.7246     0.99992            0.76942       0.00000       0.00000     0.00000     0.00000     0.00000     0.00000     0.00000       0.00000     0.00000     0.00000     0.00000     0.00000     0.00000
  12   8   6   0     1       5.7886       5.6491        0.0000        0.0216     0.99929            0.77100       0.00000       0.00000     0.00000     0.00000     0.00000     0.00000     0.00000       0.00000     0.00000     0.00000     0.00000     0.00000     0.00000
  14   6   4   0     1     799.8103     793.6933        0.0000        0.6049     0.90531            0.77730       0.00000       0.00000     0.00000     0.00000     0.00000     0.00000     0.00000       0.00000     0.00000     0.00000     0.00000     0.00000     0.00000
  12  10   2   0     1      16.6109      13.7112        0.0000        0.4586     0.99828            0.77730       0.00000       0.00000     0.00000     0.00000     0.00000     0.00000     0.00000       0.00000     0.00000     0.00000     0.00000     0.00000     0.00000
  15   5   1   0     1    1196.2526    1180.7256        0.0000        0.7514     0.86298            0.78198       0.00000       0.00000     0.00000     0.00000     0.00000     0.00000     0.00000       0.00000     0.00000     0.00000     0.00000     0.00000     0.00000
  13   9   1   0     1      77.6526      70.8790        0.0000        0.5851     0.99116            0.78198       0.00000       0.00000     0.00000     0.00000     0.00000     0.00000     0.00000       0.00000     0.00000     0.00000     0.00000     0.00000     0.00000
  11  11   3   0     1       0.1226       0.0188        0.0000        0.0221     1.00000            0.78198       0.00000       0.00000     0.00000     0.00000     0.00000     0.00000     0.00000       0.00000     0.00000     0.00000     0.00000     0.00000     0.00000
  11   9   7   0     1      36.2448      30.4091        0.0000        1.5593     0.99620            0.78198       0.00000       0.00000     0.00000     0.00000     0.00000     0.00000     0.00000       0.00000     0.00000     0.00000     0.00000     0.00000     0.00000
  16   0   0   0     1    2281.3191    2250.7883        0.0000        0.6361     0.75779            0.78973       0.00000       0.00000     0.00000     0.00000     0.00000     0.00000     0.00000       0.00000     0.00000     0.00000     0.00000     0.00000     0.00000
  13   9   3   0     1    1012.6861    1003.6844        0.0000        0.4547     0.88277            0.79435       0.00000       0.00000     0.00000     0.00000     0.00000     0.00000     0.00000       0.00000     0.00000     0.00000     0.00000     0.00000     0.00000
  15   5   3   0     1      73.0685      68.4419        0.0000        0.3277     0.99151            0.79435       0.00000       0.00000     0.00000     0.00000     0.00000     0.00000     0.00000       0.00000     0.00000     0.00000     0.00000     0.00000     0.00000
  12  10   4   0     1       4.7657       0.0847        0.0000        0.6659     0.99999            0.79588       0.00000       0.00000     0.00000     0.00000     0.00000     0.00000     0.00000       0.00000     0.00000     0.00000     0.00000     0.00000     0.00000
  10  10   8   0     1     708.9425     723.9874        0.0000       -0.7309     0.91414            0.80198       0.00000       0.00000     0.00000     0.00000     0.00000     0.00000     0.00000       0.00000     0.00000     0.00000     0.00000     0.00000     0.00000
  14   8   2   0     1      66.2456      61.1023        0.0000        0.6396     0.99244            0.80198       0.00000       0.00000     0.00000     0.00000     0.00000     0.00000     0.00000       0.00000     0.00000     0.00000     0.00000     0.00000     0.00000
  16   2   2   0     1     355.8104     357.9986        0.0000       -0.2507     0.95654            0.80198       0.00000       0.00000     0.00000     0.00000     0.00000     0.00000     0.00000       0.00000     0.00000     0.00000     0.00000     0.00000     0.00000
  13   7   7   0     1     338.0038     341.0336        0.0000       -0.2820     0.95863            0.80652       0.00000       0.00000     0.00000     0.00000     0.00000     0.00000     0.00000       0.00000     0.00000     0.00000     0.00000     0.00000     0.00000
  11  11   5   0     1     460.0088     458.1974        0.0000        0.1002     0.94482            0.80652       0.00000       0.00000     0.00000     0.00000     0.00000     0.00000     0.00000       0.00000     0.00000     0.00000     0.00000     0.00000     0.00000
  14   6   6   0     1     142.0896     145.3791        0.0000       -0.5553     0.98215            0.80803       0.00000       0.00000     0.00000     0.00000     0.00000     0.00000     0.00000       0.00000     0.00000     0.00000     0.00000     0.00000     0.00000
  16   4   0   0     1     484.0079     471.9703        0.0000        0.9863     0.94337            0.81404       0.00000       0.00000     0.00000     0.00000     0.00000     0.00000     0.00000       0.00000     0.00000     0.00000     0.00000     0.00000     0.00000
  15   7   1   0     1     296.3522     304.1898        0.0000       -1.0584     0.96316            0.81852       0.00000       0.00000     0.00000     0.00000     0.00000     0.00000     0.00000       0.00000     0.00000     0.00000     0.00000     0.00000     0.00000
  15   5   5   0     1     135.2490     145.0505        0.0000       -1.4761     0.98226            0.81852       0.00000       0.00000     0.00000     0.00000     0.00000     0.00000     0.00000       0.00000     0.00000     0.00000     0.00000     0.00000     0.00000
  13   9   5   0     1      67.1565      69.3786        0.0000       -0.3568     0.99147            0.81852       0.00000       0.00000     0.00000     0.00000     0.00000     0.00000     0.00000       0.00000     0.00000     0.00000     0.00000     0.00000     0.00000
  16   4   2   0     1       0.4130       0.6562        0.0000       -0.0404     0.99992            0.82000       0.00000       0.00000     0.00000     0.00000     0.00000     0.00000     0.00000       0.00000     0.00000     0.00000     0.00000     0.00000     0.00000
  14   8   4   0     1       0.6195       2.3012        0.0000       -0.2823     0.99972            0.82000       0.00000       0.00000     0.00000     0.00000     0.00000     0.00000     0.00000       0.00000     0.00000     0.00000     0.00000     0.00000     0.00000
  12  10   6   0     1     156.6047     153.2364        0.0000        0.5574     0.98131            0.82592       0.00000       0.00000     0.00000     0.00000     0.00000     0.00000     0.00000       0.00000     0.00000     0.00000     0.00000     0.00000     0.00000
  11   9   9   0     1     406.6829     410.7635        0.0000       -0.3736     0.95077            0.83034       0.00000       0.00000     0.00000     0.00000     0.00000     0.00000     0.00000       0.00000     0.00000     0.00000     0.00000     0.00000     0.00000
  15   7   3   0     1      10.0451       6.0770        0.0000        0.3399     0.99925            0.83034       0.00000       0.00000     0.00000     0.00000     0.00000     0.00000     0.00000       0.00000     0.00000     0.00000     0.00000     0.00000     0.00000
  16   4   4   0     1     889.3516     908.0911        0.0000       -0.6691     0.89475            0.83764       0.00000       0.00000     0.00000     0.00000     0.00000     0.00000     0.00000       0.00000     0.00000     0.00000     0.00000     0.00000     0.00000
  12  12   0   0     1      48.4913      43.2822        0.0000        0.5186     0.99470            0.83764       0.00000       0.00000     0.00000     0.00000     0.00000     0.00000     0.00000       0.00000     0.00000     0.00000     0.00000     0.00000     0.00000
  13  11   1   0     1     515.3911     516.4118        0.0000       -0.0842     0.93869            0.84199       0.00000       0.00000     0.00000     0.00000     0.00000     0.00000     0.00000       0.00000     0.00000     0.00000     0.00000     0.00000     0.00000
  11  11   7   0     1     540.7250     559.0378        0.0000       -1.4988     0.93381            0.84199       0.00000       0.00000     0.00000     0.00000     0.00000     0.00000     0.00000       0.00000     0.00000     0.00000     0.00000     0.00000     0.00000
  17   1   1   0     1     547.7704     546.5851        0.0000        0.0574     0.93523            0.84199       0.00000       0.00000     0.00000     0.00000     0.00000     0.00000     0.00000       0.00000     0.00000     0.00000     0.00000     0.00000     0.00000
  12  12   2   0     1      26.2629      11.3402        0.0000        1.7225     0.99861            0.84344       0.00000       0.00000     0.00000     0.00000     0.00000     0.00000     0.00000       0.00000     0.00000     0.00000     0.00000     0.00000     0.00000
  14  10   0   0     1    2187.1519    2091.9192        0.0000        3.1648     0.77621            0.84919       0.00000       0.00000     0.00000     0.00000     0.00000     0.00000     0.00000       0.00000     0.00000     0.00000     0.00000     0.00000     0.00000
  16   6   2   0     1       7.7465       1.7975        0.0000        0.3022     0.99978            0.84919       0.00000       0.00000     0.00000     0.00000     0.00000     0.00000     0.00000       0.00000     0.00000     0.00000     0.00000     0.00000     0.00000
  14   8   6   0     1      64.3002      60.0830        0.0000        0.4482     0.99267            0.84919       0.00000       0.00000     0.00000     0.00000     0.00000     0.00000     0.00000       0.00000     0.00000     0.00000     0.00000     0.00000     0.00000
  13   9   7   0     1      11.6539      14.6936        0.0000       -0.3509     0.99820            0.85349       0.00000       0.00000     0.00000     0.00000     0.00000     0.00000     0.00000       0.00000     0.00000     0.00000     0.00000     0.00000     0.00000
  17   3   1   0     1      50.1850      47.1898        0.0000        0.3706     0.99425            0.85349       0.00000       0.00000     0.00000     0.00000     0.00000     0.00000     0.00000       0.00000     0.00000     0.00000     0.00000     0.00000     0.00000
  15   7   5   0     1     374.3065     370.7589        0.0000        0.4041     0.95568            0.85349       0.00000       0.00000     0.00000     0.00000     0.00000     0.00000     0.00000       0.00000     0.00000     0.00000     0.00000     0.00000     0.00000
  13  11   3   0     1      30.6726      22.5231        0.0000        1.0051     0.99725            0.85349       0.00000       0.00000     0.00000     0.00000     0.00000     0.00000     0.00000       0.00000     0.00000     0.00000     0.00000     0.00000     0.00000
  14  10   2   0     1     109.6739     115.6424        0.0000       -1.1794     0.98596            0.85491       0.00000       0.00000     0.00000     0.00000     0.00000     0.00000     0.00000       0.00000     0.00000     0.00000     0.00000     0.00000     0.00000
  10  10  10   0     1     100.7550      87.4548        0.0000        2.3499     0.98936            0.85491       0.00000       0.00000     0.00000     0.00000     0.00000     0.00000     0.00000       0.00000     0.00000     0.00000     0.00000     0.00000     0.00000
  12  12   4   0     1     504.4615     530.0637        0.0000       -1.7833     0.93734            0.86059       0.00000       0.00000     0.00000     0.00000     0.00000     0.00000     0.00000       0.00000     0.00000     0.00000     0.00000     0.00000     0.00000
  17   3   3   0     1    1812.5647    1887.9769        0.0000       -0.2019     0.79572            0.86483       0.00000       0.00000     0.00000     0.00000     0.00000     0.00000     0.00000       0.00000     0.00000     0.00000     0.00000     0.00000     0.00000
  15   9   1   0     1       2.6081       3.2077        0.0000       -0.0323     0.99961            0.86483       0.00000       0.00000     0.00000     0.00000     0.00000     0.00000     0.00000       0.00000     0.00000     0.00000     0.00000     0.00000     0.00000
  12  10   8   0     1      13.5403       3.8815        0.0000        0.9436     0.99953            0.86624       0.00000       0.00000     0.00000     0.00000     0.00000     0.00000     0.00000       0.00000     0.00000     0.00000     0.00000     0.00000     0.00000
  16   6   4   0     1       4.9083       0.8354        0.0000        0.5035     0.99990            0.86624       0.00000       0.00000     0.00000     0.00000     0.00000     0.00000     0.00000       0.00000     0.00000     0.00000     0.00000     0.00000     0.00000
  14  10   4   0     1    1167.5333    1172.6281        0.0000       -0.2944     0.86713            0.87184       0.00000       0.00000     0.00000     0.00000     0.00000     0.00000     0.00000       0.00000     0.00000     0.00000     0.00000     0.00000     0.00000
  13  11   5   0     1     218.7551     223.3986        0.0000       -0.3120     0.97313            0.87602       0.00000       0.00000     0.00000     0.00000     0.00000     0.00000     0.00000       0.00000     0.00000     0.00000     0.00000     0.00000     0.00000
  15   9   3   0     1     267.0351     265.8687        0.0000        0.0754     0.96810            0.87602       0.00000       0.00000     0.00000     0.00000     0.00000     0.00000     0.00000       0.00000     0.00000     0.00000     0.00000     0.00000     0.00000
  17   5   1   0     1     125.0758     121.4811        0.0000        0.6604     0.98530            0.87602       0.00000       0.00000     0.00000     0.00000     0.00000     0.00000     0.00000       0.00000     0.00000     0.00000     0.00000     0.00000     0.00000
  16   8   0   0     1     471.4993     519.0558        0.0000       -0.9532     0.93873            0.88295       0.00000       0.00000     0.00000     0.00000     0.00000     0.00000     0.00000       0.00000     0.00000     0.00000     0.00000     0.00000     0.00000
  15   7   7   0     1     651.6143     652.7663        0.0000       -0.0755     0.92360            0.88708       0.00000       0.00000     0.00000     0.00000     0.00000     0.00000     0.00000       0.00000     0.00000     0.00000     0.00000     0.00000     0.00000
  17   5   3   0     1     699.3832     709.0708        0.0000       -0.4879     0.91731            0.88708       0.00000       0.00000     0.00000     0.00000     0.00000     0.00000     0.00000       0.00000     0.00000     0.00000     0.00000     0.00000     0.00000
  11  11   9   0     1     196.8183     197.5106        0.0000       -0.0704     0.97622            0.88708       0.00000       0.00000     0.00000     0.00000     0.00000     0.00000     0.00000       0.00000     0.00000     0.00000     0.00000     0.00000     0.00000
  16   8   2   0     1      17.5671       6.7541        0.0000        1.2611     0.99918            0.88845       0.00000       0.00000     0.00000     0.00000     0.00000     0.00000     0.00000       0.00000     0.00000     0.00000     0.00000     0.00000     0.00000
  14   8   8   0     1       9.3270      12.3985        0.0000       -0.3907     0.99849            0.88845       0.00000       0.00000     0.00000     0.00000     0.00000     0.00000     0.00000       0.00000     0.00000     0.00000     0.00000     0.00000     0.00000
  12  12   6   0     1       6.8138       0.0279        0.0000        0.7449     1.00000            0.88845       0.00000       0.00000     0.00000     0.00000     0.00000     0.00000     0.00000       0.00000     0.00000     0.00000     0.00000     0.00000     0.00000
  16   6   6   0     1     200.7956     203.0604        0.0000       -0.2874     0.97556            0.89392       0.00000       0.00000     0.00000     0.00000     0.00000     0.00000     0.00000       0.00000     0.00000     0.00000     0.00000     0.00000     0.00000
  18   2   0   0     1      24.2069       7.7069        0.0000        1.5986     0.99906            0.89392       0.00000       0.00000     0.00000     0.00000     0.00000     0.00000     0.00000       0.00000     0.00000     0.00000     0.00000     0.00000     0.00000
  15   9   5   0     1    1035.1714    1091.1813        0.0000       -0.3506     0.87581            0.89800       0.00000       0.00000     0.00000     0.00000     0.00000     0.00000     0.00000       0.00000     0.00000     0.00000     0.00000     0.00000     0.00000
  13   9   9   0     1     118.5448     111.7673        0.0000        0.4385     0.98647            0.89800       0.00000       0.00000     0.00000     0.00000     0.00000     0.00000     0.00000       0.00000     0.00000     0.00000     0.00000     0.00000     0.00000
  14  10   6   0     1      69.1974      69.4238        0.0000       -0.0309     0.99157            0.89935       0.00000       0.00000     0.00000     0.00000     0.00000     0.00000     0.00000       0.00000     0.00000     0.00000     0.00000     0.00000     0.00000
  18   2   2   0     1      70.0710      79.8569        0.0000       -0.8348     0.99031            0.89935       0.00000       0.00000     0.00000     0.00000     0.00000     0.00000     0.00000       0.00000     0.00000     0.00000     0.00000     0.00000     0.00000
  16   8   4   0     1      34.1798      33.4562        0.0000        0.0898     0.99593            0.90475       0.00000       0.00000     0.00000     0.00000     0.00000     0.00000     0.00000       0.00000     0.00000     0.00000     0.00000     0.00000     0.00000
  17   7   1   0     1    1108.8405    1118.5760        0.0000       -0.1888     0.87284            0.90878       0.00000       0.00000     0.00000     0.00000     0.00000     0.00000     0.00000       0.00000     0.00000     0.00000     0.00000     0.00000     0.00000
  17   5   5   0     1      39.7098      33.4207        0.0000        0.4110     0.99593            0.90878       0.00000       0.00000     0.00000     0.00000     0.00000     0.00000     0.00000       0.00000     0.00000     0.00000     0.00000     0.00000     0.00000
  13  11   7   0     1    1245.7976    1210.2056        0.0000        2.0567     0.86323            0.90878       0.00000       0.00000     0.00000     0.00000     0.00000     0.00000     0.00000       0.00000     0.00000     0.00000     0.00000     0.00000     0.00000
  13  13   1   0     1     790.6947     796.5527        0.0000       -0.3479     0.90756            0.90878       0.00000       0.00000     0.00000     0.00000     0.00000     0.00000     0.00000       0.00000     0.00000     0.00000     0.00000     0.00000     0.00000
  14  12   2   0     1     121.2231     116.0816        0.0000        0.5876     0.98593            0.91546       0.00000       0.00000     0.00000     0.00000     0.00000     0.00000     0.00000       0.00000     0.00000     0.00000     0.00000     0.00000     0.00000
  18   4   2   0     1      46.5794      36.4959        0.0000        1.0180     0.99556            0.91546       0.00000       0.00000     0.00000     0.00000     0.00000     0.00000     0.00000       0.00000     0.00000     0.00000     0.00000     0.00000     0.00000
  12  10  10   0     1     632.8853     639.0005        0.0000       -0.2938     0.92505            0.91546       0.00000       0.00000     0.00000     0.00000     0.00000     0.00000     0.00000       0.00000     0.00000     0.00000     0.00000     0.00000     0.00000
  13  13   3   0     1     252.1584     261.8059        0.0000       -1.0304     0.96854            0.91944       0.00000       0.00000     0.00000     0.00000     0.00000     0.00000     0.00000       0.00000     0.00000     0.00000     0.00000     0.00000     0.00000
  17   7   3   0     1     321.9037     334.1000        0.0000       -0.8830     0.96003            0.91944       0.00000       0.00000     0.00000     0.00000     0.00000     0.00000     0.00000       0.00000     0.00000     0.00000     0.00000     0.00000     0.00000
  15  11   1   0     1     340.2429     356.9343        0.0000       -1.4881     0.95736            0.91944       0.00000       0.00000     0.00000     0.00000     0.00000     0.00000     0.00000       0.00000     0.00000     0.00000     0.00000     0.00000     0.00000
  12  12   8   0     1     408.8684     403.2473        0.0000        0.3742     0.95192            0.92604       0.00000       0.00000     0.00000     0.00000     0.00000     0.00000     0.00000       0.00000     0.00000     0.00000     0.00000     0.00000     0.00000
  15  11   3   0     1     230.5712     234.2110        0.0000       -0.4459     0.97176            0.92998       0.00000       0.00000     0.00000     0.00000     0.00000     0.00000     0.00000       0.00000     0.00000     0.00000     0.00000     0.00000     0.00000
  15   9   7   0     1     211.3878     219.6106        0.0000       -1.0139     0.97349            0.92998       0.00000       0.00000     0.00000     0.00000     0.00000     0.00000     0.00000       0.00000     0.00000     0.00000     0.00000     0.00000     0.00000
  16   8   6   0     1       0.9510       0.4123        0.0000        0.0575     0.99995            0.93129       0.00000       0.00000     0.00000     0.00000     0.00000     0.00000     0.00000       0.00000     0.00000     0.00000     0.00000     0.00000     0.00000
  14  12   4   0     1       3.2415       7.6115        0.0000       -0.5142     0.99907            0.93129       0.00000       0.00000     0.00000     0.00000     0.00000     0.00000     0.00000       0.00000     0.00000     0.00000     0.00000     0.00000     0.00000
  18   4   4   0     1      11.4682       1.9079        0.0000        1.0564     0.99977            0.93129       0.00000       0.00000     0.00000     0.00000     0.00000     0.00000     0.00000       0.00000     0.00000     0.00000     0.00000     0.00000     0.00000
  14  10   8   0     1     478.7053     471.2172        0.0000        0.5907     0.94393            0.93651       0.00000       0.00000     0.00000     0.00000     0.00000     0.00000     0.00000       0.00000     0.00000     0.00000     0.00000     0.00000     0.00000
  18   6   0   0     1     386.9393     406.0976        0.0000       -1.9252     0.95148            0.93651       0.00000       0.00000     0.00000     0.00000     0.00000     0.00000     0.00000       0.00000     0.00000     0.00000     0.00000     0.00000     0.00000
  16  10   2   0     1      96.3516      97.7073        0.0000       -0.2094     0.98810            0.93651       0.00000       0.00000     0.00000     0.00000     0.00000     0.00000     0.00000       0.00000     0.00000     0.00000     0.00000     0.00000     0.00000
  17   7   5   0     1       9.6315       0.1906        0.0000        0.8782     0.99998            0.94040       0.00000       0.00000     0.00000     0.00000     0.00000     0.00000     0.00000       0.00000     0.00000     0.00000     0.00000     0.00000     0.00000
  19   1   1   0     1     376.4738     394.2579        0.0000       -1.5857     0.95281            0.94040       0.00000       0.00000     0.00000     0.00000     0.00000     0.00000     0.00000       0.00000     0.00000     0.00000     0.00000     0.00000     0.00000
  13  13   5   0     1      10.4966      10.1167        0.0000        0.0374     0.99876            0.94040       0.00000       0.00000     0.00000     0.00000     0.00000     0.00000     0.00000       0.00000     0.00000     0.00000     0.00000     0.00000     0.00000
  11  11  11   0     1     112.0977     105.9219        0.0000        0.9252     0.98709            0.94040       0.00000       0.00000     0.00000     0.00000     0.00000     0.00000     0.00000       0.00000     0.00000     0.00000     0.00000     0.00000     0.00000
  18   6   2   0     1      85.2351      99.2679        0.0000       -0.9866     0.98789            0.94170       0.00000       0.00000     0.00000     0.00000     0.00000     0.00000     0.00000       0.00000     0.00000     0.00000     0.00000     0.00000     0.00000
  19   3   1   0     1     305.3999     322.4602        0.0000       -1.5714     0.96112            0.95071       0.00000       0.00000     0.00000     0.00000     0.00000     0.00000     0.00000       0.00000     0.00000     0.00000     0.00000     0.00000     0.00000
  17   9   1   0     1     359.4543     381.5518        0.0000       -1.9203     0.95416            0.95071       0.00000       0.00000     0.00000     0.00000     0.00000     0.00000     0.00000       0.00000     0.00000     0.00000     0.00000     0.00000     0.00000
  13  11   9   0     1     427.5390     436.6306        0.0000       -0.8060     0.94772            0.95071       0.00000       0.00000     0.00000     0.00000     0.00000     0.00000     0.00000       0.00000     0.00000     0.00000     0.00000     0.00000     0.00000
  15  11   5   0     1       4.1747       2.8534        0.0000        0.1970     0.99965            0.95071       0.00000       0.00000     0.00000     0.00000     0.00000     0.00000     0.00000       0.00000     0.00000     0.00000     0.00000     0.00000     0.00000
  16  10   4   0     1       5.4459       4.2679        0.0000        0.1117     0.99947            0.95199       0.00000       0.00000     0.00000     0.00000     0.00000     0.00000     0.00000       0.00000     0.00000     0.00000     0.00000     0.00000     0.00000
  18   6   4   0     1      59.6674      62.3986        0.0000       -0.2997     0.99234            0.95709       0.00000       0.00000     0.00000     0.00000     0.00000     0.00000     0.00000       0.00000     0.00000     0.00000     0.00000     0.00000     0.00000
  14  12   6   0     1      43.3857      49.0467        0.0000       -0.6148     0.99397            0.95709       0.00000       0.00000     0.00000     0.00000     0.00000     0.00000     0.00000       0.00000     0.00000     0.00000     0.00000     0.00000     0.00000
  19   3   3   0     1      23.8039      25.8853        0.0000       -0.2266     0.99681            0.96090       0.00000       0.00000     0.00000     0.00000     0.00000     0.00000     0.00000       0.00000     0.00000     0.00000     0.00000     0.00000     0.00000
  17   9   3   0     1      48.7587      49.8955        0.0000       -0.1470     0.99386            0.96090       0.00000       0.00000     0.00000     0.00000     0.00000     0.00000     0.00000       0.00000     0.00000     0.00000     0.00000     0.00000     0.00000
  16   8   8   0     1      29.3063      14.5634        0.0000        1.1650     0.99820            0.96722       0.00000       0.00000     0.00000     0.00000     0.00000     0.00000     0.00000       0.00000     0.00000     0.00000     0.00000     0.00000     0.00000
  17   7   7   0     1    1601.5154    1898.1270        0.0000       -0.4716     0.79191            0.97099       0.00000       0.00000     0.00000     0.00000     0.00000     0.00000     0.00000       0.00000     0.00000     0.00000     0.00000     0.00000     0.00000
  13  13   7   0     1    1176.0896    1452.3184        0.0000       -0.6663     0.83596            0.97099       0.00000       0.00000     0.00000     0.00000     0.00000     0.00000     0.00000       0.00000     0.00000     0.00000     0.00000     0.00000     0.00000
  19   5   1   0     1       0.8334       0.4401        0.0000        0.0193     0.99995            0.97099       0.00000       0.00000     0.00000     0.00000     0.00000     0.00000     0.00000       0.00000     0.00000     0.00000     0.00000     0.00000     0.00000
  15   9   9   0     1      10.9864       7.8150        0.0000        0.3932     0.99903            0.97099       0.00000       0.00000     0.00000     0.00000     0.00000     0.00000     0.00000       0.00000     0.00000     0.00000     0.00000     0.00000     0.00000
  12  12  10   0     1      14.4074      11.3156        0.0000        0.2717     0.99860            0.97225       0.00000       0.00000     0.00000     0.00000     0.00000     0.00000     0.00000       0.00000     0.00000     0.00000     0.00000     0.00000     0.00000

     -----------------------------------------------------
     R-Factors and Chi2 for Integrated Intensity Pattern #  1
     -----------------------------------------------------
 => Phase:  1
 =>    RF2 -factor :   2.72    
 =>    RF2w-factor :   3.01    
 =>    RF  -factor :   2.81    
 =>    Chi2(Intens):   1.43    
 =>  N_eff Reflect.:    220 with I >  0.00 sigma

     -----------------------------------------------------------------
      SYMBOLIC NAMES AND FINAL VALUES AND SIGMA OF REFINED PARAMETERS:
     -----------------------------------------------------------------

      ->  Parameter number    1 :                                             Scale1    0.37517014    ( +/-    0.24755576E-02 )
      ->  Parameter number    2 :                                               Ext1    0.18339430    ( +/-    0.55071274E-02 )
      ->  Parameter number    3 :                                           bet11_Tb    0.13430299E-02( +/-    0.15528552E-04 )
      ->  Parameter number    4 :                                           bet11_O2    0.84028213E-03( +/-    0.20678317E-04 )
      ->  Parameter number    5 :                                           bet23_O1    0.37027674E-03( +/-    0.16291277E-04 )
      ->  Parameter number    6 :                                           bet12_Tb   -0.41712270E-03( +/-    0.13606324E-04 )
      ->  Parameter number    7 :                                           bet22_O1    0.10637246E-02( +/-    0.15218869E-04 )
      ->  Parameter number    8 :                                           bet11_O1    0.14099176E-02( +/-    0.21850072E-04 )
      ->  Parameter number    9 :                                           bet11_Ti    0.11758927E-02( +/-    0.24343724E-04 )
      ->  Parameter number   10 :                                           bet12_Ti   -0.72436866E-04( +/-    0.29909475E-04 )

 ------------------------------------------------------------------
 => Number of bytes for floating point variables: 4
 => Dimensions of dynamic allocated arrays in this run of FullProf:
 ------------------------------------------------------------------

 => Total approximate array memory (dynamic + static): 132451053 bytes

    MaxPOINT=    80000 Max.num. of points(+int. Inten.)/diffraction pattern       
    MaxREFLT=    25000 Max.num. of reflections/diffraction pattern               
    MaxPARAM=      500 Max.num. of refinable parameters                          
    MaxOVERL=     9000 Max.num. of overlapping reflections                       

 ----------------------------------------------------------
 => Number of bytes for floating point arrays: 4
 => Dimensions of fixed arrays in this release of FullProf:
 ----------------------------------------------------------

    NPATT   =       80 Max.num. of powder diffraction patterns                    
    NATS    =      830 Max.num. of atoms (all kind) in asymmetric unit            
    MPAR    =     1800 Max.num. of non atomic parameters/phase                    
    IEXCL   =       30 Max.num. of excluded regions                               
    IBACP   =      377 Max.num. of background points for interpolation            
    NPHT    =       16 Max.num. of phases                                         
    NMAGM   =        8 Max.num. of rotation-matrices sets for magnetic structure  
    NBASIS  =       12 Max.num. of basis functions associated to a single atom    
    NIREPS  =        9 Max.num. of irreducible representations to be combined     
    N_EQ    =      384 Max.num. of user-supplied symmetry operators/propagation vectors
    NGL     =      400 Max.num. of global parameters/diffraction pattern          
    N_LINC  =       50 Max.num. of global linear restraints                        
    NAT_P   =       80 Max.num. of atomic parameters per atom                     
    NCONST  =     3500 Max.num. of slack constraints per phase                    
    N_SPE   =       30 Max.num. of different chemical species                     
    N_FORM  =       60 Max.num. of scattering factor values in a table            
    NPR     =      150 Max.num. of points defining a numerical profile            
    INPR    =       25 Max.num. of different numerical peak shapes                
    NPRC    =      150 Max.num. of terms in the table for correcting intensities  
    NSOL    =       10 Max.num. of solutions to be stored in Montecarlo searchs   

 
              CPU Time:     0.219 seconds
                            0.004 minutes

 => Run finished at:     Date: 10/06/2026  Time: 20:22:33.546                              
