

        **********************************************************
        ** PROGRAM FullProf.2k (Version 8.40 - Feb2026-ILL JRC) **
        **********************************************************
                       M U L T I -- P A T T E R N                 
            Rietveld, Profile Matching & Integrated Intensity     
                 Refinement of X-ray and/or Neutron Data


    Date: 09/06/2026  Time: 12:42:04.250                              

 => PCR file code: tmpl_one_bank
 => DAT file code: 55025-5_6raw.gss     -> Relative contribution: 1.0000                                                            
 => DAT file code: 55025-4_7raw.gss     -> Relative contribution: 1.0000                                                            
 => DAT file code: 55025-3_8raw.gss     -> Relative contribution: 1.0000                                                            
 => DAT file code: 55025-2_9raw.gss     -> Relative contribution: 1.0000                                                            
 => DAT file code: 55025-1_10raw.gss    -> Relative contribution: 1.0000                                                            

 ==> CONDITIONS OF THIS RUN FOR PATTERN No.:  1

 => Global Refinement of neutron powder data                                                                                        
 => Neutron Time-Of-Flight data                                                                                                     
 => Abcisa variable is T.O.F. in microsecs
 => Title:YAG highres

 => Number of phases:    1
 => Number of excluded regions:    2
 => Number of scattering factors supplied:    0
 => March-Dollase model for preferred orientation
 => Conventional weights: w=1.0/Variance(yobs)
 => Asymmetry correction as in J.Appl.Cryst. 26,128(1993)
 => Background linearly interpolated between the   28 points given
 => The   13th default profile function was selected
 => T.O.F Profile Function #3 
    Ikeda-Carpenter function convoluted with pseudo-Voigt:
    Omega(DT) =  (1+delta(t)*R) <*> TCH-Pseudo-Voigt  

 ==> CONDITIONS OF THIS RUN FOR PATTERN No.:  2

 => Global Refinement of neutron powder data                                                                                        
 => Neutron Time-Of-Flight data                                                                                                     
 => Abcisa variable is T.O.F. in microsecs
 => Title:YAG highres

 => Number of phases:    1
 => Number of excluded regions:    2
 => Number of scattering factors supplied:    0
 => March-Dollase model for preferred orientation
 => Conventional weights: w=1.0/Variance(yobs)
 => Asymmetry correction as in J.Appl.Cryst. 26,128(1993)
 => Background linearly interpolated between the   28 points given
 => The   13th default profile function was selected
 => T.O.F Profile Function #3 
    Ikeda-Carpenter function convoluted with pseudo-Voigt:
    Omega(DT) =  (1+delta(t)*R) <*> TCH-Pseudo-Voigt  

 ==> CONDITIONS OF THIS RUN FOR PATTERN No.:  3

 => Global Refinement of neutron powder data                                                                                        
 => Neutron Time-Of-Flight data                                                                                                     
 => Abcisa variable is T.O.F. in microsecs
 => Title:YAG highres

 => Number of phases:    1
 => Number of excluded regions:    2
 => Number of scattering factors supplied:    0
 => March-Dollase model for preferred orientation
 => Conventional weights: w=1.0/Variance(yobs)
 => Asymmetry correction as in J.Appl.Cryst. 26,128(1993)
 => Background linearly interpolated between the   22 points given
 => The   13th default profile function was selected
 => T.O.F Profile Function #3 
    Ikeda-Carpenter function convoluted with pseudo-Voigt:
    Omega(DT) =  (1+delta(t)*R) <*> TCH-Pseudo-Voigt  

 ==> CONDITIONS OF THIS RUN FOR PATTERN No.:  4

 => Global Refinement of neutron powder data                                                                                        
 => Neutron Time-Of-Flight data                                                                                                     
 => Abcisa variable is T.O.F. in microsecs
 => Title:YAG highres

 => Number of phases:    1
 => Number of excluded regions:    2
 => Number of scattering factors supplied:    0
 => March-Dollase model for preferred orientation
 => Conventional weights: w=1.0/Variance(yobs)
 => Asymmetry correction as in J.Appl.Cryst. 26,128(1993)
 => Background linearly interpolated between the   22 points given
 => The   13th default profile function was selected
 => T.O.F Profile Function #3 
    Ikeda-Carpenter function convoluted with pseudo-Voigt:
    Omega(DT) =  (1+delta(t)*R) <*> TCH-Pseudo-Voigt  

 ==> CONDITIONS OF THIS RUN FOR PATTERN No.:  5

 => Global Refinement of neutron powder data                                                                                        
 => Neutron Time-Of-Flight data                                                                                                     
 => Abcisa variable is T.O.F. in microsecs
 => Title:YAG highres

 => Number of phases:    1
 => Number of excluded regions:    2
 => Number of scattering factors supplied:    0
 => March-Dollase model for preferred orientation
 => Conventional weights: w=1.0/Variance(yobs)
 => Asymmetry correction as in J.Appl.Cryst. 26,128(1993)
 => Background linearly interpolated between the   36 points given
 => The   13th default profile function was selected
 => T.O.F Profile Function #3 
    Ikeda-Carpenter function convoluted with pseudo-Voigt:
    Omega(DT) =  (1+delta(t)*R) <*> TCH-Pseudo-Voigt  

 ==> INPUT/OUTPUT OPTIONS:

 => Output Obs and Calc intensities on last cycle
 => Generate bacground file *.bac
 => Generate file *.PRF for plot
 => Output Integrated Intensities
 => Output Obs and Calc intensities on last cycle
 => Generate bacground file *.bac
 => Generate file *.PRF for plot
 => Output Integrated Intensities
 => Output Obs and Calc intensities on last cycle
 => Generate bacground file *.bac
 => Generate file *.PRF for plot
 => Output Integrated Intensities
 => Output Obs and Calc intensities on last cycle
 => Generate bacground file *.bac
 => Generate file *.PRF for plot
 => Output Integrated Intensities
 => Output Obs and Calc intensities on last cycle
 => Generate bacground file *.bac
 => Generate file *.PRF for plot
 => Output Integrated Intensities
 => Generate new input file *.PCR
 => Plot pattern at each cycle
 => Absorption correction type: 2
 => Base of peaks: 2.0*HW*   40.00
 => Plot pattern at each cycle
 => Absorption correction type: 2
 => Base of peaks: 2.0*HW*   40.00
 => Plot pattern at each cycle
 => Absorption correction type: 2
 => Base of peaks: 2.0*HW*   40.00
 => Plot pattern at each cycle
 => Absorption correction type: 2
 => Base of peaks: 2.0*HW*   40.00
 => Plot pattern at each cycle
 => Absorption correction type: 2
 => Base of peaks: 2.0*HW*   40.00

 => Number of cycles:   20
 => Relaxation factors ==>    for coordinates:  0.30
 => for anisotropic temperature factors:  0.30
 => for halfwidth/strain/size/further parameters:  0.30
 => for lattice constants and propagation vectors:  0.30
 => EPS-value for convergence:    0.3
 => Background ==> 
    Position   Intensity
    11136.87      522.60        0.00
    13313.39      560.03        0.00
     9162.30      291.17        0.00
    14906.51      548.97        0.00
    16454.75      531.04        0.00
    17352.28      495.87        0.00
    18743.46      428.69        0.00
    20179.51      452.53        0.00
    21368.74      397.28        0.00
    22176.04      469.99        0.00
    22827.23      478.46        0.00
    24644.73      380.18        0.00
    26439.79      381.52        0.00
    28257.29      378.66        0.00
    31196.71      343.99        0.00
    34034.41      328.40        0.00
    37265.52      310.71        0.00
    41214.66      322.95        0.00
    44827.23      283.10        0.00
    49830.96      272.69        0.00

    52905.01      256.88        0.00
    58204.94      259.87        0.00
    62916.98      260.76        0.00
    70186.98      262.22        0.00
    74204.94      262.04        0.00
    82103.22      268.18        0.00
    91958.87      268.23        0.00
   102712.04      262.42        0.00

 

 => Excluded regions for Pattern#  1
    From     to
      0.0000   9000.0000
 104000.0000 300000.0000

 => Background ==> 
    Position   Intensity
     9089.75      487.86        0.00
    10671.65      565.75        0.00
    12287.21      493.61        0.00
    14037.40      558.62        0.00
    15451.01      529.22        0.00
    16763.65      445.45        0.00
    18076.29      459.56        0.00
    19456.25      412.52        0.00
    20465.97      510.90        0.00
    21879.58      395.97        0.00
    23798.06      391.36        0.00
    25447.27      384.82        0.00
    28072.55      349.07        0.00
    30058.34      331.61        0.00
    32582.65      308.57        0.00
    34804.04      355.22        0.00
    37160.06      317.54        0.00
    40323.86      289.85        0.00
    46894.54      259.84        0.00
    50630.52      255.66        0.00

    54602.09      245.60        0.00
    58439.04      263.81        0.00
    66519.82      250.25        0.00
    75001.50      257.56        0.00
    83649.22      257.41        0.00
    92770.38      254.52        0.00
   101524.30      259.73        0.00
   107313.39      239.14        0.00

 

 => Excluded regions for Pattern#  2
    From     to
      0.0000   9000.0000
 108000.0000 300000.0000

 => Background ==> 
    Position   Intensity
     9089.75      440.91        0.00
    11580.40      512.30        0.00
    13667.17      416.86        0.00
    15551.98      474.37        0.00
    17739.72      407.45        0.00
    20365.00      377.53        0.00
    22653.70      346.08        0.00
    24740.46      331.76        0.00
    27130.14      335.98        0.00
    29957.37      353.38        0.00
    32616.30      298.43        0.00
    36150.34      283.43        0.00
    40963.35      253.70        0.00
    47265.52      254.32        0.00
    53391.18      235.31        0.00
    62005.24      240.59        0.00
    71866.87      239.34        0.00
    82913.99      242.93        0.00
    90385.94      241.08        0.00
    99649.22      235.34        0.00

   107356.77      239.06        0.00
   115337.32      246.86        0.00

 

 => Excluded regions for Pattern#  3
    From     to
      0.0000   9000.0000
 116000.0000 300000.0000

 => Background ==> 
    Position   Intensity
     7246.07      249.74        0.00
     9265.52      270.61        0.00
    11097.98      377.90        0.00
    13080.03      385.22        0.00
    15473.45      338.07        0.00
    16931.94      332.42        0.00
    18614.81      367.19        0.00
    20596.86      392.28        0.00
    22504.11      342.67        0.00
    26169.03      281.64        0.00
    28113.69      265.47        0.00
    30320.12      259.40        0.00
    34770.38      253.64        0.00
    40155.57      237.30        0.00
    48341.81      227.84        0.00
    58540.02      221.05        0.00
    69139.87      220.32        0.00
    80953.63      226.17        0.00
    94214.66      218.74        0.00
   107677.63      220.24        0.00

   120889.30      217.64        0.00
   132602.09      173.03        0.00

 

 => Excluded regions for Pattern#  4
    From     to
      0.0000   7000.0000
 134000.0000 300000.0000

 => Background ==> 
    Position   Intensity
     6056.10      284.51        0.00
     7099.48      116.83        0.00
     8008.23      144.65        0.00
     8816.01      123.35        0.00
     9724.76      291.13        0.00
    10532.54      202.44        0.00
    11710.55      170.38        0.00
    12619.30      234.85        0.00
    13393.42      215.98        0.00
    14470.46      211.12        0.00
    15614.81      255.07        0.00
    17264.03      230.90        0.00
    19283.47      220.61        0.00
    20192.22      232.52        0.00
    22346.30      236.91        0.00
    24433.06      234.78        0.00
    27563.20      238.62        0.00
    30356.77      226.45        0.00
    33049.37      221.62        0.00
    35203.44      227.92        0.00

    38826.48      224.68        0.00
    44447.27      216.24        0.00
    50068.06      216.90        0.00
    55587.88      213.46        0.00
    63586.39      216.22        0.00
    74289.45      212.99        0.00
    86385.20      212.39        0.00
    98097.98      212.59        0.00
   114791.33      211.31        0.00
   128630.52      210.98        0.00
   147091.25      222.95        0.00
   167026.92      210.31        0.00
   187448.02      222.33        0.00
   208808.53      254.29        0.00
   231077.78      123.63        0.00
   252332.83      161.27        0.00

 

 => Excluded regions for Pattern#  5
    From     to
      0.0000   7000.0000
 240000.0000 300000.0000

 => Number of Least-Squares parameters varied:     0

 =>--------------------------->
 =>------->  PATTERN number:  1
 =>--------------------------->
 => Global parameters and codes ==>
 => Zero-point:   -13.8813    0.0000
 => D-spacing to T.O.F. coefficient dtt1 and code:  20773.123     0.000
 => D-spacing to T.O.F. coefficient dtt2 and code:     -1.083     0.000
 => D-spacing to T.O.F. coefficient dtt_1OverD and code:      0.000     0.000
 => T.O.F. 2theta average detector angle      :    152.827

 => Reading Intensity data  =>>

 -> Format ISIS multi-bank 
 -> Title: NaCaAlF HRSF 37K<CH4_T<42K                                                                                                          
 -> COMMENT: # 1 Histograms                                                                                                                      
 -> COMMENT: # File generated by Mantid:                                                                                                         
 -> COMMENT: # Instrument: WISH                                                                                                                  
 -> COMMENT: # From workspace named : w55025-5_6foc                                                                                              
 -> COMMENT: # with Y multiplied by the bin widths.                                                                                              
 -> COMMENT: # Primary flight path 40m                                                                                                           
 -> COMMENT: # Total flight path 42.2224m, tth 152.911deg, DIFC 20752.1                                                                          
 -> COMMENT: # Data for spectrum :0                                                                                                              
 => Input Data for RALF binning type are internally modified
    Intensities and Standard deviations are trasformed as:
          Ycorr(i)=fac_y*Yread(i)/(TOF(i+1)-TOF(i))
          Scorr(i)=fac_y*Sread(i)/(TOF(i+1)-TOF(i))  (with fac_y=1000 by default)
    Sum of variances:   0.200580E+10
    Maximum R-expected:       2.2072
 ==> T.O.F. range, and number of points:
    TOFmin:    7267.568359  TOFmax:  103417.671875
    No. of points:   4122

 =>--------------------------->
 =>------->  PATTERN number:  2
 =>--------------------------->
 => Global parameters and codes ==>
 => Zero-point:   -15.0527    0.0000
 => D-spacing to T.O.F. coefficient dtt1 and code:  18660.068     0.000
 => D-spacing to T.O.F. coefficient dtt2 and code:     -0.475     0.000
 => D-spacing to T.O.F. coefficient dtt_1OverD and code:      0.000     0.000
 => T.O.F. 2theta average detector angle      :    121.660

 => Reading Intensity data  =>>

 -> Format ISIS multi-bank 
 -> Title: NaCaAlF HRSF 37K<CH4_T<42K                                                                                                          
 -> COMMENT: # 1 Histograms                                                                                                                      
 -> COMMENT: # File generated by Mantid:                                                                                                         
 -> COMMENT: # Instrument: WISH                                                                                                                  
 -> COMMENT: # From workspace named : w55025-4_7foc                                                                                              
 -> COMMENT: # with Y multiplied by the bin widths.                                                                                              
 -> COMMENT: # Primary flight path 40m                                                                                                           
 -> COMMENT: # Total flight path 42.2223m, tth 121.683deg, DIFC 18640.7                                                                          
 -> COMMENT: # Data for spectrum :0                                                                                                              
 => Input Data for RALF binning type are internally modified
    Intensities and Standard deviations are trasformed as:
          Ycorr(i)=fac_y*Yread(i)/(TOF(i+1)-TOF(i))
          Scorr(i)=fac_y*Sread(i)/(TOF(i+1)-TOF(i))  (with fac_y=1000 by default)
    Sum of variances:   0.298475E+10
    Maximum R-expected:       2.2481
 ==> T.O.F. range, and number of points:
    TOFmin:    7463.463379  TOFmax:  109083.484375
    No. of points:   4044

 =>--------------------------->
 =>------->  PATTERN number:  3
 =>--------------------------->
 => Global parameters and codes ==>
 => Zero-point:   -12.7263    0.0000
 => D-spacing to T.O.F. coefficient dtt1 and code:  15105.377     0.000
 => D-spacing to T.O.F. coefficient dtt2 and code:      1.008     0.000
 => D-spacing to T.O.F. coefficient dtt_1OverD and code:      0.000     0.000
 => T.O.F. 2theta average detector angle      :     90.000

 => Reading Intensity data  =>>

 -> Format ISIS multi-bank 
 -> Title: NaCaAlF HRSF 37K<CH4_T<42K                                                                                                          
 -> COMMENT: # 1 Histograms                                                                                                                      
 -> COMMENT: # File generated by Mantid:                                                                                                         
 -> COMMENT: # Instrument: WISH                                                                                                                  
 -> COMMENT: # From workspace named : w55025-3_8foc                                                                                              
 -> COMMENT: # with Y multiplied by the bin widths.                                                                                              
 -> COMMENT: # Primary flight path 40m                                                                                                           
 -> COMMENT: # Total flight path 42.2222m, tth 89.9996deg, DIFC 15093.7                                                                          
 -> COMMENT: # Data for spectrum :0                                                                                                              
 => Input Data for RALF binning type are internally modified
    Intensities and Standard deviations are trasformed as:
          Ycorr(i)=fac_y*Yread(i)/(TOF(i+1)-TOF(i))
          Scorr(i)=fac_y*Sread(i)/(TOF(i+1)-TOF(i))  (with fac_y=1000 by default)
    Sum of variances:   0.537484E+10
    Maximum R-expected:       2.3620
 ==> T.O.F. range, and number of points:
    TOFmin:    7549.536621  TOFmax:  117086.195312
    No. of points:   3972

 =>--------------------------->
 =>------->  PATTERN number:  4
 =>--------------------------->
 => Global parameters and codes ==>
 => Zero-point:    13.9943    0.0000
 => D-spacing to T.O.F. coefficient dtt1 and code:  10389.885     0.000
 => D-spacing to T.O.F. coefficient dtt2 and code:      1.852     0.000
 => D-spacing to T.O.F. coefficient dtt_1OverD and code:      0.000     0.000
 => T.O.F. 2theta average detector angle      :     58.330

 => Reading Intensity data  =>>

 -> Format ISIS multi-bank 
 -> Title: NaCaAlF HRSF 37K<CH4_T<42K                                                                                                          
 -> COMMENT: # 1 Histograms                                                                                                                      
 -> COMMENT: # File generated by Mantid:                                                                                                         
 -> COMMENT: # Instrument: WISH                                                                                                                  
 -> COMMENT: # From workspace named : w55025-2_9foc                                                                                              
 -> COMMENT: # with Y multiplied by the bin widths.                                                                                              
 -> COMMENT: # Primary flight path 40m                                                                                                           
 -> COMMENT: # Total flight path 42.2222m, tth 58.308deg, DIFC 10398.8                                                                           
 -> COMMENT: # Data for spectrum :0                                                                                                              
 => Input Data for RALF binning type are internally modified
    Intensities and Standard deviations are trasformed as:
          Ycorr(i)=fac_y*Yread(i)/(TOF(i+1)-TOF(i))
          Scorr(i)=fac_y*Sread(i)/(TOF(i+1)-TOF(i))  (with fac_y=1000 by default)
    Sum of variances:   0.148490E+11
    Maximum R-expected:       3.0408
 ==> T.O.F. range, and number of points:
    TOFmin:    5202.200195  TOFmax:  136018.015625
    No. of points:   4398

 =>--------------------------->
 =>------->  PATTERN number:  5
 =>--------------------------->
 => Global parameters and codes ==>
 => Zero-point:    13.5143    0.0000
 => D-spacing to T.O.F. coefficient dtt1 and code:   4986.074     0.000
 => D-spacing to T.O.F. coefficient dtt2 and code:      1.857     0.000
 => D-spacing to T.O.F. coefficient dtt_1OverD and code:      0.000     0.000
 => T.O.F. 2theta average detector angle      :     27.081

 => Reading Intensity data  =>>

 -> Format ISIS multi-bank 
 -> Title: NaCaAlF HRSF 37K<CH4_T<42K                                                                                                          
 -> COMMENT: # 1 Histograms                                                                                                                      
 -> COMMENT: # File generated by Mantid:                                                                                                         
 -> COMMENT: # Instrument: WISH                                                                                                                  
 -> COMMENT: # From workspace named : w55025-1_10foc                                                                                             
 -> COMMENT: # with Y multiplied by the bin widths.                                                                                              
 -> COMMENT: # Primary flight path 40m                                                                                                           
 -> COMMENT: # Total flight path 42.2223m, tth 27.0805deg, DIFC 4997.65                                                                          
 -> COMMENT: # Data for spectrum :0                                                                                                              
 => Input Data for RALF binning type are internally modified
    Intensities and Standard deviations are trasformed as:
          Ycorr(i)=fac_y*Yread(i)/(TOF(i+1)-TOF(i))
          Scorr(i)=fac_y*Sread(i)/(TOF(i+1)-TOF(i))  (with fac_y=1000 by default)
    Sum of variances:   0.577126E+12
    Maximum R-expected:       4.9734
 ==> T.O.F. range, and number of points:
    TOFmin:    4002.317139  TOFmax:  265781.843750
    No. of points:   4462
 --------------------------------------------------------------------------------
 => Phase  No. 1
      Y5Al3O12 Nuclear                                                      
 --------------------------------------------------------------------------------
 =>-------> Pattern#  1
 => Crystal Structure Refinement
 => The    9th profile function was selected for phase no.  1
 => Preferred orientation vector:   0.0000  0.0000  1.0000
 =>-------> Pattern#  2
 => Crystal Structure Refinement
 => The    9th profile function was selected for phase no.  1
 => Preferred orientation vector:   0.0000  0.0000  1.0000
 =>-------> Pattern#  3
 => Crystal Structure Refinement
 => The    9th profile function was selected for phase no.  1
 => Preferred orientation vector:   0.0000  0.0000  1.0000
 =>-------> Pattern#  4
 => Crystal Structure Refinement
 => The    9th profile function was selected for phase no.  1
 => Preferred orientation vector:   0.0000  0.0000  1.0000
 =>-------> Pattern#  5
 => Crystal Structure Refinement
 => The    9th profile function was selected for phase no.  1
 => Preferred orientation vector:   0.0000  0.0000  1.0000

 =>-------> Data for PHASE: 1
 => Number of atoms:    6
 => Number of distance  constraints:    0
 => Number of angle     constraints:    0

 => Symmetry information on space group: I 21 3              
 -> The multiplicity of the general position is:  24
 -> The space group is Acentric                 
 -> Lattice type  I: { 000; 1/2 1/2 1/2 }+                         
 -> Reduced set of symmetry operators:

  No.  IT   Symmetry symbol    Rotation part     Associated Translation
   1: ( 1)   1            -->     ( x, y, z) + {  0.0000  0.0000  0.0000}
   2: ( 4)   2 ( x, 0, 0) -->     ( x,-y,-z) + {  0.5000  0.5000  0.0000}
   3: ( 3)   2 ( 0, y, 0) -->     (-x, y,-z) + {  0.0000  0.5000  0.5000}
   4: ( 2)   2 ( 0, 0, z) -->     (-x,-y, z) + {  0.5000  0.0000  0.5000}
   5: ( 9)  3- ( x, x, x) -->     ( y, z, x) + {  0.0000  0.0000  0.0000}
   6: (12)  3- (-x, x,-x) -->     (-y,-z, x) + {  0.5000  0.0000  0.5000}
   7: (11)  3- (-x,-x, x) -->     ( y,-z,-x) + {  0.5000  0.5000  0.0000}
   8: (10)  3- ( x,-x,-x) -->     (-y, z,-x) + {  0.0000  0.5000  0.5000}
   9: ( 5)  3+ ( x, x, x) -->     ( z, x, y) + {  0.0000  0.0000  0.0000}
  10: ( 8)  3+ (-x,-x, x) -->     (-z, x,-y) + {  0.0000  0.5000  0.5000}
  11: ( 7)  3+ ( x,-x,-x) -->     (-z,-x, y) + {  0.5000  0.0000  0.5000}
  12: ( 6)  3+ (-x, x,-x) -->     ( z,-x,-y) + {  0.5000  0.5000  0.0000}


        Information on Space Group: 
        --------------------------- 

 =>   Number of Space group: 199
 =>  Hermann-Mauguin Symbol: I 21 3
 =>             Hall Symbol: I 2b 2c 3
 =>            Setting Type: IT (Generated from Hermann-Mauguin symbol)
 =>          Crystal System: Cubic
 =>              Laue Class: m-3
 =>             Point Group: 23
 =>         Bravais Lattice: I
 =>          Lattice Symbol: cI
 =>  Reduced Number of S.O.:  12
 =>    General multiplicity:  24
 =>          Centrosymmetry: Acentric
 =>  Generators (exc. -1&L):   3
 =>         Asymmetric unit:  0.000 <= x <=  0.500
                              0.000 <= y <=  0.500
                              0.000 <= z <=  0.500
 => Centring vectors:  1
 => Latt( 1): (1/2,1/2,1/2)                                                                         

 => List of all Symmetry Operators and Symmetry Symbols

 => SYMM(  1): x,y,z                             Symbol: 1
 => SYMM(  2): x+1/2,-y+1/2,-z                   Symbol: 2 (1/2,0,0) x,1/4,0
 => SYMM(  3): -x,y+1/2,-z+1/2                   Symbol: 2 (0,1/2,0) 0,y,1/4
 => SYMM(  4): -x+1/2,-y,z+1/2                   Symbol: 2 (0,0,1/2) 1/4,0,z
 => SYMM(  5): y,z,x                             Symbol: 3- x,x,x
 => SYMM(  6): -y+1/2,-z,x+1/2                   Symbol: 3+ (1/3,-1/3,1/3) x,-x+1/6,x+1/6
 => SYMM(  7): y+1/2,-z+1/2,-x                   Symbol: 3+ (1/3,1/3,-1/3) x,x-1/6,-x+1/3
 => SYMM(  8): -y,z+1/2,-x+1/2                   Symbol: 3- (-1/3,1/3,1/3) x,-x+1/3,-x+1/6
 => SYMM(  9): z,x,y                             Symbol: 3+ x,x,x
 => SYMM( 10): -z,x+1/2,-y+1/2                   Symbol: 3- x,x+1/2,-x
 => SYMM( 11): -z+1/2,-x,y+1/2                   Symbol: 3+ x,-x,-x+1/2
 => SYMM( 12): z+1/2,-x+1/2,-y                   Symbol: 3- x,-x+1/2,x-1/2
 => SYMM( 13): x+1/2,y+1/2,z+1/2                 Symbol: t (1/2,1/2,1/2)
 => SYMM( 14): x,-y,-z+1/2                       Symbol: 2 x,0,1/4
 => SYMM( 15): -x+1/2,y,-z                       Symbol: 2 1/4,y,0
 => SYMM( 16): -x,-y+1/2,z                       Symbol: 2 0,1/4,z
 => SYMM( 17): y+1/2,z+1/2,x+1/2                 Symbol: 3- (1/2,1/2,1/2) x,x,x
 => SYMM( 18): -y,-z+1/2,x                       Symbol: 3+ (-1/6,1/6,-1/6) x,-x+1/6,x+1/6
 => SYMM( 19): y,-z,-x+1/2                       Symbol: 3+ (-1/6,-1/6,1/6) x,x-1/6,-x+1/3
 => SYMM( 20): -y+1/2,z,-x                       Symbol: 3- (1/6,-1/6,-1/6) x,-x+1/3,-x+1/6
 => SYMM( 21): z+1/2,x+1/2,y+1/2                 Symbol: 3+ (1/2,1/2,1/2) x,x,x
 => SYMM( 22): -z+1/2,x,-y                       Symbol: 3- (1/6,1/6,-1/6) x,x-1/6,-x+1/3
 => SYMM( 23): -z,-x+1/2,y                       Symbol: 3+ (-1/6,1/6,1/6) x,-x+1/3,-x+1/6
 => SYMM( 24): z,-x,-y+1/2                       Symbol: 3- (1/6,-1/6,1/6) x,-x+1/6,x+1/6

 => Special Wyckoff Positions for I 21 3
 
    Multp     Site        Representative Coordinates (centring translations excluded)
     12       b              x,0,1/4             -x,1/2,1/4          0,1/4,x                                 
                             1/2,1/4,-x          1/4,x,0             1/4,-x,1/2                              
 
      8       a              x,x,x               x+1/2,-x+1/2,-x     -x,x+1/2,-x+1/2                         
                             -x+1/2,-x,x+1/2                                                                 
 

 => Initial parameters ==>
 Atom    Ntyp                  X         Y         Z         B         occ.         in  fin  Spc  Mult
                             B11       B22       B33       B12       B13       B23
 Ca1    CA                 0.46610   0.00000   0.25000   0.88721   1.50000           0    0    0   12
                 Codes:    0.00000   0.00000   0.00000   0.00000   0.00000
 Al1    AL                 0.25163   0.25163   0.25163   0.65230   1.00000           0    0    0    8
                 Codes:    0.00000   0.00000   0.00000   0.00000   0.00000
 Na1    NA                 0.08472   0.08472   0.08472   1.89168   1.00000           0    0    0    8
                 Codes:    0.00000   0.00000   0.00000   0.00000   0.00000
 F1     F                  0.13748   0.30533   0.11947   0.89535   3.00000           0    0    0   24
                 Codes:    0.00000   0.00000   0.00000   0.00000   0.00000
 F2     F                  0.36263   0.36333   0.18669   1.27175   3.00000           0    0    0   24
                 Codes:    0.00000   0.00000   0.00000   0.00000   0.00000
 F3     F                  0.46120   0.46120   0.46120   0.78029   1.00000           0    0    0    8
                 Codes:    0.00000   0.00000   0.00000   0.00000   0.00000

 => It is assumed that THE FIRST GIVEN SITE plus all the other atoms 
    occupying THE SAME POSITION have a total full occupation (no vacancies!)
  (if this is not the case, change the order of atoms to obtain correct values for the content of the unit cell)
    The given occupation factors have been obtained mutiplying m/M by   1.5000
      -> Atom: CA  ,  Chemical element: CA  Atomic Mass:    40.0800
      -> Atom: AL  ,  Chemical element: AL  Atomic Mass:    26.9815
      -> Atom: NA  ,  Chemical element: NA  Atomic Mass:    22.9898
      -> Atom: F   ,  Chemical element: F   Atomic Mass:    18.9984
      -> Atom: F   ,  Chemical element: F   Atomic Mass:    18.9984
      -> Atom: F   ,  Chemical element: F   Atomic Mass:    18.9984
 => The given value of ATZ is      17501.77 the program has calculated:       17501.77
    The value of ATZ given in the input PCR file will be used for quantitative analysis
 => The chemical content of the unit cell is: 
      12.0000 CA   +   8.0000 AL   +   8.0000 NA   +  24.0000 F    +  24.0000 F    +   8.0000 F      
 => The normalized site occupation numbers in % are: 
     100.0000 Ca1    :      100.0000 Al1    :      100.0000 Na1    :      100.0000 F1     :      100.0000 F2     :      100.0000 F3       
 => The density (volumic mass) of the compound is:    2.998 g/cm3

 =>-------> PROFILE PARAMETERS FOR PATTERN:  1

 => Overall scale factor:    4.01930    
 => T.O.F. Extinction parameter:   0.0000
 => Overall temperature factor:      0.00000
 => T.O.F. Gaussian variances Sig-2, Sig-1, Sig-0, Sig-Q:     15.69590     0.00000     0.00000     0.00000
 => T.O.F. Isotropic Gaussian strain parameter (G-strain):       0.0000
 => T.O.F. Iso-Gaussian and Aniso-Lor (platelets/needles) Size parameters (G-Size,Ani-LorSiz)  :      0.00000     0.00000
 => T.O.F. Lorentzian FWHM Gam-2, Gam-1, Gam-0:      0.00000     0.00000     0.00000
 => T.O.F. Isotropic Lorentzian strain and size parameters (LStr,LSiz):      0.00000     0.00000
 => Direct cell parameters:   10.2503  10.2503  10.2503  90.0000  90.0000  90.0000
 => Preferred orientation parameters:   1.0000  0.0000
 => T.O.F. Peak shape parameter alpha0,beta0,alpha1,beta1/kappa,alpha-q,beta-Q:     -0.00928     0.00671     0.10962     0.00971     0.00000     0.00000
 => Model-dependent Strain parameters s2,s1,s0:      0.00000     0.00000     0.00000


 ==> CODEWORDS FOR PROFILE PARAMETERS of PATTERN#  1

 => Codeword -Overall scale factor:   0.00000    
 => Codeword  - T.O.F. Extinction parameter:   0.0000
 => Codeword  - Overall temperature factor:      0.00000
 => Codewords - T.O.F. Gaussian variances Sig-2, Sig-1, Sig-0, Sig-Q:      0.00000     0.00000     0.00000     0.00000
 => Codewords - T.O.F. Isotropic Gaussian strain parameter (G-strain):       0.0000
 => Codewords - T.O.F. Iso-Gaussian and Aniso-Lor (platelets/needles) Size parameters (G-Size,Ani-LorSize)  :      0.00000     0.00000
 => Codewords - T.O.F. Lorentzian FWHM Gam-2, Gam-1, Gam-0:      0.00000     0.00000     0.00000
 => Codewords - T.O.F. Isotropic Lorentzian strain and size parameters (LStr,LSiz):      0.00000     0.00000
 => Codewords - Direct cell parameters:    0.0000   0.0000   0.0000   0.0000   0.0000   0.0000
 => Codewords - Preferred orientation parameters:   0.0000  0.0000
 => Codewords - T.O.F. Peak shape parameter alpha0,beta0,alpha1,beta1/kappa,alpha-q,beta-Q:      0.00000     0.00000     0.00000     0.00000     0.00000     0.00000
=> Codewords - Model-dependent Strain parameters s2,s1,s0:      0.00000     0.00000     0.00000


 => Cell constraints according to Laue symmetry: m-3  

        Metric information:
        -------------------

 => Direct cell parameters:

         a =      10.2503      b =      10.2503      c =      10.2503
     alpha =       90.000   beta =       90.000  gamma =       90.000
                        Direct Cell Volume =    1076.9712

 => Reciprocal cell parameters:

         a*=     0.097559      b*=     0.097559      c*=     0.097559
     alpha*=       90.000   beta*=       90.000  gamma*=       90.000
                    Reciprocal Cell Volume =   0.00092853

 => Direct and Reciprocal Metric Tensors:

                   GD                                       GR
    105.0677      0.0000      0.0000          0.009518    0.000000    0.000000
      0.0000    105.0677      0.0000          0.000000    0.009518    0.000000
      0.0000      0.0000    105.0677          0.000000    0.000000    0.009518

 =>  Cartesian frame: x // a; z is along c*; y is within the ab-plane   

     Crystal_to_Orthonormal_Matrix              Orthonormal_to_Crystal Matrix
              Cr_Orth_cel                               Orth_Cr_cel  
     10.2503      0.0000      0.0000          0.097559   -0.000000   -0.000000
      0.0000     10.2503      0.0000          0.000000    0.097559   -0.000000
      0.0000      0.0000     10.2503          0.000000    0.000000    0.097559

     Busing-Levy B-matrix: Hc=B.H            Inverse of the Busing-Levy B-matrix
                BL_M                                      BL_Minv  
    0.097559    0.000000    0.000000           10.2503     -0.0000     -0.0000
    0.000000    0.097559   -0.000000            0.0000     10.2503      0.0000
    0.000000    0.000000    0.097559            0.0000      0.0000     10.2503

 =>-------> PROFILE PARAMETERS FOR PATTERN:  2

 => Overall scale factor:    4.21245    
 => T.O.F. Extinction parameter:   0.0000
 => Overall temperature factor:      0.00000
 => T.O.F. Gaussian variances Sig-2, Sig-1, Sig-0, Sig-Q:     18.19620    29.35690     0.00000     0.00000
 => T.O.F. Isotropic Gaussian strain parameter (G-strain):       0.0000
 => T.O.F. Iso-Gaussian and Aniso-Lor (platelets/needles) Size parameters (G-Size,Ani-LorSiz)  :      0.00000     0.00000
 => T.O.F. Lorentzian FWHM Gam-2, Gam-1, Gam-0:      0.00000     0.00000     0.00000
 => T.O.F. Isotropic Lorentzian strain and size parameters (LStr,LSiz):      0.00000     0.00000
 => Direct cell parameters:   10.2503  10.2503  10.2503  90.0000  90.0000  90.0000
 => Preferred orientation parameters:   1.0000  0.0000
 => T.O.F. Peak shape parameter alpha0,beta0,alpha1,beta1/kappa,alpha-q,beta-Q:     -0.01160     0.00643     0.12276     0.01468     0.00000     0.00000
 => Model-dependent Strain parameters s2,s1,s0:      0.00000     0.00000     0.00000


 ==> CODEWORDS FOR PROFILE PARAMETERS of PATTERN#  2

 => Codeword -Overall scale factor:   0.00000    
 => Codeword  - T.O.F. Extinction parameter:   0.0000
 => Codeword  - Overall temperature factor:      0.00000
 => Codewords - T.O.F. Gaussian variances Sig-2, Sig-1, Sig-0, Sig-Q:      0.00000     0.00000     0.00000     0.00000
 => Codewords - T.O.F. Isotropic Gaussian strain parameter (G-strain):       0.0000
 => Codewords - T.O.F. Iso-Gaussian and Aniso-Lor (platelets/needles) Size parameters (G-Size,Ani-LorSize)  :      0.00000     0.00000
 => Codewords - T.O.F. Lorentzian FWHM Gam-2, Gam-1, Gam-0:      0.00000     0.00000     0.00000
 => Codewords - T.O.F. Isotropic Lorentzian strain and size parameters (LStr,LSiz):      0.00000     0.00000
 => Codewords - Direct cell parameters:    0.0000   0.0000   0.0000   0.0000   0.0000   0.0000
 => Codewords - Preferred orientation parameters:   0.0000  0.0000
 => Codewords - T.O.F. Peak shape parameter alpha0,beta0,alpha1,beta1/kappa,alpha-q,beta-Q:      0.00000     0.00000     0.00000     0.00000     0.00000     0.00000
=> Codewords - Model-dependent Strain parameters s2,s1,s0:      0.00000     0.00000     0.00000


 => Cell constraints according to Laue symmetry: m-3  

 =>-------> PROFILE PARAMETERS FOR PATTERN:  3

 => Overall scale factor:    4.14951    
 => T.O.F. Extinction parameter:   0.0000
 => Overall temperature factor:      0.00000
 => T.O.F. Gaussian variances Sig-2, Sig-1, Sig-0, Sig-Q:     16.85990    62.24430     0.00000     0.00000
 => T.O.F. Isotropic Gaussian strain parameter (G-strain):       0.0000
 => T.O.F. Iso-Gaussian and Aniso-Lor (platelets/needles) Size parameters (G-Size,Ani-LorSiz)  :      0.00000     0.00000
 => T.O.F. Lorentzian FWHM Gam-2, Gam-1, Gam-0:      0.00000     0.00020     0.00000
 => T.O.F. Isotropic Lorentzian strain and size parameters (LStr,LSiz):      0.00000     0.00000
 => Direct cell parameters:   10.2503  10.2503  10.2503  90.0000  90.0000  90.0000
 => Preferred orientation parameters:   1.0000  0.0000
 => T.O.F. Peak shape parameter alpha0,beta0,alpha1,beta1/kappa,alpha-q,beta-Q:     -0.01213     0.00599     0.12290     0.02766     0.00000     0.00000
 => Model-dependent Strain parameters s2,s1,s0:      0.00000     0.00000     0.00000


 ==> CODEWORDS FOR PROFILE PARAMETERS of PATTERN#  3

 => Codeword -Overall scale factor:   0.00000    
 => Codeword  - T.O.F. Extinction parameter:   0.0000
 => Codeword  - Overall temperature factor:      0.00000
 => Codewords - T.O.F. Gaussian variances Sig-2, Sig-1, Sig-0, Sig-Q:      0.00000     0.00000     0.00000     0.00000
 => Codewords - T.O.F. Isotropic Gaussian strain parameter (G-strain):       0.0000
 => Codewords - T.O.F. Iso-Gaussian and Aniso-Lor (platelets/needles) Size parameters (G-Size,Ani-LorSize)  :      0.00000     0.00000
 => Codewords - T.O.F. Lorentzian FWHM Gam-2, Gam-1, Gam-0:      0.00000     0.00000     0.00000
 => Codewords - T.O.F. Isotropic Lorentzian strain and size parameters (LStr,LSiz):      0.00000     0.00000
 => Codewords - Direct cell parameters:    0.0000   0.0000   0.0000   0.0000   0.0000   0.0000
 => Codewords - Preferred orientation parameters:   0.0000  0.0000
 => Codewords - T.O.F. Peak shape parameter alpha0,beta0,alpha1,beta1/kappa,alpha-q,beta-Q:      0.00000     0.00000     0.00000     0.00000     0.00000     0.00000
=> Codewords - Model-dependent Strain parameters s2,s1,s0:      0.00000     0.00000     0.00000


 => Cell constraints according to Laue symmetry: m-3  

 =>-------> PROFILE PARAMETERS FOR PATTERN:  4

 => Overall scale factor:    4.01718    
 => T.O.F. Extinction parameter:   0.0000
 => Overall temperature factor:      0.00000
 => T.O.F. Gaussian variances Sig-2, Sig-1, Sig-0, Sig-Q:     23.05130    69.82100     0.00000     0.00000
 => T.O.F. Isotropic Gaussian strain parameter (G-strain):       0.0000
 => T.O.F. Iso-Gaussian and Aniso-Lor (platelets/needles) Size parameters (G-Size,Ani-LorSiz)  :      0.00000     0.00000
 => T.O.F. Lorentzian FWHM Gam-2, Gam-1, Gam-0:      0.00000     1.68460     0.00000
 => T.O.F. Isotropic Lorentzian strain and size parameters (LStr,LSiz):      0.00000     0.00000
 => Direct cell parameters:   10.2503  10.2503  10.2503  90.0000  90.0000  90.0000
 => Preferred orientation parameters:   1.0000  0.0000
 => T.O.F. Peak shape parameter alpha0,beta0,alpha1,beta1/kappa,alpha-q,beta-Q:      0.04056     0.00532     0.02387     0.08330     0.00000     0.00000
 => Model-dependent Strain parameters s2,s1,s0:      0.00000     0.00000     0.00000


 ==> CODEWORDS FOR PROFILE PARAMETERS of PATTERN#  4

 => Codeword -Overall scale factor:   0.00000    
 => Codeword  - T.O.F. Extinction parameter:   0.0000
 => Codeword  - Overall temperature factor:      0.00000
 => Codewords - T.O.F. Gaussian variances Sig-2, Sig-1, Sig-0, Sig-Q:      0.00000     0.00000     0.00000     0.00000
 => Codewords - T.O.F. Isotropic Gaussian strain parameter (G-strain):       0.0000
 => Codewords - T.O.F. Iso-Gaussian and Aniso-Lor (platelets/needles) Size parameters (G-Size,Ani-LorSize)  :      0.00000     0.00000
 => Codewords - T.O.F. Lorentzian FWHM Gam-2, Gam-1, Gam-0:      0.00000     0.00000     0.00000
 => Codewords - T.O.F. Isotropic Lorentzian strain and size parameters (LStr,LSiz):      0.00000     0.00000
 => Codewords - Direct cell parameters:    0.0000   0.0000   0.0000   0.0000   0.0000   0.0000
 => Codewords - Preferred orientation parameters:   0.0000  0.0000
 => Codewords - T.O.F. Peak shape parameter alpha0,beta0,alpha1,beta1/kappa,alpha-q,beta-Q:      0.00000     0.00000     0.00000     0.00000     0.00000     0.00000
=> Codewords - Model-dependent Strain parameters s2,s1,s0:      0.00000     0.00000     0.00000


 => Cell constraints according to Laue symmetry: m-3  

 =>-------> PROFILE PARAMETERS FOR PATTERN:  5

 => Overall scale factor:    4.11644    
 => T.O.F. Extinction parameter:   0.0000
 => Overall temperature factor:      0.00000
 => T.O.F. Gaussian variances Sig-2, Sig-1, Sig-0, Sig-Q:     15.40630     0.00000     0.00000     0.00000
 => T.O.F. Isotropic Gaussian strain parameter (G-strain):       0.0000
 => T.O.F. Iso-Gaussian and Aniso-Lor (platelets/needles) Size parameters (G-Size,Ani-LorSiz)  :      0.00000     0.00000
 => T.O.F. Lorentzian FWHM Gam-2, Gam-1, Gam-0:      0.00000     8.29040     0.00000
 => T.O.F. Isotropic Lorentzian strain and size parameters (LStr,LSiz):      0.00000     0.00000
 => Direct cell parameters:   10.2503  10.2503  10.2503  90.0000  90.0000  90.0000
 => Preferred orientation parameters:   1.0000  0.0000
 => T.O.F. Peak shape parameter alpha0,beta0,alpha1,beta1/kappa,alpha-q,beta-Q:      0.01444     0.00471     0.05507     0.13737     0.00000     0.00000
 => Model-dependent Strain parameters s2,s1,s0:      0.00000     0.00000     0.00000


 ==> CODEWORDS FOR PROFILE PARAMETERS of PATTERN#  5

 => Codeword -Overall scale factor:   0.00000    
 => Codeword  - T.O.F. Extinction parameter:   0.0000
 => Codeword  - Overall temperature factor:      0.00000
 => Codewords - T.O.F. Gaussian variances Sig-2, Sig-1, Sig-0, Sig-Q:      0.00000     0.00000     0.00000     0.00000
 => Codewords - T.O.F. Isotropic Gaussian strain parameter (G-strain):       0.0000
 => Codewords - T.O.F. Iso-Gaussian and Aniso-Lor (platelets/needles) Size parameters (G-Size,Ani-LorSize)  :      0.00000     0.00000
 => Codewords - T.O.F. Lorentzian FWHM Gam-2, Gam-1, Gam-0:      0.00000     0.00000     0.00000
 => Codewords - T.O.F. Isotropic Lorentzian strain and size parameters (LStr,LSiz):      0.00000     0.00000
 => Codewords - Direct cell parameters:    0.0000   0.0000   0.0000   0.0000   0.0000   0.0000
 => Codewords - Preferred orientation parameters:   0.0000  0.0000
 => Codewords - T.O.F. Peak shape parameter alpha0,beta0,alpha1,beta1/kappa,alpha-q,beta-Q:      0.00000     0.00000     0.00000     0.00000     0.00000     0.00000
=> Codewords - Model-dependent Strain parameters s2,s1,s0:      0.00000     0.00000     0.00000


 => Cell constraints according to Laue symmetry: m-3  

 => Laue symmetry m-3   will be used to generate HKL for pattern#   1
 => Reflections generated between S(1/d)min:  0.2009 A-1 and S(1/d)max:  2.6092 A-1
 =>                                    dmax:  4.9784 A   and      dmin:  0.3833 A
 => The number of reflections generated is:   1820
 => The max. scatt. variable (gen.ref.) is:    103417.6719
 => Scattering coefficients from internal table

 => Scattering lengths:

 CA     0.4700
 AL     0.3449
 NA     0.3630
 F      0.5654

 => Laue symmetry m-3   will be used to generate HKL for pattern#   2
 => Reflections generated between S(1/d)min:  0.1711 A-1 and S(1/d)max:  2.3131 A-1
 =>                                    dmax:  5.8458 A   and      dmin:  0.4323 A
 => The number of reflections generated is:   1283
 => The max. scatt. variable (gen.ref.) is:    109083.4844
 => Scattering coefficients from internal table

 => Scattering lengths:

 CA     0.4700
 AL     0.3449
 NA     0.3630
 F      0.5654

 => Laue symmetry m-3   will be used to generate HKL for pattern#   3
 => Reflections generated between S(1/d)min:  0.1290 A-1 and S(1/d)max:  1.9387 A-1
 =>                                    dmax:  7.7513 A   and      dmin:  0.5158 A
 => The number of reflections generated is:    767
 => The max. scatt. variable (gen.ref.) is:    117086.1953
 => Scattering coefficients from internal table

 => Scattering lengths:

 CA     0.4700
 AL     0.3449
 NA     0.3630
 F      0.5654

 => Laue symmetry m-3   will be used to generate HKL for pattern#   4
 => Reflections generated between S(1/d)min:  0.0764 A-1 and S(1/d)max:  1.7430 A-1
 =>                                    dmax: 13.0914 A   and      dmin:  0.5737 A
 => The number of reflections generated is:    567
 => The max. scatt. variable (gen.ref.) is:    136018.0156
 => Scattering coefficients from internal table

 => Scattering lengths:

 CA     0.4700
 AL     0.3449
 NA     0.3630
 F      0.5654

 => Laue symmetry m-3   will be used to generate HKL for pattern#   5
 => Reflections generated between S(1/d)min:  0.0188 A-1 and S(1/d)max:  0.7975 A-1
 =>                                    dmax: 53.3048 A   and      dmin:  1.2539 A
 => The number of reflections generated is:     63
 => The max. scatt. variable (gen.ref.) is:    265781.8438
 => Scattering coefficients from internal table

 => Scattering lengths:

 CA     0.4700
 AL     0.3449
 NA     0.3630
 F      0.5654
  
 
 => No optimization for routine tasks
 ++++++++++++++++++++++++++++++++++++++++++++++++++++++++++++++++++++++++++++++++++++++++++++++++++++++++++++++++++++++++++++++++++++

 => CYCLE No.:    1
 ------------------------------------------------------------------------------------------------------------------------------------
 => Phase  1 Name: Y5Al3O12 Nuclear
 ------------------------------------------------------------------------------------------------------------------------------------
 => New parameters, shifts, and standard deviations

 Atom        x       dx      sx       y       dy      sy       z       dz      sz       B       dB      sB      occ.    docc.   socc.

 Ca1      0.46610 0.00000 0.00000  0.00000 0.00000 0.00000  0.25000 0.00000 0.00000  0.88721 0.00000 0.00000  1.50000 0.00000 0.00000
 Al1      0.25163 0.00000 0.00000  0.25163 0.00000 0.00000  0.25163 0.00000 0.00000  0.65230 0.00000 0.00000  1.00000 0.00000 0.00000
 Na1      0.08472 0.00000 0.00000  0.08472 0.00000 0.00000  0.08472 0.00000 0.00000  1.89168 0.00000 0.00000  1.00000 0.00000 0.00000
 F1       0.13748 0.00000 0.00000  0.30533 0.00000 0.00000  0.11947 0.00000 0.00000  0.89535 0.00000 0.00000  3.00000 0.00000 0.00000
 F2       0.36263 0.00000 0.00000  0.36333 0.00000 0.00000  0.18669 0.00000 0.00000  1.27175 0.00000 0.00000  3.00000 0.00000 0.00000
 F3       0.46120 0.00000 0.00000  0.46120 0.00000 0.00000  0.46120 0.00000 0.00000  0.78029 0.00000 0.00000  1.00000 0.00000 0.00000

 ==> PROFILE PARAMETERS FOR PATTERN#  1

 => Overall scale factor       :      4.019303799     0.000000000     0.000000000
 => T.O.F. Extinction parameter:     0.000000    0.000000    0.000000
 => Overall temperature  factor:     0.000000    0.000000    0.000000
 => T.O.F. Gaussian variances Sig-2, Sig-1, Sig-0: 
        15.695900    0.000000    0.000000
         0.000000    0.000000    0.000000
         0.000000    0.000000    0.000000

 => T.O.F. Gaussian variance Sig-Q:     0.000000    0.000000    0.000000
 => T.O.F. Isotropic Gaussian strain parameter (G-strain)::      0.00000     0.00000     0.00000
 => T.O.F. Isotropic Gaussian  Size  parameter (G-size)  ::      0.00000     0.00000     0.00000
 => T.O.F. Anisotropic Lorentzian  Size  parameter (Ani-LorSize)  ::      0.00000     0.00000     0.00000
 => T.O.F. Lorentzian FWHM Gam-2, Gam-1, Gam-0: 
         0.000000    0.000000    0.000000
         0.000000    0.000000    0.000000
         0.000000    0.000000    0.000000

 => T.O.F. Isotropic Lorentzian strain and size parameters (LStr,LSiz): 
         0.000000    0.000000    0.000000
         0.000000    0.000000    0.000000

 => Model-dependent Strain parameters s2,s1,s0: 
         0.000000    0.000000    0.000000
         0.000000    0.000000    0.000000
         0.000000    0.000000    0.000000

 => Direct cell parameters: 
       10.250256    0.000000    0.000000
       10.250256    0.000000    0.000000
       10.250256    0.000000    0.000000
       90.000000    0.000000    0.000000
       90.000000    0.000000    0.000000
       90.000000    0.000000    0.000000

 => Preferred orientation parameters: 
         1.000000    0.000000    0.000000
         0.000000    0.000000    0.000000

 => T.O.F. Peak shape parameter a0,b0,a1,b1/kappa: 
       -0.009276    0.000000    0.000000
        0.006705    0.000000    0.000000
        0.109622    0.000000    0.000000
        0.009708    0.000000    0.000000

 => Absorption parameters: 
       0.000000  0.000000  0.000000
       0.000000  0.000000  0.000000

 ==> GLOBAL PARAMETERS FOR PATTERN#  1


 => Zero-point:   -13.8813    0.0000    0.0000

 => T.O.F.- dtt1       (    TOFo=dtt1*dsp     ):  20773.12      0.00      0.00
 => T.O.F.- dtt2       (TOF=TOFo+dtt2*dsp*dsp ):     -1.08      0.00      0.00
 => T.O.F.- dtt_1OverD (TOF=TOF+dtt_1overD/dsp):      0.00      0.00      0.00

 ==> RELIABILITY FACTORS WITH ALL NON-EXCLUDED POINTS FOR PATTERN:  1

 => R-Factors:   7.48      8.27     Chi2:  15.2     DW-Stat.:  0.3495   Patt#:  1
 => Expected :            2.12                                1.8991
 => Deviance : 0.338E+05     Dev*:   8.929    
 => GoF-index:  3.9         Sqrt(Residual/N)
 => N-P+C:  3789

 =>    SumYdif       SumYobs      SumYcal      SumwYobsSQ     Residual    Condition
     0.1865E+06    0.2492E+07    0.2467E+07    0.8453E+07    0.5778E+05     0.000    


 => Conventional Rietveld Rp,Rwp,Re and Chi2:   17.7      12.5      3.21      15.25    
 => (Values obtained using Ynet, but true sigma(y))
 =>  SumYnet, Sum(w Ynet**2):     0.1054E+07    0.3685E+07


 ==> RELIABILITY FACTORS FOR POINTS WITH BRAGG CONTRIBUTIONS FOR PATTERN:  1

 => R-Factors:   7.51      8.27     Chi2:  15.9     DW-Stat.:  0.3501   Patt#:
 => Expected :            2.08                                1.8970
 => Deviance : 0.336E+05     Dev*:   9.232    
 => GoF-index:  4.0         Sqrt(Residual/N)
 => N-P+C:  3636

 =>    SumYdif       SumYobs      SumYcal      SumwYobsSQ     Residual    Condition
     0.1841E+06    0.2452E+07    0.2427E+07    0.8430E+07    0.5769E+05     0.000    


 => Conventional Rietveld Rp,Rwp,Re and Chi2:   17.5      12.5      3.14      15.87    
 => (Values obtained using Ynet, but true sigma(y))
 =>  SumYnet, Sum(w Ynet**2):     0.1054E+07    0.3685E+07


 => Global user-weigthed Chi2 (Bragg contrib.):   15.9    

 => ---------> Pattern#  1
 => Phase:  1
 =>    Bragg R-factor:  3.99    
 =>    RF-factor     :  18.8    


   Standard deviations have to be multiplied by: 3.2042
   (correlated residuals) See references:
  -J.F.Berar & P.Lelann, J. Appl. Cryst. 24, 1-5 (1991) 
  -J.F.Berar, Acc. in Pow. Diff. II,NIST Sp.Pub. 846, 63(1992) 

 ++++++++++++++++++++++++++++++++++++++++++++++++++++++++++++++++++++++++++++++++++++++++++++++++++++++++++++++++++++++++++++++++++++

 => CYCLE No.:    1
 =>  Convergence reached at this CYCLE !!!!
 =>  Parameter shifts set to zero
 ------------------------------------------------------------------------------------------------------------------------------------
 => Phase  1 Name: Y5Al3O12 Nuclear
 ------------------------------------------------------------------------------------------------------------------------------------
 => New parameters, shifts, and standard deviations

 Atom        x       dx      sx       y       dy      sy       z       dz      sz       B       dB      sB      occ.    docc.   socc.

 Ca1      0.46610 0.00000 0.00000  0.00000 0.00000 0.00000  0.25000 0.00000 0.00000  0.88721 0.00000 0.00000  1.50000 0.00000 0.00000
 Al1      0.25163 0.00000 0.00000  0.25163 0.00000 0.00000  0.25163 0.00000 0.00000  0.65230 0.00000 0.00000  1.00000 0.00000 0.00000
 Na1      0.08472 0.00000 0.00000  0.08472 0.00000 0.00000  0.08472 0.00000 0.00000  1.89168 0.00000 0.00000  1.00000 0.00000 0.00000
 F1       0.13748 0.00000 0.00000  0.30533 0.00000 0.00000  0.11947 0.00000 0.00000  0.89535 0.00000 0.00000  3.00000 0.00000 0.00000
 F2       0.36263 0.00000 0.00000  0.36333 0.00000 0.00000  0.18669 0.00000 0.00000  1.27175 0.00000 0.00000  3.00000 0.00000 0.00000
 F3       0.46120 0.00000 0.00000  0.46120 0.00000 0.00000  0.46120 0.00000 0.00000  0.78029 0.00000 0.00000  1.00000 0.00000 0.00000

 ==> PROFILE PARAMETERS FOR PATTERN#  1

 => Overall scale factor       :      4.019303799     0.000000000     0.000000000
 => T.O.F. Extinction parameter:     0.000000    0.000000    0.000000
 => Overall temperature  factor:     0.000000    0.000000    0.000000
 => T.O.F. Gaussian variances Sig-2, Sig-1, Sig-0: 
        15.695900    0.000000    0.000000
         0.000000    0.000000    0.000000
         0.000000    0.000000    0.000000

 => T.O.F. Gaussian variance Sig-Q:     0.000000    0.000000    0.000000
 => T.O.F. Isotropic Gaussian strain parameter (G-strain)::      0.00000     0.00000     0.00000
 => T.O.F. Isotropic Gaussian  Size  parameter (G-size)  ::      0.00000     0.00000     0.00000
 => T.O.F. Anisotropic Lorentzian  Size  parameter (Ani-LorSize)  ::      0.00000     0.00000     0.00000
 => T.O.F. Lorentzian FWHM Gam-2, Gam-1, Gam-0: 
         0.000000    0.000000    0.000000
         0.000000    0.000000    0.000000
         0.000000    0.000000    0.000000

 => T.O.F. Isotropic Lorentzian strain and size parameters (LStr,LSiz): 
         0.000000    0.000000    0.000000
         0.000000    0.000000    0.000000

 => Model-dependent Strain parameters s2,s1,s0: 
         0.000000    0.000000    0.000000
         0.000000    0.000000    0.000000
         0.000000    0.000000    0.000000

 => Direct cell parameters: 
       10.250256    0.000000    0.000000
       10.250256    0.000000    0.000000
       10.250256    0.000000    0.000000
       90.000000    0.000000    0.000000
       90.000000    0.000000    0.000000
       90.000000    0.000000    0.000000

 => Preferred orientation parameters: 
         1.000000    0.000000    0.000000
         0.000000    0.000000    0.000000

 => T.O.F. Peak shape parameter a0,b0,a1,b1/kappa: 
       -0.009276    0.000000    0.000000
        0.006705    0.000000    0.000000
        0.109622    0.000000    0.000000
        0.009708    0.000000    0.000000

 => Absorption parameters: 
       0.000000  0.000000  0.000000
       0.000000  0.000000  0.000000

 ==> GLOBAL PARAMETERS FOR PATTERN#  1


 => Zero-point:   -13.8813    0.0000    0.0000

 => T.O.F.- dtt1       (    TOFo=dtt1*dsp     ):  20773.12      0.00      0.00
 => T.O.F.- dtt2       (TOF=TOFo+dtt2*dsp*dsp ):     -1.08      0.00      0.00
 => T.O.F.- dtt_1OverD (TOF=TOF+dtt_1overD/dsp):      0.00      0.00      0.00

 ==> RELIABILITY FACTORS WITH ALL NON-EXCLUDED POINTS FOR PATTERN:  1

 => R-Factors:   7.48      8.27     Chi2:  15.2     DW-Stat.:  0.3495   Patt#:  1
 => Expected :            2.12                                1.8991
 => Deviance : 0.338E+05     Dev*:   8.929    
 => GoF-index:  3.9         Sqrt(Residual/N)
 => N-P+C:  3789

 =>    SumYdif       SumYobs      SumYcal      SumwYobsSQ     Residual    Condition
     0.1865E+06    0.2492E+07    0.2467E+07    0.8453E+07    0.5778E+05     0.000    


 => Conventional Rietveld Rp,Rwp,Re and Chi2:   17.7      12.5      3.21      15.25    
 => (Values obtained using Ynet, but true sigma(y))
 =>  SumYnet, Sum(w Ynet**2):     0.1054E+07    0.3685E+07

 => N-sigma of the GoF:      620.211

 ==> RELIABILITY FACTORS FOR POINTS WITH BRAGG CONTRIBUTIONS FOR PATTERN:  1

 => R-Factors:   7.51      8.27     Chi2:  15.9     DW-Stat.:  0.3501   Patt#:
 => Expected :            2.08                                1.8970
 => Deviance : 0.336E+05     Dev*:   9.232    
 => GoF-index:  4.0         Sqrt(Residual/N)
 => N-P+C:  3636

 =>    SumYdif       SumYobs      SumYcal      SumwYobsSQ     Residual    Condition
     0.1841E+06    0.2452E+07    0.2427E+07    0.8430E+07    0.5769E+05     0.000    


 => Conventional Rietveld Rp,Rwp,Re and Chi2:   17.5      12.5      3.14      15.87    
 => (Values obtained using Ynet, but true sigma(y))
 =>  SumYnet, Sum(w Ynet**2):     0.1054E+07    0.3685E+07

 => N-sigma of the GoF:      633.890

 => Global user-weigthed Chi2 (Bragg contrib.):   15.9    

 => ---------> Pattern#  1
 => Phase:  1
 =>    Bragg R-factor:  3.99    
 =>    RF-factor     :  18.8    

 --------------------------------------------------------------------------------------------------------------------------------------------------------
 Pattern#  1 Phase No.:   1 Phase name: Y5Al3O12 Nuclear
 --------------------------------------------------------------------------------------------------------------------------------------------------------

   No.  Code     H   K   L  Mult     Hw     2theta/TOF      Icalc       Iobs      Sigma    HwG     HwL     ETA     d-hkl  TOF_alpha  TOF_beta     CORR

      1   1     14  18   6    24     1.763    9030.235       22.5       10.9    147.693   1.763   0.000   0.000  0.434708  0.242898  0.278562  1.000000
      2   1     18  14   6    24     1.763    9030.235        1.1        0.5      7.214   1.763   0.000   0.000  0.434708  0.242898  0.278562  1.000000
      3   1     22   6   6    24     1.763    9030.235       26.3       12.7    172.120   1.763   0.000   0.000  0.434708  0.242898  0.278562  1.000000
      4   1      4  23   3    24     1.769    9046.521       47.7        0.0     71.862   1.769   0.000   0.000  0.435492  0.242444  0.276610  1.000000
      5   1      5  23   0    12     1.769    9046.521       21.0        0.0     31.549   1.769   0.000   0.000  0.435492  0.242444  0.276610  1.000000
      6   1      8  21   7    24     1.769    9046.521      145.5        0.0    219.066   1.769   0.000   0.000  0.435492  0.242444  0.276610  1.000000
      7   1     12  17  11    24     1.769    9046.521       93.6        0.0    140.864   1.769   0.000   0.000  0.435492  0.242444  0.276610  1.000000
      8   1     12  19   7    24     1.769    9046.521       15.3        0.0     22.968   1.769   0.000   0.000  0.435492  0.242444  0.276610  1.000000
      9   1     16  17   3    24     1.769    9046.521        5.6        0.0      8.500   1.769   0.000   0.000  0.435492  0.242444  0.276610  1.000000
     10   1     17  12  11    24     1.769    9046.521      106.9        0.0    160.975   1.769   0.000   0.000  0.435492  0.242444  0.276610  1.000000
     11   1     17  16   3    24     1.769    9046.521      134.9        0.0    203.054   1.769   0.000   0.000  0.435492  0.242444  0.276610  1.000000
     12   1     19  12   7    24     1.769    9046.521       23.8        0.0     35.808   1.769   0.000   0.000  0.435492  0.242444  0.276610  1.000000
     13   1     21   8   7    24     1.769    9046.521       50.1        0.0     75.471   1.769   0.000   0.000  0.435492  0.242444  0.276610  1.000000
     14   1     23   4   3    24     1.769    9046.521       68.0        0.0    102.441   1.769   0.000   0.000  0.435492  0.242444  0.276610  1.000000
     15   1     23   5   0    12     1.769    9046.521        5.1        0.0      7.738   1.769   0.000   0.000  0.435492  0.242444  0.276610  1.000000
     16   1      8  22   2    24     1.776    9062.894       53.7        0.0    106.617   1.776   0.000   0.000  0.436280  0.241989  0.274665  1.000000
     17   1     14  16  10    24     1.776    9062.894       68.6        0.0    136.167   1.776   0.000   0.000  0.436280  0.241989  0.274665  1.000000
     18   1     16  14  10    24     1.776    9062.894      163.1        0.0    323.654   1.776   0.000   0.000  0.436280  0.241989  0.274665  1.000000
     19   1     22   8   2    24     1.776    9062.894      182.5        0.0    362.261   1.776   0.000   0.000  0.436280  0.241989  0.274665  1.000000
     20   1     10  21   3    24     1.782    9079.358       70.0        4.8    151.370   1.782   0.000   0.000  0.437072  0.241534  0.272726  1.000000
     21   1     15  15  10    24     1.782    9079.358      138.2        9.4    298.670   1.782   0.000   0.000  0.437072  0.241534  0.272726  1.000000
     22   1     15  17   6    24     1.782    9079.358       89.7        6.1    193.905   1.782   0.000   0.000  0.437072  0.241534  0.272726  1.000000
     23   1     15  18   1    24     1.782    9079.358       16.3        1.1     35.177   1.782   0.000   0.000  0.437072  0.241534  0.272726  1.000000
     24   1     17  15   6    24     1.782    9079.358       13.8        0.9     29.819   1.782   0.000   0.000  0.437072  0.241534  0.272726  1.000000
     25   1     18  15   1    24     1.782    9079.358       72.1        4.9    155.933   1.782   0.000   0.000  0.437072  0.241534  0.272726  1.000000
     26   1     21  10   3    24     1.782    9079.358       99.1        6.8    214.084   1.782   0.000   0.000  0.437072  0.241534  0.272726  1.000000
     27   1      8  22   0    12     1.789    9095.911        0.4        1.7      0.892   1.789   0.000   0.000  0.437869  0.241077  0.270795  1.000000
     28   1     12  20   2    24     1.789    9095.911       36.5      157.9     82.633   1.789   0.000   0.000  0.437869  0.241077  0.270795  1.000000
     29   1     16  16   6    24     1.789    9095.911       26.3      113.9     59.640   1.789   0.000   0.000  0.437869  0.241077  0.270795  1.000000
     30   1     20  12   2    24     1.789    9095.911      266.6     1154.5    604.266   1.789   0.000   0.000  0.437869  0.241077  0.270795  1.000000
     31   1     22   8   0    12     1.789    9095.911      136.1      589.4    308.482   1.789   0.000   0.000  0.437869  0.241077  0.270795  1.000000
     32   1      4  23   1    24     1.795    9112.555       30.0        0.0     30.560   1.795   0.000   0.000  0.438670  0.240620  0.268871  1.000000
     33   1     11  19   8    24     1.795    9112.555      109.9        0.0    112.087   1.795   0.000   0.000  0.438670  0.240620  0.268871  1.000000
     34   1     11  20   5    24     1.795    9112.555       60.4        0.0     61.651   1.795   0.000   0.000  0.438670  0.240620  0.268871  1.000000
     35   1     13  16  11    24     1.795    9112.555       19.6        0.0     19.944   1.795   0.000   0.000  0.438670  0.240620  0.268871  1.000000
     36   1     13  19   4    24     1.795    9112.555      139.6        0.0    142.428   1.795   0.000   0.000  0.438670  0.240620  0.268871  1.000000
     37   1     16  13  11    24     1.795    9112.555       75.0        0.0     76.527   1.795   0.000   0.000  0.438670  0.240620  0.268871  1.000000
     38   1     16  17   1    24     1.795    9112.555      179.2        0.0    182.784   1.795   0.000   0.000  0.438670  0.240620  0.268871  1.000000
     39   1     17  16   1    24     1.795    9112.555       51.5        0.0     52.578   1.795   0.000   0.000  0.438670  0.240620  0.268871  1.000000
     40   1     19  11   8    24     1.795    9112.555      120.4        0.0    122.797   1.795   0.000   0.000  0.438670  0.240620  0.268871  1.000000
     41   1     19  13   4    24     1.795    9112.555      197.0        0.0    200.912   1.795   0.000   0.000  0.438670  0.240620  0.268871  1.000000
     42   1     20  11   5    24     1.795    9112.555       66.5        0.0     67.842   1.795   0.000   0.000  0.438670  0.240620  0.268871  1.000000
     43   1     23   4   1    24     1.795    9112.555       15.8        0.0     16.110   1.795   0.000   0.000  0.438670  0.240620  0.268871  1.000000
     44   1     12  20   0    12     1.802    9129.291        6.5       12.3     31.398   1.802   0.000   0.000  0.439476  0.240162  0.266954  1.000000
     45   1     16  12  12    24     1.802    9129.291      113.3      215.9    551.573   1.802   0.000   0.000  0.439476  0.240162  0.266954  1.000000
     46   1     20  12   0    12     1.802    9129.291        1.6        3.0      7.643   1.802   0.000   0.000  0.439476  0.240162  0.266954  1.000000
     47   1      3  23   2    24     1.809    9146.119       31.1       56.2     54.142   1.809   0.000   0.000  0.440286  0.239703  0.265044  1.000000
     48   1      7  22   3    24     1.809    9146.119      124.2      224.6    216.300   1.809   0.000   0.000  0.440286  0.239703  0.265044  1.000000
     49   1     10  19   9    24     1.809    9146.119      115.4      208.6    200.898   1.809   0.000   0.000  0.440286  0.239703  0.265044  1.000000
     50   1     10  21   1    24     1.809    9146.119       52.1       94.1     90.645   1.809   0.000   0.000  0.440286  0.239703  0.265044  1.000000
     51   1     13  18   7    24     1.809    9146.119       29.5       53.4     51.378   1.809   0.000   0.000  0.440286  0.239703  0.265044  1.000000
     52   1     14  15  11    24     1.809    9146.119        1.9        3.5      3.326   1.809   0.000   0.000  0.440286  0.239703  0.265044  1.000000
     53   1     15  14  11    24     1.809    9146.119      153.2      277.0    266.734   1.809   0.000   0.000  0.440286  0.239703  0.265044  1.000000
     54   1     18  13   7    24     1.809    9146.119       54.1       97.7     94.127   1.809   0.000   0.000  0.440286  0.239703  0.265044  1.000000
     55   1     19  10   9    24     1.809    9146.119       20.2       36.5     35.149   1.809   0.000   0.000  0.440286  0.239703  0.265044  1.000000
     56   1     21  10   1    24     1.809    9146.119      115.8      209.4    201.656   1.809   0.000   0.000  0.440286  0.239703  0.265044  1.000000
     57   1     22   7   3    24     1.809    9146.119       20.1       36.3     35.000   1.809   0.000   0.000  0.440286  0.239703  0.265044  1.000000
     58   1     23   3   2    24     1.809    9146.119       59.8      108.2    104.156   1.809   0.000   0.000  0.440286  0.239703  0.265044  1.000000
     59   1      3  23   0    12     1.822    9180.057        7.4        0.0     17.588   1.822   0.000   0.000  0.441920  0.238783  0.261245  1.000000
     60   1      9  21   4    24     1.822    9180.057       55.8        0.0    132.522   1.822   0.000   0.000  0.441920  0.238783  0.261245  1.000000

   No.  Code     H   K   L  Mult     Hw     2theta/TOF      Icalc       Iobs      Sigma    HwG     HwL     ETA     d-hkl  TOF_alpha  TOF_beta     CORR

     61   1     13  15  12    24     1.822    9180.057      126.7        0.0    301.219   1.822   0.000   0.000  0.441920  0.238783  0.261245  1.000000
     62   1     15  13  12    24     1.822    9180.057        1.0        0.0      2.389   1.822   0.000   0.000  0.441920  0.238783  0.261245  1.000000
     63   1     21   9   4    24     1.822    9180.057      129.1        0.0    306.748   1.822   0.000   0.000  0.441920  0.238783  0.261245  1.000000
     64   1     23   3   0    12     1.822    9180.057      203.6        0.0    483.849   1.822   0.000   0.000  0.441920  0.238783  0.261245  1.000000
     65   1      6  22   4    24     1.829    9197.167       50.9      159.5     78.505   1.829   0.000   0.000  0.442744  0.238321  0.259356  1.000000
     66   1     10  20   6    24     1.829    9197.167      130.9      410.1    201.809   1.829   0.000   0.000  0.442744  0.238321  0.259356  1.000000
     67   1     14  14  12    24     1.829    9197.167       67.5      211.4    104.034   1.829   0.000   0.000  0.442744  0.238321  0.259356  1.000000
     68   1     14  18   4    24     1.829    9197.167      207.2      649.4    319.545   1.829   0.000   0.000  0.442744  0.238321  0.259356  1.000000
     69   1     18  14   4    24     1.829    9197.167       20.1       63.0     30.985   1.829   0.000   0.000  0.442744  0.238321  0.259356  1.000000
     70   1     20  10   6    24     1.829    9197.167       84.3      264.2    130.005   1.829   0.000   0.000  0.442744  0.238321  0.259356  1.000000
     71   1     22   6   4    24     1.829    9197.167      151.6      475.0    233.733   1.829   0.000   0.000  0.442744  0.238321  0.259356  1.000000
     72   1      2  23   1    24     1.836    9214.374      498.5      484.3    344.747   1.836   0.000   0.000  0.443572  0.237859  0.257474  1.000000
     73   1      7  22   1    24     1.836    9214.374      239.2      232.4    165.441   1.836   0.000   0.000  0.443572  0.237859  0.257474  1.000000
     74   1     13  19   2    24     1.836    9214.374       32.6       31.6     22.521   1.836   0.000   0.000  0.443572  0.237859  0.257474  1.000000
     75   1     14  13  13    24     1.836    9214.374      264.8      257.2    183.128   1.836   0.000   0.000  0.443572  0.237859  0.257474  1.000000
     76   1     14  17   7    24     1.836    9214.374       37.4       36.3     25.860   1.836   0.000   0.000  0.443572  0.237859  0.257474  1.000000
     77   1     17  14   7    24     1.836    9214.374       53.0       51.4     36.619   1.836   0.000   0.000  0.443572  0.237859  0.257474  1.000000
     78   1     19  13   2    24     1.836    9214.374      361.0      350.7    249.670   1.836   0.000   0.000  0.443572  0.237859  0.257474  1.000000
     79   1     22   5   5    24     1.836    9214.374      366.3      355.8    253.309   1.836   0.000   0.000  0.443572  0.237859  0.257474  1.000000
     80   1     22   7   1    24     1.836    9214.374       53.4       51.9     36.944   1.836   0.000   0.000  0.443572  0.237859  0.257474  1.000000
     81   1     23   2   1    24     1.836    9214.374       19.1       18.6     13.222   1.836   0.000   0.000  0.443572  0.237859  0.257474  1.000000
     82   1     12  18   8    24     1.843    9231.678      359.4        0.0    664.575   1.843   0.000   0.000  0.444405  0.237395  0.255599  1.000000
     83   1     18  12   8    24     1.843    9231.678       14.8        0.0     27.346   1.843   0.000   0.000  0.444405  0.237395  0.255599  1.000000
     84   1      1  23   0    12     1.849    9249.080        7.1        0.0      6.331   1.849   0.000   0.000  0.445243  0.236931  0.253731  1.000000
     85   1      8  21   5    24     1.849    9249.080      101.4        0.0     90.672   1.849   0.000   0.000  0.445243  0.236931  0.253731  1.000000
     86   1      9  20   7    24     1.849    9249.080       47.2        0.0     42.151   1.849   0.000   0.000  0.445243  0.236931  0.253731  1.000000
     87   1     11  20   3    24     1.849    9249.080      230.3        0.0    205.843   1.849   0.000   0.000  0.445243  0.236931  0.253731  1.000000
     88   1     12  19   5    24     1.849    9249.080       78.2        0.0     69.929   1.849   0.000   0.000  0.445243  0.236931  0.253731  1.000000
     89   1     13  19   0    12     1.849    9249.080       20.5        0.0     18.291   1.849   0.000   0.000  0.445243  0.236931  0.253731  1.000000
     90   1     15  16   7    24     1.849    9249.080      230.9        0.0    206.428   1.849   0.000   0.000  0.445243  0.236931  0.253731  1.000000
     91   1     15  17   4    24     1.849    9249.080      106.1        0.0     94.840   1.849   0.000   0.000  0.445243  0.236931  0.253731  1.000000
     92   1     16  15   7    24     1.849    9249.080      181.4        0.0    162.127   1.849   0.000   0.000  0.445243  0.236931  0.253731  1.000000
     93   1     17  15   4    24     1.849    9249.080       87.5        0.0     78.195   1.849   0.000   0.000  0.445243  0.236931  0.253731  1.000000
     94   1     19  12   5    24     1.849    9249.080       15.9        0.0     14.253   1.849   0.000   0.000  0.445243  0.236931  0.253731  1.000000
     95   1     19  13   0    12     1.849    9249.080       32.2        0.0     28.825   1.849   0.000   0.000  0.445243  0.236931  0.253731  1.000000
     96   1     20   9   7    24     1.849    9249.080        6.7        0.0      5.985   1.849   0.000   0.000  0.445243  0.236931  0.253731  1.000000
     97   1     20  11   3    24     1.849    9249.080       22.8        0.0     20.413   1.849   0.000   0.000  0.445243  0.236931  0.253731  1.000000
     98   1     21   8   5    24     1.849    9249.080       97.0        0.0     86.743   1.849   0.000   0.000  0.445243  0.236931  0.253731  1.000000
     99   1     23   1   0    12     1.849    9249.080       18.8        0.0     16.833   1.849   0.000   0.000  0.445243  0.236931  0.253731  1.000000
    100   1     16  16   4    24     1.856    9266.581      203.1        0.0    349.658   1.856   0.000   0.000  0.446085  0.236466  0.251870  1.000000
    101   1     20   8   8    24     1.856    9266.581      255.8        0.0    440.406   1.856   0.000   0.000  0.446085  0.236466  0.251870  1.000000
    102   1      7  21   6    24     1.864    9284.182      188.5       80.6    179.332   1.864   0.000   0.000  0.446932  0.236000  0.250016  1.000000
    103   1      9  21   2    24     1.864    9284.182       52.8       22.6     50.214   1.864   0.000   0.000  0.446932  0.236000  0.250016  1.000000
    104   1     11  18   9    24     1.864    9284.182       75.0       32.1     71.334   1.864   0.000   0.000  0.446932  0.236000  0.250016  1.000000
    105   1     18  11   9    24     1.864    9284.182      492.2      210.4    468.160   1.864   0.000   0.000  0.446932  0.236000  0.250016  1.000000
    106   1     21   7   6    24     1.864    9284.182      114.2       48.8    108.594   1.864   0.000   0.000  0.446932  0.236000  0.250016  1.000000
    107   1     21   9   2    24     1.864    9284.182      226.4       96.8    215.378   1.864   0.000   0.000  0.446932  0.236000  0.250016  1.000000
    108   1      6  22   2    24     1.871    9301.882      345.9      452.2    613.083   1.871   0.000   0.000  0.447784  0.235534  0.248170  1.000000
    109   1     14  18   2    24     1.871    9301.882       11.5       15.1     20.437   1.871   0.000   0.000  0.447784  0.235534  0.248170  1.000000
    110   1     18  10  10    24     1.871    9301.882       57.9       75.8    102.701   1.871   0.000   0.000  0.447784  0.235534  0.248170  1.000000
    111   1     18  14   2    24     1.871    9301.882        7.3        9.6     13.012   1.871   0.000   0.000  0.447784  0.235534  0.248170  1.000000
    112   1     22   6   2    24     1.871    9301.882      136.6      178.7    242.229   1.871   0.000   0.000  0.447784  0.235534  0.248170  1.000000
    113   1      9  21   0    12     1.878    9319.684       32.7       80.3    126.630   1.878   0.000   0.000  0.448641  0.235066  0.246330  1.000000
    114   1     11  20   1    24     1.878    9319.684       12.5       30.7     48.364   1.878   0.000   0.000  0.448641  0.235066  0.246330  1.000000
    115   1     13  17   8    24     1.878    9319.684       19.2       47.1     74.237   1.878   0.000   0.000  0.448641  0.235066  0.246330  1.000000
    116   1     17  13   8    24     1.878    9319.684       33.7       82.8    130.510   1.878   0.000   0.000  0.448641  0.235066  0.246330  1.000000
    117   1     20  11   1    24     1.878    9319.684      131.9      323.6    510.263   1.878   0.000   0.000  0.448641  0.235066  0.246330  1.000000
    118   1     21   9   0    12     1.878    9319.684        1.9        4.6      7.304   1.878   0.000   0.000  0.448641  0.235066  0.246330  1.000000
    119   1      6  22   0    12     1.885    9337.590       21.8      165.2    106.672   1.885   0.000   0.000  0.449503  0.234598  0.244497  1.000000
    120   1     14  18   0    12     1.885    9337.590        4.8       36.1     23.295   1.885   0.000   0.000  0.449503  0.234598  0.244497  1.000000

   No.  Code     H   K   L  Mult     Hw     2theta/TOF      Icalc       Iobs      Sigma    HwG     HwL     ETA     d-hkl  TOF_alpha  TOF_beta     CORR

    121   1     18  14   0    12     1.885    9337.590       78.9      598.3    386.400   1.885   0.000   0.000  0.449503  0.234598  0.244497  1.000000
    122   1     22   6   0    12     1.885    9337.590       67.4      511.7    330.488   1.885   0.000   0.000  0.449503  0.234598  0.244497  1.000000
    123   1      5  22   3    24     1.892    9355.600      165.6        0.0    183.507   1.892   0.000   0.000  0.450370  0.234128  0.242672  1.000000
    124   1     11  19   6    24     1.892    9355.600       47.4        0.0     52.550   1.892   0.000   0.000  0.450370  0.234128  0.242672  1.000000
    125   1     13  18   5    24     1.892    9355.600      168.0        0.0    186.188   1.892   0.000   0.000  0.450370  0.234128  0.242672  1.000000
    126   1     15  17   2    24     1.892    9355.600      145.9        0.0    161.750   1.892   0.000   0.000  0.450370  0.234128  0.242672  1.000000
    127   1     17  15   2    24     1.892    9355.600        0.7        0.0      0.765   1.892   0.000   0.000  0.450370  0.234128  0.242672  1.000000
    128   1     18  13   5    24     1.892    9355.600      134.3        0.0    148.857   1.892   0.000   0.000  0.450370  0.234128  0.242672  1.000000
    129   1     19  11   6    24     1.892    9355.600      102.3        0.0    113.444   1.892   0.000   0.000  0.450370  0.234128  0.242672  1.000000
    130   1     22   5   3    24     1.892    9355.600       45.3        0.0     50.180   1.892   0.000   0.000  0.450370  0.234128  0.242672  1.000000
    131   1     10  20   4    24     1.900    9373.712       30.3        0.0     25.736   1.900   0.000   0.000  0.451242  0.233658  0.240853  1.000000
    132   1     14  16   8    24     1.900    9373.712      122.8        0.0    104.278   1.900   0.000   0.000  0.451242  0.233658  0.240853  1.000000
    133   1     16  14   8    24     1.900    9373.712      576.8        0.0    489.863   1.900   0.000   0.000  0.451242  0.233658  0.240853  1.000000
    134   1     16  16   2    24     1.900    9373.712        7.5        0.0      6.368   1.900   0.000   0.000  0.451242  0.233658  0.240853  1.000000
    135   1     20  10   4    24     1.900    9373.712      366.9        0.0    311.625   1.900   0.000   0.000  0.451242  0.233658  0.240853  1.000000
    136   1     22   4   4    24     1.900    9373.712       66.1        0.0     56.165   1.900   0.000   0.000  0.451242  0.233658  0.240853  1.000000
    137   1      8  21   3    24     1.907    9391.933      147.2      135.0    200.701   1.907   0.000   0.000  0.452119  0.233187  0.239041  1.000000
    138   1     12  17   9    24     1.907    9391.933       45.8       42.0     62.462   1.907   0.000   0.000  0.452119  0.233187  0.239041  1.000000
    139   1     12  19   3    24     1.907    9391.933       11.1       10.1     15.074   1.907   0.000   0.000  0.452119  0.233187  0.239041  1.000000
    140   1     15  15   8    24     1.907    9391.933      150.2      137.6    204.677   1.907   0.000   0.000  0.452119  0.233187  0.239041  1.000000
    141   1     15  17   0    12     1.907    9391.933       17.7       16.2     24.093   1.907   0.000   0.000  0.452119  0.233187  0.239041  1.000000
    142   1     17  12   9    24     1.907    9391.933      119.1      109.2    162.332   1.907   0.000   0.000  0.452119  0.233187  0.239041  1.000000
    143   1     17  15   0    12     1.907    9391.933      110.1      100.9    150.051   1.907   0.000   0.000  0.452119  0.233187  0.239041  1.000000
    144   1     19  12   3    24     1.907    9391.933       51.1       46.8     69.636   1.907   0.000   0.000  0.452119  0.233187  0.239041  1.000000
    145   1     21   8   3    24     1.907    9391.933       92.4       84.7    125.972   1.907   0.000   0.000  0.452119  0.233187  0.239041  1.000000
    146   1     16  16   0    12     1.914    9410.258      298.1      284.2    767.707   1.914   0.000   0.000  0.453002  0.232714  0.237237  1.000000
    147   1      5  22   1    24     1.922    9428.691       27.5        0.6     24.247   1.922   0.000   0.000  0.453889  0.232241  0.235439  1.000000
    148   1     10  19   7    24     1.922    9428.691      310.5        6.2    273.283   1.922   0.000   0.000  0.453889  0.232241  0.235439  1.000000
    149   1     11  17  10    24     1.922    9428.691      714.8       14.4    629.110   1.922   0.000   0.000  0.453889  0.232241  0.235439  1.000000
    150   1     14  17   5    24     1.922    9428.691       58.8        1.2     51.786   1.922   0.000   0.000  0.453889  0.232241  0.235439  1.000000
    151   1     17  11  10    24     1.922    9428.691       30.5        0.6     26.858   1.922   0.000   0.000  0.453889  0.232241  0.235439  1.000000
    152   1     17  14   5    24     1.922    9428.691       33.4        0.7     29.372   1.922   0.000   0.000  0.453889  0.232241  0.235439  1.000000
    153   1     19  10   7    24     1.922    9428.691       45.0        0.9     39.632   1.922   0.000   0.000  0.453889  0.232241  0.235439  1.000000
    154   1     22   5   1    24     1.922    9428.691      280.5        5.6    246.908   1.922   0.000   0.000  0.453889  0.232241  0.235439  1.000000
    155   1      7  21   4    24     1.937    9465.885      167.8      123.9    110.508   1.937   0.000   0.000  0.455679  0.231292  0.231865  1.000000
    156   1      8  21   1    24     1.937    9465.885      181.1      133.7    119.281   1.937   0.000   0.000  0.455679  0.231292  0.231865  1.000000
    157   1      9  19   8    24     1.937    9465.885       50.7       37.5     33.416   1.937   0.000   0.000  0.455679  0.231292  0.231865  1.000000
    158   1      9  20   5    24     1.937    9465.885       23.0       17.0     15.155   1.937   0.000   0.000  0.455679  0.231292  0.231865  1.000000
    159   1     12  19   1    24     1.937    9465.885      132.2       97.6     87.085   1.937   0.000   0.000  0.455679  0.231292  0.231865  1.000000
    160   1     13  16   9    24     1.937    9465.885      119.3       88.1     78.616   1.937   0.000   0.000  0.455679  0.231292  0.231865  1.000000
    161   1     15  16   5    24     1.937    9465.885      185.2      136.8    121.970   1.937   0.000   0.000  0.455679  0.231292  0.231865  1.000000
    162   1     16  13   9    24     1.937    9465.885      447.3      330.4    294.656   1.937   0.000   0.000  0.455679  0.231292  0.231865  1.000000
    163   1     16  15   5    24     1.937    9465.885      177.8      131.3    117.092   1.937   0.000   0.000  0.455679  0.231292  0.231865  1.000000
    164   1     19   9   8    24     1.937    9465.885       59.8       44.2     39.399   1.937   0.000   0.000  0.455679  0.231292  0.231865  1.000000
    165   1     19  12   1    24     1.937    9465.885       59.9       44.3     39.475   1.937   0.000   0.000  0.455679  0.231292  0.231865  1.000000
    166   1     20   9   5    24     1.937    9465.885       77.7       57.4     51.163   1.937   0.000   0.000  0.455679  0.231292  0.231865  1.000000
    167   1     21   7   4    24     1.937    9465.885       82.6       61.0     54.385   1.937   0.000   0.000  0.455679  0.231292  0.231865  1.000000
    168   1     21   8   1    24     1.937    9465.885      397.0      293.2    261.540   1.937   0.000   0.000  0.455679  0.231292  0.231865  1.000000
    169   1      4  22   2    24     1.945    9484.647      287.3      154.2    183.330   1.945   0.000   0.000  0.456583  0.230816  0.230089  1.000000
    170   1     10  20   2    24     1.945    9484.647      384.2      206.2    245.118   1.945   0.000   0.000  0.456583  0.230816  0.230089  1.000000
    171   1     12  18   6    24     1.945    9484.647      290.9      156.1    185.577   1.945   0.000   0.000  0.456583  0.230816  0.230089  1.000000
    172   1     18  12   6    24     1.945    9484.647      613.9      329.4    391.667   1.945   0.000   0.000  0.456583  0.230816  0.230089  1.000000
    173   1     20  10   2    24     1.945    9484.647        6.2        3.3      3.974   1.945   0.000   0.000  0.456583  0.230816  0.230089  1.000000
    174   1     22   4   2    24     1.945    9484.647      131.9       70.8     84.184   1.945   0.000   0.000  0.456583  0.230816  0.230089  1.000000
    175   1      6  21   5    24     1.953    9503.522      144.9      150.9    114.558   1.953   0.000   0.000  0.457491  0.230339  0.228320  1.000000
    176   1     13  18   3    24     1.953    9503.522      143.8      149.7    113.659   1.953   0.000   0.000  0.457491  0.230339  0.228320  1.000000
    177   1     14  15   9    24     1.953    9503.522      449.2      467.8    355.111   1.953   0.000   0.000  0.457491  0.230339  0.228320  1.000000
    178   1     15  14   9    24     1.953    9503.522       21.5       22.4     16.974   1.953   0.000   0.000  0.457491  0.230339  0.228320  1.000000
    179   1     18  13   3    24     1.953    9503.522      356.7      371.4    281.945   1.953   0.000   0.000  0.457491  0.230339  0.228320  1.000000
    180   1     21   6   5    24     1.953    9503.522      275.3      286.7    217.635   1.953   0.000   0.000  0.457491  0.230339  0.228320  1.000000

   No.  Code     H   K   L  Mult     Hw     2theta/TOF      Icalc       Iobs      Sigma    HwG     HwL     ETA     d-hkl  TOF_alpha  TOF_beta     CORR

    181   1     22   3   3    24     1.953    9503.522       41.4       43.1     32.722   1.953   0.000   0.000  0.457491  0.230339  0.228320  1.000000
    182   1      4  22   0    12     1.960    9522.511      331.7      437.2    253.837   1.960   0.000   0.000  0.458405  0.229862  0.226557  1.000000
    183   1      8  20   6    24     1.960    9522.511       57.2       75.4     43.792   1.960   0.000   0.000  0.458405  0.229862  0.226557  1.000000
    184   1     10  20   0    12     1.960    9522.511      153.3      202.1    117.337   1.960   0.000   0.000  0.458405  0.229862  0.226557  1.000000
    185   1     12  16  10    24     1.960    9522.511      609.1      802.9    466.167   1.960   0.000   0.000  0.458405  0.229862  0.226557  1.000000
    186   1     16  12  10    24     1.960    9522.511      226.1      298.1    173.065   1.960   0.000   0.000  0.458405  0.229862  0.226557  1.000000
    187   1     20   8   6    24     1.960    9522.511      195.4      257.5    149.511   1.960   0.000   0.000  0.458405  0.229862  0.226557  1.000000
    188   1     20  10   0    12     1.960    9522.511       46.4       61.2     35.506   1.960   0.000   0.000  0.458405  0.229862  0.226557  1.000000
    189   1     22   4   0    12     1.960    9522.511        7.5        9.9      5.742   1.960   0.000   0.000  0.458405  0.229862  0.226557  1.000000
    190   1     11  19   4    24     1.968    9541.613      321.2      928.4    579.844   1.968   0.000   0.000  0.459325  0.229383  0.224802  1.000000
    191   1     16  11  11    24     1.968    9541.613      111.2      321.5    200.783   1.968   0.000   0.000  0.459325  0.229383  0.224802  1.000000
    192   1     19  11   4    24     1.968    9541.613      258.1      745.8    465.786   1.968   0.000   0.000  0.459325  0.229383  0.224802  1.000000
    193   1     20   7   7    24     1.968    9541.613        1.3        3.8      2.372   1.968   0.000   0.000  0.459325  0.229383  0.224802  1.000000
    194   1      3  22   1    24     1.984    9580.165      310.2       94.4    164.095   1.984   0.000   0.000  0.461181  0.228423  0.221313  1.000000
    195   1      7  21   2    24     1.984    9580.165       51.4       15.6     27.170   1.984   0.000   0.000  0.461181  0.228423  0.221313  1.000000
    196   1     11  18   7    24     1.984    9580.165      268.3       81.6    141.949   1.984   0.000   0.000  0.461181  0.228423  0.221313  1.000000
    197   1     13  15  10    24     1.984    9580.165       77.6       23.6     41.055   1.984   0.000   0.000  0.461181  0.228423  0.221313  1.000000
    198   1     13  17   6    24     1.984    9580.165       12.5        3.8      6.601   1.984   0.000   0.000  0.461181  0.228423  0.221313  1.000000
    199   1     13  18   1    24     1.984    9580.165      391.6      119.1    207.187   1.984   0.000   0.000  0.461181  0.228423  0.221313  1.000000
    200   1     14  17   3    24     1.984    9580.165      400.2      121.8    211.738   1.984   0.000   0.000  0.461181  0.228423  0.221313  1.000000
    201   1     15  13  10    24     1.984    9580.165       32.1        9.8     16.956   1.984   0.000   0.000  0.461181  0.228423  0.221313  1.000000
    202   1     17  13   6    24     1.984    9580.165       13.5        4.1      7.161   1.984   0.000   0.000  0.461181  0.228423  0.221313  1.000000
    203   1     17  14   3    24     1.984    9580.165      283.8       86.3    150.120   1.984   0.000   0.000  0.461181  0.228423  0.221313  1.000000
    204   1     18  11   7    24     1.984    9580.165      188.8       57.4     99.883   1.984   0.000   0.000  0.461181  0.228423  0.221313  1.000000
    205   1     18  13   1    24     1.984    9580.165       63.9       19.4     33.815   1.984   0.000   0.000  0.461181  0.228423  0.221313  1.000000
    206   1     21   7   2    24     1.984    9580.165      411.9      125.3    217.916   1.984   0.000   0.000  0.461181  0.228423  0.221313  1.000000
    207   1     22   3   1    24     1.984    9580.165      244.4       74.3    129.280   1.984   0.000   0.000  0.461181  0.228423  0.221313  1.000000
    208   1     14  14  10    24     1.992    9599.617       79.0      515.4    285.479   1.992   0.000   0.000  0.462117  0.227941  0.219578  1.000000
    209   1     22   2   2    24     1.992    9599.617       85.3      555.9    307.917   1.992   0.000   0.000  0.462117  0.227941  0.219578  1.000000
    210   1      7  21   0    12     2.000    9619.188      141.7      103.1    143.909   2.000   0.000   0.000  0.463059  0.227458  0.217851  1.000000
    211   1      9  20   3    24     2.000    9619.188      479.1      348.5    486.499   2.000   0.000   0.000  0.463059  0.227458  0.217851  1.000000
    212   1     12  15  11    24     2.000    9619.188       87.8       63.8     89.106   2.000   0.000   0.000  0.463059  0.227458  0.217851  1.000000
    213   1     15  12  11    24     2.000    9619.188      132.0       96.0    134.030   2.000   0.000   0.000  0.463059  0.227458  0.217851  1.000000
    214   1     15  16   3    24     2.000    9619.188       71.7       52.2     72.852   2.000   0.000   0.000  0.463059  0.227458  0.217851  1.000000
    215   1     16  15   3    24     2.000    9619.188      106.7       77.6    108.297   2.000   0.000   0.000  0.463059  0.227458  0.217851  1.000000
    216   1     20   9   3    24     2.000    9619.188      104.7       76.2    106.309   2.000   0.000   0.000  0.463059  0.227458  0.217851  1.000000
    217   1     21   7   0    12     2.000    9619.188        4.7        3.4      4.778   2.000   0.000   0.000  0.463059  0.227458  0.217851  1.000000
    218   1      2  22   0    12     2.009    9638.880      112.1       50.1     73.678   2.009   0.000   0.000  0.464007  0.226975  0.216131  1.000000
    219   1     10  18   8    24     2.009    9638.880      440.8      196.9    289.815   2.009   0.000   0.000  0.464007  0.226975  0.216131  1.000000
    220   1     14  16   6    24     2.009    9638.880      474.8      212.1    312.156   2.009   0.000   0.000  0.464007  0.226975  0.216131  1.000000
    221   1     16  14   6    24     2.009    9638.880      510.3      227.9    335.515   2.009   0.000   0.000  0.464007  0.226975  0.216131  1.000000
    222   1     18  10   8    24     2.009    9638.880      139.7       62.4     91.863   2.009   0.000   0.000  0.464007  0.226975  0.216131  1.000000
    223   1     22   2   0    12     2.009    9638.880       21.6        9.7     14.229   2.009   0.000   0.000  0.464007  0.226975  0.216131  1.000000
    224   1      6  21   3    24     2.017    9658.692      575.7      348.3    317.702   2.017   0.000   0.000  0.464961  0.226490  0.214418  1.000000
    225   1     10  19   5    24     2.017    9658.692       14.7        8.9      8.102   2.017   0.000   0.000  0.464961  0.226490  0.214418  1.000000
    226   1     11  19   2    24     2.017    9658.692      114.0       69.0     62.926   2.017   0.000   0.000  0.464961  0.226490  0.214418  1.000000
    227   1     13  14  11    24     2.017    9658.692      431.9      261.3    238.337   2.017   0.000   0.000  0.464961  0.226490  0.214418  1.000000
    228   1     14  13  11    24     2.017    9658.692       14.6        8.8      8.036   2.017   0.000   0.000  0.464961  0.226490  0.214418  1.000000
    229   1     14  17   1    24     2.017    9658.692      117.3       71.0     64.733   2.017   0.000   0.000  0.464961  0.226490  0.214418  1.000000
    230   1     15  15   6    24     2.017    9658.692      136.3       82.4     75.185   2.017   0.000   0.000  0.464961  0.226490  0.214418  1.000000
    231   1     17  14   1    24     2.017    9658.692      203.0      122.8    112.013   2.017   0.000   0.000  0.464961  0.226490  0.214418  1.000000
    232   1     18   9   9    24     2.017    9658.692      123.8       74.9     68.310   2.017   0.000   0.000  0.464961  0.226490  0.214418  1.000000
    233   1     19  10   5    24     2.017    9658.692       53.2       32.2     29.382   2.017   0.000   0.000  0.464961  0.226490  0.214418  1.000000
    234   1     19  11   2    24     2.017    9658.692       18.1       10.9      9.978   2.017   0.000   0.000  0.464961  0.226490  0.214418  1.000000
    235   1     21   6   3    24     2.017    9658.692      152.1       92.0     83.928   2.017   0.000   0.000  0.464961  0.226490  0.214418  1.000000
    236   1     22   1   1    24     2.017    9658.692      119.5       72.3     65.955   2.017   0.000   0.000  0.464961  0.226490  0.214418  1.000000
    237   1     12  18   4    24     2.025    9678.627      361.9      588.8    286.667   2.025   0.000   0.000  0.465921  0.226004  0.212712  1.000000
    238   1     14  12  12    24     2.025    9678.627      509.4      828.9    403.547   2.025   0.000   0.000  0.465921  0.226004  0.212712  1.000000
    239   1     18  12   4    24     2.025    9678.627      339.1      551.7    268.628   2.025   0.000   0.000  0.465921  0.226004  0.212712  1.000000
    240   1     22   0   0     6     2.025    9678.627       90.9      147.9     72.026   2.025   0.000   0.000  0.465921  0.226004  0.212712  1.000000

   No.  Code     H   K   L  Mult     Hw     2theta/TOF      Icalc       Iobs      Sigma    HwG     HwL     ETA     d-hkl  TOF_alpha  TOF_beta     CORR

    241   1      5  21   4    24     2.034    9698.688       44.9       36.4     36.942   2.034   0.000   0.000  0.466886  0.225518  0.211013  1.000000
    242   1      9  20   1    24     2.034    9698.688       86.2       69.9     70.928   2.034   0.000   0.000  0.466886  0.225518  0.211013  1.000000
    243   1     11  19   0    12     2.034    9698.688       23.7       19.2     19.465   2.034   0.000   0.000  0.466886  0.225518  0.211013  1.000000
    244   1     12  17   7    24     2.034    9698.688       54.3       44.0     44.663   2.034   0.000   0.000  0.466886  0.225518  0.211013  1.000000
    245   1     13  13  12    24     2.034    9698.688      121.4       98.4     99.898   2.034   0.000   0.000  0.466886  0.225518  0.211013  1.000000
    246   1     15  16   1    24     2.034    9698.688        9.2        7.5      7.608   2.034   0.000   0.000  0.466886  0.225518  0.211013  1.000000
    247   1     16  15   1    24     2.034    9698.688       79.3       64.3     65.267   2.034   0.000   0.000  0.466886  0.225518  0.211013  1.000000
    248   1     17  12   7    24     2.034    9698.688      328.2      266.1    270.003   2.034   0.000   0.000  0.466886  0.225518  0.211013  1.000000
    249   1     19  11   0    12     2.034    9698.688      453.3      367.5    372.917   2.034   0.000   0.000  0.466886  0.225518  0.211013  1.000000
    250   1     20   9   1    24     2.034    9698.688       70.8       57.4     58.267   2.034   0.000   0.000  0.466886  0.225518  0.211013  1.000000
    251   1     21   5   4    24     2.034    9698.688       11.4        9.2      9.348   2.034   0.000   0.000  0.466886  0.225518  0.211013  1.000000
    252   1      8  20   4    24     2.042    9718.872      365.7        0.0    444.100   2.042   0.000   0.000  0.467858  0.225030  0.209321  1.000000
    253   1     20   8   4    24     2.042    9718.872      380.7        0.0    462.236   2.042   0.000   0.000  0.467858  0.225030  0.209321  1.000000
    254   1      6  21   1    24     2.051    9739.184       43.0       19.5     57.476   2.051   0.000   0.000  0.468836  0.224541  0.207636  1.000000
    255   1      9  19   6    24     2.051    9739.184      450.4      204.9    602.451   2.051   0.000   0.000  0.468836  0.224541  0.207636  1.000000
    256   1     19   9   6    24     2.051    9739.184      425.2      193.4    568.750   2.051   0.000   0.000  0.468836  0.224541  0.207636  1.000000
    257   1     21   6   1    24     2.051    9739.184      140.4       63.8    187.737   2.051   0.000   0.000  0.468836  0.224541  0.207636  1.000000
    258   1      7  20   5    24     2.068    9780.190      284.9        0.0    241.145   2.068   0.000   0.000  0.470810  0.223561  0.204287  1.000000
    259   1      8  19   7    24     2.068    9780.190      516.0        0.0    436.766   2.068   0.000   0.000  0.470810  0.223561  0.204287  1.000000
    260   1     11  17   8    24     2.068    9780.190      128.8        0.0    109.013   2.068   0.000   0.000  0.470810  0.223561  0.204287  1.000000
    261   1     13  16   7    24     2.068    9780.190      155.4        0.0    131.531   2.068   0.000   0.000  0.470810  0.223561  0.204287  1.000000
    262   1     13  17   4    24     2.068    9780.190      153.6        0.0    129.975   2.068   0.000   0.000  0.470810  0.223561  0.204287  1.000000
    263   1     16  13   7    24     2.068    9780.190       23.1        0.0     19.523   2.068   0.000   0.000  0.470810  0.223561  0.204287  1.000000
    264   1     17  11   8    24     2.068    9780.190       17.1        0.0     14.502   2.068   0.000   0.000  0.470810  0.223561  0.204287  1.000000
    265   1     17  13   4    24     2.068    9780.190      112.2        0.0     94.992   2.068   0.000   0.000  0.470810  0.223561  0.204287  1.000000
    266   1     19   8   7    24     2.068    9780.190       70.9        0.0     60.004   2.068   0.000   0.000  0.470810  0.223561  0.204287  1.000000
    267   1     20   7   5    24     2.068    9780.190       66.1        0.0     55.940   2.068   0.000   0.000  0.470810  0.223561  0.204287  1.000000
    268   1     12  18   2    24     2.077    9800.889      130.1        4.1    134.565   2.077   0.000   0.000  0.471806  0.223069  0.202623  1.000000
    269   1     18  12   2    24     2.077    9800.889      427.1       13.5    441.840   2.077   0.000   0.000  0.471806  0.223069  0.202623  1.000000
    270   1     20   6   6    24     2.077    9800.889      341.1       10.8    352.896   2.077   0.000   0.000  0.471806  0.223069  0.202623  1.000000
    271   1      5  21   2    24     2.086    9821.720       22.9       30.4     14.033   2.086   0.000   0.000  0.472809  0.222577  0.200967  1.000000
    272   1     10  17   9    24     2.086    9821.720       25.2       33.4     15.427   2.086   0.000   0.000  0.472809  0.222577  0.200967  1.000000
    273   1     10  19   3    24     2.086    9821.720      519.0      688.5    317.976   2.086   0.000   0.000  0.472809  0.222577  0.200967  1.000000
    274   1     11  18   5    24     2.086    9821.720       99.6      132.1     61.024   2.086   0.000   0.000  0.472809  0.222577  0.200967  1.000000
    275   1     14  15   7    24     2.086    9821.720      172.3      228.6    105.571   2.086   0.000   0.000  0.472809  0.222577  0.200967  1.000000
    276   1     15  14   7    24     2.086    9821.720      683.9      907.2    418.964   2.086   0.000   0.000  0.472809  0.222577  0.200967  1.000000
    277   1     17  10   9    24     2.086    9821.720       89.0      118.1     54.552   2.086   0.000   0.000  0.472809  0.222577  0.200967  1.000000
    278   1     18  11   5    24     2.086    9821.720      215.0      285.2    131.703   2.086   0.000   0.000  0.472809  0.222577  0.200967  1.000000
    279   1     19  10   3    24     2.086    9821.720      253.3      336.0    155.181   2.086   0.000   0.000  0.472809  0.222577  0.200967  1.000000
    280   1     21   5   2    24     2.086    9821.720      135.7      180.0     83.131   2.086   0.000   0.000  0.472809  0.222577  0.200967  1.000000
    281   1      8  20   2    24     2.094    9842.684       57.0      201.6     97.185   2.094   0.000   0.000  0.473818  0.222083  0.199317  1.000000
    282   1     12  18   0    12     2.094    9842.684        0.3        1.0      0.495   2.094   0.000   0.000  0.473818  0.222083  0.199317  1.000000
    283   1     14  16   4    24     2.094    9842.684      118.5      419.3    202.107   2.094   0.000   0.000  0.473818  0.222083  0.199317  1.000000
    284   1     16  14   4    24     2.094    9842.684      216.0      764.2    368.309   2.094   0.000   0.000  0.473818  0.222083  0.199317  1.000000
    285   1     18  12   0    12     2.094    9842.684      128.4      454.3    218.945   2.094   0.000   0.000  0.473818  0.222083  0.199317  1.000000
    286   1     20   8   2    24     2.094    9842.684       68.5      242.2    116.720   2.094   0.000   0.000  0.473818  0.222083  0.199317  1.000000
    287   1      4  21   3    24     2.103    9863.783       74.3        0.0    179.479   2.103   0.000   0.000  0.474834  0.221588  0.197674  1.000000
    288   1      5  21   0    12     2.103    9863.783       15.2        0.0     36.680   2.103   0.000   0.000  0.474834  0.221588  0.197674  1.000000
    289   1     15  15   4    24     2.103    9863.783      251.8        0.0    608.182   2.103   0.000   0.000  0.474834  0.221588  0.197674  1.000000
    290   1     21   4   3    24     2.103    9863.783       11.5        0.0     27.728   2.103   0.000   0.000  0.474834  0.221588  0.197674  1.000000
    291   1     21   5   0    12     2.103    9863.783       22.9        0.0     55.419   2.103   0.000   0.000  0.474834  0.221588  0.197674  1.000000
    292   1      8  20   0    12     2.113    9885.019      297.2        0.0    472.738   2.113   0.000   0.000  0.475856  0.221092  0.196038  1.000000
    293   1     12  16   8    24     2.113    9885.019      186.9        0.0    297.211   2.113   0.000   0.000  0.475856  0.221092  0.196038  1.000000
    294   1     16  12   8    24     2.113    9885.019      125.0        0.0    198.818   2.113   0.000   0.000  0.475856  0.221092  0.196038  1.000000
    295   1     20   8   0    12     2.113    9885.019       71.0        0.0    112.957   2.113   0.000   0.000  0.475856  0.221092  0.196038  1.000000
    296   1     10  19   1    24     2.122    9906.392      329.0        0.0    420.333   2.122   0.000   0.000  0.476885  0.220595  0.194410  1.000000
    297   1     13  17   2    24     2.122    9906.392      383.0        0.0    489.276   2.122   0.000   0.000  0.476885  0.220595  0.194410  1.000000
    298   1     17  13   2    24     2.122    9906.392       12.5        0.0     15.972   2.122   0.000   0.000  0.476885  0.220595  0.194410  1.000000
    299   1     19  10   1    24     2.122    9906.392      227.2        0.0    290.273   2.122   0.000   0.000  0.476885  0.220595  0.194410  1.000000
    300   1     10  18   6    24     2.131    9927.904        2.0       26.1     31.563   2.131   0.000   0.000  0.477921  0.220097  0.192788  1.000000

   No.  Code     H   K   L  Mult     Hw     2theta/TOF      Icalc       Iobs      Sigma    HwG     HwL     ETA     d-hkl  TOF_alpha  TOF_beta     CORR

    301   1     18  10   6    24     2.131    9927.904        2.0       26.2     31.593   2.131   0.000   0.000  0.477921  0.220097  0.192788  1.000000
    302   1      4  21   1    24     2.140    9949.557       89.3       68.0     59.902   2.140   0.000   0.000  0.478963  0.219598  0.191173  1.000000
    303   1      7  20   3    24     2.140    9949.557       53.8       41.0     36.084   2.140   0.000   0.000  0.478963  0.219598  0.191173  1.000000
    304   1      9  19   4    24     2.140    9949.557      226.4      172.4    151.922   2.140   0.000   0.000  0.478963  0.219598  0.191173  1.000000
    305   1     11  16   9    24     2.140    9949.557        5.2        3.9      3.477   2.140   0.000   0.000  0.478963  0.219598  0.191173  1.000000
    306   1     12  17   5    24     2.140    9949.557        0.1        0.1      0.099   2.140   0.000   0.000  0.478963  0.219598  0.191173  1.000000
    307   1     13  15   8    24     2.140    9949.557       79.2       60.3     53.147   2.140   0.000   0.000  0.478963  0.219598  0.191173  1.000000
    308   1     13  17   0    12     2.140    9949.557       20.0       15.2     13.403   2.140   0.000   0.000  0.478963  0.219598  0.191173  1.000000
    309   1     15  13   8    24     2.140    9949.557       75.6       57.6     50.717   2.140   0.000   0.000  0.478963  0.219598  0.191173  1.000000
    310   1     16  11   9    24     2.140    9949.557       11.4        8.7      7.633   2.140   0.000   0.000  0.478963  0.219598  0.191173  1.000000
    311   1     17  12   5    24     2.140    9949.557      183.5      139.7    123.131   2.140   0.000   0.000  0.478963  0.219598  0.191173  1.000000
    312   1     17  13   0    12     2.140    9949.557      153.8      117.2    103.232   2.140   0.000   0.000  0.478963  0.219598  0.191173  1.000000
    313   1     19   9   4    24     2.140    9949.557      164.9      125.6    110.673   2.140   0.000   0.000  0.478963  0.219598  0.191173  1.000000
    314   1     20   7   3    24     2.140    9949.557      220.4      167.9    147.951   2.140   0.000   0.000  0.478963  0.219598  0.191173  1.000000
    315   1     21   4   1    24     2.140    9949.557      852.8      649.6    572.347   2.140   0.000   0.000  0.478963  0.219598  0.191173  1.000000
    316   1     14  14   8    24     2.150    9971.352       36.8       92.4     36.595   2.150   0.000   0.000  0.480012  0.219097  0.189566  1.000000
    317   1     14  16   2    24     2.150    9971.352      874.1     2196.9    870.185   2.150   0.000   0.000  0.480012  0.219097  0.189566  1.000000
    318   1     16  10  10    24     2.150    9971.352       36.7       92.3     36.557   2.150   0.000   0.000  0.480012  0.219097  0.189566  1.000000
    319   1     16  14   2    24     2.150    9971.352       96.2      241.7     95.738   2.150   0.000   0.000  0.480012  0.219097  0.189566  1.000000
    320   1      3  21   2    24     2.159    9993.291      628.8      691.4    425.185   2.159   0.000   0.000  0.481068  0.218596  0.187965  1.000000
    321   1      9  18   7    24     2.159    9993.291      417.8      459.4    282.517   2.159   0.000   0.000  0.481068  0.218596  0.187965  1.000000
    322   1     11  18   3    24     2.159    9993.291      252.4      277.5    170.652   2.159   0.000   0.000  0.481068  0.218596  0.187965  1.000000
    323   1     15  15   2    24     2.159    9993.291        1.6        1.7      1.059   2.159   0.000   0.000  0.481068  0.218596  0.187965  1.000000
    324   1     18   9   7    24     2.159    9993.291       26.8       29.4     18.088   2.159   0.000   0.000  0.481068  0.218596  0.187965  1.000000
    325   1     18  11   3    24     2.159    9993.291      331.3      364.3    224.042   2.159   0.000   0.000  0.481068  0.218596  0.187965  1.000000
    326   1     21   3   2    24     2.159    9993.291      267.9      294.6    181.160   2.159   0.000   0.000  0.481068  0.218596  0.187965  1.000000
    327   1      6  20   4    24     2.169   10015.375      236.5        0.0    262.276   2.169   0.000   0.000  0.482131  0.218093  0.186372  1.000000
    328   1     14  16   0    12     2.169   10015.375      127.0        0.0    140.867   2.169   0.000   0.000  0.482131  0.218093  0.186372  1.000000
    329   1     16  14   0    12     2.169   10015.375        7.4        0.0      8.231   2.169   0.000   0.000  0.482131  0.218093  0.186372  1.000000
    330   1     18   8   8    24     2.169   10015.375      261.7        0.0    290.154   2.169   0.000   0.000  0.482131  0.218093  0.186372  1.000000
    331   1     20   6   4    24     2.169   10015.375      121.7        0.0    134.986   2.169   0.000   0.000  0.482131  0.218093  0.186372  1.000000
    332   1      3  21   0    12     2.178   10037.608       68.4       34.8     53.544   2.178   0.000   0.000  0.483202  0.217590  0.184785  1.000000
    333   1      7  20   1    24     2.178   10037.608      620.2      315.7    485.648   2.178   0.000   0.000  0.483202  0.217590  0.184785  1.000000
    334   1      8  19   5    24     2.178   10037.608      267.8      136.3    209.655   2.178   0.000   0.000  0.483202  0.217590  0.184785  1.000000
    335   1     12  15   9    24     2.178   10037.608      107.3       54.6     84.032   2.178   0.000   0.000  0.483202  0.217590  0.184785  1.000000
    336   1     13  16   5    24     2.178   10037.608       75.8       38.6     59.328   2.178   0.000   0.000  0.483202  0.217590  0.184785  1.000000
    337   1     15  12   9    24     2.178   10037.608       23.3       11.9     18.252   2.178   0.000   0.000  0.483202  0.217590  0.184785  1.000000
    338   1     15  15   0    12     2.178   10037.608      295.2      150.2    231.117   2.178   0.000   0.000  0.483202  0.217590  0.184785  1.000000
    339   1     16  13   5    24     2.178   10037.608      125.3       63.8     98.095   2.178   0.000   0.000  0.483202  0.217590  0.184785  1.000000
    340   1     19   8   5    24     2.178   10037.608      134.0       68.2    104.910   2.178   0.000   0.000  0.483202  0.217590  0.184785  1.000000
    341   1     20   5   5    24     2.178   10037.608       45.1       23.0     35.336   2.178   0.000   0.000  0.483202  0.217590  0.184785  1.000000
    342   1     20   7   1    24     2.178   10037.608       63.4       32.2     49.616   2.178   0.000   0.000  0.483202  0.217590  0.184785  1.000000
    343   1     21   3   0    12     2.178   10037.608       70.5       35.9     55.176   2.178   0.000   0.000  0.483202  0.217590  0.184785  1.000000
    344   1      2  21   1    24     2.198   10082.520       58.6       55.1     21.018   2.198   0.000   0.000  0.485364  0.216579  0.181634  1.000000
    345   1      7  19   6    24     2.198   10082.520      449.6      422.7    161.221   2.198   0.000   0.000  0.485364  0.216579  0.181634  1.000000
    346   1      9  19   2    24     2.198   10082.520       50.1       47.1     17.970   2.198   0.000   0.000  0.485364  0.216579  0.181634  1.000000
    347   1     11  15  10    24     2.198   10082.520      330.1      310.4    118.387   2.198   0.000   0.000  0.485364  0.216579  0.181634  1.000000
    348   1     11  17   6    24     2.198   10082.520     1595.7     1500.3    572.240   2.198   0.000   0.000  0.485364  0.216579  0.181634  1.000000
    349   1     11  18   1    24     2.198   10082.520       88.3       83.0     31.652   2.198   0.000   0.000  0.485364  0.216579  0.181634  1.000000
    350   1     13  14   9    24     2.198   10082.520      197.2      185.4     70.706   2.198   0.000   0.000  0.485364  0.216579  0.181634  1.000000
    351   1     14  13   9    24     2.198   10082.520      171.6      161.4     61.548   2.198   0.000   0.000  0.485364  0.216579  0.181634  1.000000
    352   1     14  15   5    24     2.198   10082.520       53.8       50.6     19.296   2.198   0.000   0.000  0.485364  0.216579  0.181634  1.000000
    353   1     15  11  10    24     2.198   10082.520      336.3      316.2    120.592   2.198   0.000   0.000  0.485364  0.216579  0.181634  1.000000
    354   1     15  14   5    24     2.198   10082.520      589.2      554.0    211.308   2.198   0.000   0.000  0.485364  0.216579  0.181634  1.000000
    355   1     17  11   6    24     2.198   10082.520      171.2      161.0     61.411   2.198   0.000   0.000  0.485364  0.216579  0.181634  1.000000
    356   1     18  11   1    24     2.198   10082.520       75.9       71.4     27.227   2.198   0.000   0.000  0.485364  0.216579  0.181634  1.000000
    357   1     19   7   6    24     2.198   10082.520      556.0      522.7    199.379   2.198   0.000   0.000  0.485364  0.216579  0.181634  1.000000
    358   1     19   9   2    24     2.198   10082.520      905.2      851.1    324.621   2.198   0.000   0.000  0.485364  0.216579  0.181634  1.000000
    359   1     21   2   1    24     2.198   10082.520        0.5        0.5      0.196   2.198   0.000   0.000  0.485364  0.216579  0.181634  1.000000
    360   1      1  21   0    12     2.218   10128.037      175.4      135.1    272.070   2.218   0.000   0.000  0.487555  0.215564  0.178510  1.000000

   No.  Code     H   K   L  Mult     Hw     2theta/TOF      Icalc       Iobs      Sigma    HwG     HwL     ETA     d-hkl  TOF_alpha  TOF_beta     CORR

    361   1      9  19   0    12     2.218   10128.037       26.8       20.6     41.564   2.218   0.000   0.000  0.487555  0.215564  0.178510  1.000000
    362   1     12  17   3    24     2.218   10128.037      312.6      240.7    484.916   2.218   0.000   0.000  0.487555  0.215564  0.178510  1.000000
    363   1     17  12   3    24     2.218   10128.037       14.2       10.9     22.009   2.218   0.000   0.000  0.487555  0.215564  0.178510  1.000000
    364   1     19   9   0    12     2.218   10128.037      196.8      151.6    305.329   2.218   0.000   0.000  0.487555  0.215564  0.178510  1.000000
    365   1     21   1   0    12     2.218   10128.037       58.9       45.4     91.374   2.218   0.000   0.000  0.487555  0.215564  0.178510  1.000000
    366   1      6  20   2    24     2.228   10151.030      331.4      321.9    198.866   2.228   0.000   0.000  0.488662  0.215055  0.176959  1.000000
    367   1     10  18   4    24     2.228   10151.030       45.1       43.8     27.057   2.228   0.000   0.000  0.488662  0.215055  0.176959  1.000000
    368   1     12  14  10    24     2.228   10151.030      244.2      237.2    146.546   2.228   0.000   0.000  0.488662  0.215055  0.176959  1.000000
    369   1     14  12  10    24     2.228   10151.030       81.2       78.9     48.740   2.228   0.000   0.000  0.488662  0.215055  0.176959  1.000000
    370   1     18  10   4    24     2.228   10151.030      670.0      650.7    402.036   2.228   0.000   0.000  0.488662  0.215055  0.176959  1.000000
    371   1     20   6   2    24     2.228   10151.030      595.2      578.1    357.142   2.228   0.000   0.000  0.488662  0.215055  0.176959  1.000000
    372   1     10  17   7    24     2.238   10174.180      148.2      145.3    104.796   2.238   0.000   0.000  0.489776  0.214545  0.175414  1.000000
    373   1     13  13  10    24     2.238   10174.180      155.4      152.4    109.936   2.238   0.000   0.000  0.489776  0.214545  0.175414  1.000000
    374   1     14  11  11    24     2.238   10174.180      363.4      356.3    256.997   2.238   0.000   0.000  0.489776  0.214545  0.175414  1.000000
    375   1     17  10   7    24     2.238   10174.180     1007.4      987.9    712.512   2.238   0.000   0.000  0.489776  0.214545  0.175414  1.000000
    376   1      6  20   0    12     2.248   10197.489        0.1        0.3      0.088   2.248   0.000   0.000  0.490898  0.214033  0.173877  1.000000
    377   1     12  16   6    24     2.248   10197.489      787.1     1893.5    666.730   2.248   0.000   0.000  0.490898  0.214033  0.173877  1.000000
    378   1     16  12   6    24     2.248   10197.489      200.7      482.7    169.980   2.248   0.000   0.000  0.490898  0.214033  0.173877  1.000000
    379   1     20   6   0    12     2.248   10197.489      228.2      549.0    193.299   2.248   0.000   0.000  0.490898  0.214033  0.173877  1.000000
    380   1      5  20   3    24     2.259   10220.958      412.3      599.2    177.352   2.259   0.000   0.000  0.492028  0.213520  0.172347  1.000000
    381   1      8  19   3    24     2.259   10220.958      259.6      377.3    111.670   2.259   0.000   0.000  0.492028  0.213520  0.172347  1.000000
    382   1      9  17   8    24     2.259   10220.958       48.7       70.8     20.964   2.259   0.000   0.000  0.492028  0.213520  0.172347  1.000000
    383   1     12  13  11    24     2.259   10220.958       57.1       83.0     24.560   2.259   0.000   0.000  0.492028  0.213520  0.172347  1.000000
    384   1     12  17   1    24     2.259   10220.958      472.5      686.7    203.234   2.259   0.000   0.000  0.492028  0.213520  0.172347  1.000000
    385   1     13  12  11    24     2.259   10220.958      388.3      564.3    167.019   2.259   0.000   0.000  0.492028  0.213520  0.172347  1.000000
    386   1     13  16   3    24     2.259   10220.958      323.9      470.8    139.348   2.259   0.000   0.000  0.492028  0.213520  0.172347  1.000000
    387   1     16  13   3    24     2.259   10220.958      760.1     1104.7    326.957   2.259   0.000   0.000  0.492028  0.213520  0.172347  1.000000
    388   1     17   9   8    24     2.259   10220.958      149.2      216.8     64.170   2.259   0.000   0.000  0.492028  0.213520  0.172347  1.000000
    389   1     17  12   1    24     2.259   10220.958      362.3      526.6    155.856   2.259   0.000   0.000  0.492028  0.213520  0.172347  1.000000
    390   1     19   8   3    24     2.259   10220.958        2.0        2.9      0.852   2.259   0.000   0.000  0.492028  0.213520  0.172347  1.000000
    391   1     20   5   3    24     2.259   10220.958      175.5      255.0     75.480   2.259   0.000   0.000  0.492028  0.213520  0.172347  1.000000
    392   1     12  12  12     8     2.269   10244.591      420.6      485.6    380.494   2.269   0.000   0.000  0.493166  0.213006  0.170824  1.000000
    393   1     20   4   4    24     2.269   10244.591      627.2      724.2    567.425   2.269   0.000   0.000  0.493166  0.213006  0.170824  1.000000
    394   1      9  18   5    24     2.280   10268.387       49.7       23.6     26.291   2.280   0.000   0.000  0.494311  0.212491  0.169308  1.000000
    395   1     13  15   6    24     2.280   10268.387      689.9      327.8    365.308   2.280   0.000   0.000  0.494311  0.212491  0.169308  1.000000
    396   1     14  15   3    24     2.280   10268.387      466.5      221.7    247.037   2.280   0.000   0.000  0.494311  0.212491  0.169308  1.000000
    397   1     15  13   6    24     2.280   10268.387      102.0       48.4     53.992   2.280   0.000   0.000  0.494311  0.212491  0.169308  1.000000
    398   1     15  14   3    24     2.280   10268.387      115.1       54.7     60.925   2.280   0.000   0.000  0.494311  0.212491  0.169308  1.000000
    399   1     18   9   5    24     2.280   10268.387     1055.5      501.5    558.916   2.280   0.000   0.000  0.494311  0.212491  0.169308  1.000000
    400   1     10  18   2    24     2.290   10292.351      193.6      369.8    468.663   2.290   0.000   0.000  0.495465  0.211975  0.167799  1.000000
    401   1     14  14   6    24     2.290   10292.351       46.5       88.9    112.662   2.290   0.000   0.000  0.495465  0.211975  0.167799  1.000000
    402   1     18  10   2    24     2.290   10292.351       52.5      100.4    127.229   2.290   0.000   0.000  0.495465  0.211975  0.167799  1.000000
    403   1      5  20   1    24     2.301   10316.482      578.9      810.3    296.196   2.301   0.000   0.000  0.496626  0.211457  0.166297  1.000000
    404   1      7  19   4    24     2.301   10316.482       44.6       62.4     22.820   2.301   0.000   0.000  0.496626  0.211457  0.166297  1.000000
    405   1      8  19   1    24     2.301   10316.482      374.0      523.6    191.378   2.301   0.000   0.000  0.496626  0.211457  0.166297  1.000000
    406   1     11  16   7    24     2.301   10316.482       24.6       34.4     12.584   2.301   0.000   0.000  0.496626  0.211457  0.166297  1.000000
    407   1     11  17   4    24     2.301   10316.482       93.4      130.8     47.812   2.301   0.000   0.000  0.496626  0.211457  0.166297  1.000000
    408   1     13  16   1    24     2.301   10316.482      273.3      382.5    139.809   2.301   0.000   0.000  0.496626  0.211457  0.166297  1.000000
    409   1     16  11   7    24     2.301   10316.482      256.3      358.7    131.130   2.301   0.000   0.000  0.496626  0.211457  0.166297  1.000000
    410   1     16  13   1    24     2.301   10316.482      583.8      817.2    298.700   2.301   0.000   0.000  0.496626  0.211457  0.166297  1.000000
    411   1     17  11   4    24     2.301   10316.482       64.3       89.9     32.874   2.301   0.000   0.000  0.496626  0.211457  0.166297  1.000000
    412   1     19   7   4    24     2.301   10316.482       88.7      124.1     45.377   2.301   0.000   0.000  0.496626  0.211457  0.166297  1.000000
    413   1     19   8   1    24     2.301   10316.482      155.5      217.7     79.564   2.301   0.000   0.000  0.496626  0.211457  0.166297  1.000000
    414   1     20   5   1    24     2.301   10316.482      266.2      372.6    136.178   2.301   0.000   0.000  0.496626  0.211457  0.166297  1.000000
    415   1      8  18   6    24     2.312   10340.785      103.2      285.0    189.752   2.312   0.000   0.000  0.497796  0.210939  0.164802  1.000000
    416   1     10  18   0    12     2.312   10340.785      287.6      794.7    529.117   2.312   0.000   0.000  0.497796  0.210939  0.164802  1.000000
    417   1     18   8   6    24     2.312   10340.785       60.8      168.1    111.898   2.312   0.000   0.000  0.497796  0.210939  0.164802  1.000000
    418   1     18  10   0    12     2.312   10340.785       85.9      237.3    157.978   2.312   0.000   0.000  0.497796  0.210939  0.164802  1.000000
    419   1      6  19   5    24     2.323   10365.262       56.0      187.7    126.720   2.323   0.000   0.000  0.498975  0.210419  0.163314  1.000000
    420   1     14  15   1    24     2.323   10365.262       36.5      122.2     82.512   2.323   0.000   0.000  0.498975  0.210419  0.163314  1.000000

   No.  Code     H   K   L  Mult     Hw     2theta/TOF      Icalc       Iobs      Sigma    HwG     HwL     ETA     d-hkl  TOF_alpha  TOF_beta     CORR

    421   1     15  14   1    24     2.323   10365.262      271.0      907.4    612.710   2.323   0.000   0.000  0.498975  0.210419  0.163314  1.000000
    422   1     18   7   7    24     2.323   10365.262       85.1      284.9    192.387   2.323   0.000   0.000  0.498975  0.210419  0.163314  1.000000
    423   1     19   6   5    24     2.323   10365.262       42.5      142.4     96.151   2.323   0.000   0.000  0.498975  0.210419  0.163314  1.000000
    424   1      4  20   2    24     2.334   10389.911      681.8      688.5    752.243   2.334   0.000   0.000  0.500161  0.209897  0.161833  1.000000
    425   1     10  16   8    24     2.334   10389.911      203.0      205.0    223.978   2.334   0.000   0.000  0.500161  0.209897  0.161833  1.000000
    426   1     16  10   8    24     2.334   10389.911       70.0       70.7     77.275   2.334   0.000   0.000  0.500161  0.209897  0.161833  1.000000
    427   1     20   4   2    24     2.334   10389.911       58.6       59.1     64.605   2.334   0.000   0.000  0.500161  0.209897  0.161833  1.000000
    428   1     12  15   7    24     2.345   10414.737       72.7      110.1     66.268   2.345   0.000   0.000  0.501356  0.209375  0.160359  1.000000
    429   1     15  12   7    24     2.345   10414.737      113.7      172.1    103.570   2.345   0.000   0.000  0.501356  0.209375  0.160359  1.000000
    430   1     16   9   9    24     2.345   10414.737       21.1       31.9     19.192   2.345   0.000   0.000  0.501356  0.209375  0.160359  1.000000
    431   1     20   3   3    24     2.345   10414.737     1058.6     1602.7    964.407   2.345   0.000   0.000  0.501356  0.209375  0.160359  1.000000
    432   1      4  20   0    12     2.356   10439.743       44.3       21.8     25.816   2.356   0.000   0.000  0.502560  0.208851  0.158892  1.000000
    433   1     12  16   4    24     2.356   10439.743      916.3      451.7    534.314   2.356   0.000   0.000  0.502560  0.208851  0.158892  1.000000
    434   1     16  12   4    24     2.356   10439.743      852.5      420.3    497.111   2.356   0.000   0.000  0.502560  0.208851  0.158892  1.000000
    435   1     20   4   0    12     2.356   10439.743      206.4      101.8    120.361   2.356   0.000   0.000  0.502560  0.208851  0.158892  1.000000
    436   1      7  19   2    24     2.368   10464.930      162.0       98.6     69.942   2.368   0.000   0.000  0.503773  0.208326  0.157432  1.000000
    437   1      9  18   3    24     2.368   10464.930      213.7      130.0     92.230   2.368   0.000   0.000  0.503773  0.208326  0.157432  1.000000
    438   1     10  17   5    24     2.368   10464.930       80.2       48.8     34.618   2.368   0.000   0.000  0.503773  0.208326  0.157432  1.000000
    439   1     11  17   2    24     2.368   10464.930      317.2      193.1    136.938   2.368   0.000   0.000  0.503773  0.208326  0.157432  1.000000
    440   1     13  14   7    24     2.368   10464.930     1352.9      823.4    584.006   2.368   0.000   0.000  0.503773  0.208326  0.157432  1.000000
    441   1     14  13   7    24     2.368   10464.930      152.2       92.6     65.707   2.368   0.000   0.000  0.503773  0.208326  0.157432  1.000000
    442   1     17  10   5    24     2.368   10464.930      730.1      444.4    315.173   2.368   0.000   0.000  0.503773  0.208326  0.157432  1.000000
    443   1     17  11   2    24     2.368   10464.930      103.4       62.9     44.620   2.368   0.000   0.000  0.503773  0.208326  0.157432  1.000000
    444   1     18   9   3    24     2.368   10464.930       49.8       30.3     21.497   2.368   0.000   0.000  0.503773  0.208326  0.157432  1.000000
    445   1     19   7   2    24     2.368   10464.930      478.1      291.0    206.372   2.368   0.000   0.000  0.503773  0.208326  0.157432  1.000000
    446   1      3  20   1    24     2.391   10515.854      371.2      452.4    163.380   2.391   0.000   0.000  0.506224  0.207272  0.154534  1.000000
    447   1      7  19   0    12     2.391   10515.854      146.3      178.3     64.393   2.391   0.000   0.000  0.506224  0.207272  0.154534  1.000000
    448   1     11  15   8    24     2.391   10515.854      511.8      623.8    225.280   2.391   0.000   0.000  0.506224  0.207272  0.154534  1.000000
    449   1     11  17   0    12     2.391   10515.854       56.8       69.2     25.008   2.391   0.000   0.000  0.506224  0.207272  0.154534  1.000000
    450   1     13  15   4    24     2.391   10515.854      166.1      202.4     73.090   2.391   0.000   0.000  0.506224  0.207272  0.154534  1.000000
    451   1     15  11   8    24     2.391   10515.854      782.3      953.5    344.324   2.391   0.000   0.000  0.506224  0.207272  0.154534  1.000000
    452   1     15  13   4    24     2.391   10515.854      858.5     1046.3    377.856   2.391   0.000   0.000  0.506224  0.207272  0.154534  1.000000
    453   1     17  11   0    12     2.391   10515.854        1.3        1.6      0.594   2.391   0.000   0.000  0.506224  0.207272  0.154534  1.000000
    454   1     19   7   0    12     2.391   10515.854       18.9       23.0      8.308   2.391   0.000   0.000  0.506224  0.207272  0.154534  1.000000
    455   1     20   3   1    24     2.391   10515.854      699.7      852.8    307.975   2.391   0.000   0.000  0.506224  0.207272  0.154534  1.000000
    456   1     14  14   4    24     2.402   10541.596      786.0     1998.0    747.935   2.402   0.000   0.000  0.507463  0.206744  0.153095  1.000000
    457   1     20   2   2    24     2.402   10541.596      302.5      769.1    287.892   2.402   0.000   0.000  0.507463  0.206744  0.153095  1.000000
    458   1      6  19   3    24     2.414   10567.529      118.1      123.3     38.285   2.414   0.000   0.000  0.508712  0.206213  0.151663  1.000000
    459   1      9  17   6    24     2.414   10567.529      227.1      237.1     73.615   2.414   0.000   0.000  0.508712  0.206213  0.151663  1.000000
    460   1      9  18   1    24     2.414   10567.529      566.4      591.4    183.624   2.414   0.000   0.000  0.508712  0.206213  0.151663  1.000000
    461   1     10  15   9    24     2.414   10567.529      945.2      986.9    306.440   2.414   0.000   0.000  0.508712  0.206213  0.151663  1.000000
    462   1     15  10   9    24     2.414   10567.529      497.2      519.2    161.198   2.414   0.000   0.000  0.508712  0.206213  0.151663  1.000000
    463   1     17   9   6    24     2.414   10567.529     1018.5     1063.5    330.219   2.414   0.000   0.000  0.508712  0.206213  0.151663  1.000000
    464   1     18   9   1    24     2.414   10567.529      105.4      110.1     34.179   2.414   0.000   0.000  0.508712  0.206213  0.151663  1.000000
    465   1     19   6   3    24     2.414   10567.529     1224.4     1278.5    396.960   2.414   0.000   0.000  0.508712  0.206213  0.151663  1.000000
    466   1      2  20   0    12     2.426   10593.653       74.7      122.1     45.800   2.426   0.000   0.000  0.509969  0.205682  0.150239  1.000000
    467   1      8  18   4    24     2.426   10593.653      115.6      188.8     70.853   2.426   0.000   0.000  0.509969  0.205682  0.150239  1.000000
    468   1     12  14   8    24     2.426   10593.653      102.6      167.6     62.892   2.426   0.000   0.000  0.509969  0.205682  0.150239  1.000000
    469   1     12  16   2    24     2.426   10593.653      361.6      590.9    221.687   2.426   0.000   0.000  0.509969  0.205682  0.150239  1.000000
    470   1     14  12   8    24     2.426   10593.653      341.2      557.5    209.187   2.426   0.000   0.000  0.509969  0.205682  0.150239  1.000000
    471   1     16  12   2    24     2.426   10593.653      372.0      607.8    228.058   2.426   0.000   0.000  0.509969  0.205682  0.150239  1.000000
    472   1     18   8   4    24     2.426   10593.653      462.3      755.3    283.389   2.426   0.000   0.000  0.509969  0.205682  0.150239  1.000000
    473   1     20   2   0    12     2.426   10593.653       39.6       64.7     24.276   2.426   0.000   0.000  0.509969  0.205682  0.150239  1.000000
    474   1      5  19   4    24     2.438   10619.974      357.7      854.4    259.958   2.438   0.000   0.000  0.511236  0.205149  0.148821  1.000000
    475   1      8  17   7    24     2.438   10619.974      120.5      287.9     87.583   2.438   0.000   0.000  0.511236  0.205149  0.148821  1.000000
    476   1     11  16   5    24     2.438   10619.974      183.5      438.3    133.341   2.438   0.000   0.000  0.511236  0.205149  0.148821  1.000000
    477   1     13  13   8    24     2.438   10619.974       88.5      211.4     64.320   2.438   0.000   0.000  0.511236  0.205149  0.148821  1.000000
    478   1     16  11   5    24     2.438   10619.974      640.9     1530.9    465.783   2.438   0.000   0.000  0.511236  0.205149  0.148821  1.000000
    479   1     17   8   7    24     2.438   10619.974       24.9       59.5     18.112   2.438   0.000   0.000  0.511236  0.205149  0.148821  1.000000
    480   1     19   5   4    24     2.438   10619.974      212.6      507.9    154.522   2.438   0.000   0.000  0.511236  0.205149  0.148821  1.000000

   No.  Code     H   K   L  Mult     Hw     2theta/TOF      Icalc       Iobs      Sigma    HwG     HwL     ETA     d-hkl  TOF_alpha  TOF_beta     CORR

    481   1     20   1   1    24     2.438   10619.974      262.9      627.9    191.030   2.438   0.000   0.000  0.511236  0.205149  0.148821  1.000000
    482   1     12  16   0    12     2.451   10646.490       50.7      358.2    160.837   2.451   0.000   0.000  0.512513  0.204615  0.147410  1.000000
    483   1     16  12   0    12     2.451   10646.490       71.9      508.2    228.194   2.451   0.000   0.000  0.512513  0.204615  0.147410  1.000000
    484   1     20   0   0     6     2.451   10646.490       96.4      680.8    305.703   2.451   0.000   0.000  0.512513  0.204615  0.147410  1.000000
    485   1      6  19   1    24     2.463   10673.206      322.6      450.0    149.837   2.463   0.000   0.000  0.513799  0.204080  0.146007  1.000000
    486   1      7  18   5    24     2.463   10673.206      354.6      494.7    164.700   2.463   0.000   0.000  0.513799  0.204080  0.146007  1.000000
    487   1     10  17   3    24     2.463   10673.206      114.2      159.3     53.023   2.463   0.000   0.000  0.513799  0.204080  0.146007  1.000000
    488   1     11  14   9    24     2.463   10673.206      147.5      205.8     68.529   2.463   0.000   0.000  0.513799  0.204080  0.146007  1.000000
    489   1     13  15   2    24     2.463   10673.206        3.8        5.3      1.753   2.463   0.000   0.000  0.513799  0.204080  0.146007  1.000000
    490   1     14  11   9    24     2.463   10673.206      565.3      788.6    262.564   2.463   0.000   0.000  0.513799  0.204080  0.146007  1.000000
    491   1     15  13   2    24     2.463   10673.206      337.0      470.1    156.525   2.463   0.000   0.000  0.513799  0.204080  0.146007  1.000000
    492   1     17  10   3    24     2.463   10673.206     1077.3     1502.8    500.365   2.463   0.000   0.000  0.513799  0.204080  0.146007  1.000000
    493   1     18   7   5    24     2.463   10673.206       75.4      105.2     35.020   2.463   0.000   0.000  0.513799  0.204080  0.146007  1.000000
    494   1     19   6   1    24     2.463   10673.206      135.0      188.3     62.687   2.463   0.000   0.000  0.513799  0.204080  0.146007  1.000000
    495   1     14  10  10    24     2.475   10700.126      210.5      292.8    143.156   2.475   0.000   0.000  0.515095  0.203543  0.144610  1.000000
    496   1     14  14   2    24     2.475   10700.126      267.9      372.6    182.187   2.475   0.000   0.000  0.515095  0.203543  0.144610  1.000000
    497   1     18   6   6    24     2.475   10700.126     1238.7     1722.7    842.405   2.475   0.000   0.000  0.515095  0.203543  0.144610  1.000000
    498   1     12  13   9    24     2.488   10727.249      109.4      346.6    114.023   2.488   0.000   0.000  0.516400  0.203005  0.143221  1.000000
    499   1     12  15   5    24     2.488   10727.249       10.5       33.2     10.915   2.488   0.000   0.000  0.516400  0.203005  0.143221  1.000000
    500   1     13  12   9    24     2.488   10727.249      739.2     2341.3    770.231   2.488   0.000   0.000  0.516400  0.203005  0.143221  1.000000
    501   1     13  15   0    12     2.488   10727.249      189.9      601.6    197.895   2.488   0.000   0.000  0.516400  0.203005  0.143221  1.000000
    502   1     15  12   5    24     2.488   10727.249       57.4      181.9     59.855   2.488   0.000   0.000  0.516400  0.203005  0.143221  1.000000
    503   1     15  13   0    12     2.488   10727.249        2.4        7.5      2.475   2.488   0.000   0.000  0.516400  0.203005  0.143221  1.000000
    504   1      8  18   2    24     2.501   10754.579      781.1     1146.8    301.038   2.501   0.000   0.000  0.517716  0.202466  0.141839  1.000000
    505   1     10  16   6    24     2.501   10754.579     1154.0     1694.1    444.717   2.501   0.000   0.000  0.517716  0.202466  0.141839  1.000000
    506   1     14  14   0    12     2.501   10754.579       33.1       48.5     12.742   2.501   0.000   0.000  0.517716  0.202466  0.141839  1.000000
    507   1     16  10   6    24     2.501   10754.579      893.8     1312.1    344.444   2.501   0.000   0.000  0.517716  0.202466  0.141839  1.000000
    508   1     18   8   2    24     2.501   10754.579      922.3     1354.0    355.452   2.501   0.000   0.000  0.517716  0.202466  0.141839  1.000000
    509   1      5  19   2    24     2.513   10782.120       66.6      139.7     29.773   2.513   0.000   0.000  0.519042  0.201925  0.140463  1.000000
    510   1     10  17   1    24     2.513   10782.120      760.3     1593.9    339.786   2.513   0.000   0.000  0.519042  0.201925  0.140463  1.000000
    511   1     11  13  10    24     2.513   10782.120      201.3      421.9     89.937   2.513   0.000   0.000  0.519042  0.201925  0.140463  1.000000
    512   1     13  11  10    24     2.513   10782.120      246.1      515.8    109.969   2.513   0.000   0.000  0.519042  0.201925  0.140463  1.000000
    513   1     13  14   5    24     2.513   10782.120       34.4       72.0     15.358   2.513   0.000   0.000  0.519042  0.201925  0.140463  1.000000
    514   1     14  13   5    24     2.513   10782.120      921.3     1931.4    411.736   2.513   0.000   0.000  0.519042  0.201925  0.140463  1.000000
    515   1     17  10   1    24     2.513   10782.120      197.7      414.5     88.359   2.513   0.000   0.000  0.519042  0.201925  0.140463  1.000000
    516   1     19   5   2    24     2.513   10782.120      744.3     1560.3    332.624   2.513   0.000   0.000  0.519042  0.201925  0.140463  1.000000
    517   1      8  18   0    12     2.526   10809.874     1830.8     4223.2   1072.694   2.526   0.000   0.000  0.520378  0.201382  0.139095  1.000000
    518   1     12  12  10    24     2.526   10809.874      508.5     1173.1    297.963   2.526   0.000   0.000  0.520378  0.201382  0.139095  1.000000
    519   1     18   8   0    12     2.526   10809.874        4.0        9.3      2.361   2.526   0.000   0.000  0.520378  0.201382  0.139095  1.000000
    520   1      4  19   3    24     2.539   10837.842       54.5      149.5     47.572   2.539   0.000   0.000  0.521724  0.200839  0.137733  1.000000
    521   1      5  19   0    12     2.539   10837.842       78.7      215.8     68.657   2.539   0.000   0.000  0.521724  0.200839  0.137733  1.000000
    522   1      9  16   7    24     2.539   10837.842       70.5      193.3     61.507   2.539   0.000   0.000  0.521724  0.200839  0.137733  1.000000
    523   1      9  17   4    24     2.539   10837.842      614.6     1685.5    536.313   2.539   0.000   0.000  0.521724  0.200839  0.137733  1.000000
    524   1     11  16   3    24     2.539   10837.842      401.6     1101.4    350.458   2.539   0.000   0.000  0.521724  0.200839  0.137733  1.000000
    525   1     12  11  11    24     2.539   10837.842       41.8      114.7     36.502   2.539   0.000   0.000  0.521724  0.200839  0.137733  1.000000
    526   1     16   9   7    24     2.539   10837.842       94.2      258.3     82.203   2.539   0.000   0.000  0.521724  0.200839  0.137733  1.000000
    527   1     16  11   3    24     2.539   10837.842       12.2       33.4     10.634   2.539   0.000   0.000  0.521724  0.200839  0.137733  1.000000
    528   1     17   9   4    24     2.539   10837.842      205.1      562.4    178.961   2.539   0.000   0.000  0.521724  0.200839  0.137733  1.000000
    529   1     19   4   3    24     2.539   10837.842       30.5       83.7     26.640   2.539   0.000   0.000  0.521724  0.200839  0.137733  1.000000
    530   1     19   5   0    12     2.539   10837.842       88.8      243.6     77.510   2.539   0.000   0.000  0.521724  0.200839  0.137733  1.000000
    531   1     16   8   8    24     2.553   10866.028      148.1      929.0    729.402   2.553   0.000   0.000  0.523081  0.200294  0.136379  1.000000
    532   1      7  18   3    24     2.566   10894.438      964.0     4004.5   1289.735   2.566   0.000   0.000  0.524449  0.199747  0.135032  1.000000
    533   1     11  15   6    24     2.566   10894.438       17.9       74.3     23.934   2.566   0.000   0.000  0.524449  0.199747  0.135032  1.000000
    534   1     15  11   6    24     2.566   10894.438       13.8       57.1     18.399   2.566   0.000   0.000  0.524449  0.199747  0.135032  1.000000
    535   1     18   7   3    24     2.566   10894.438      303.7     1261.8    406.397   2.566   0.000   0.000  0.524449  0.199747  0.135032  1.000000
    536   1      4  19   1    24     2.593   10951.928      755.7      763.9    286.682   2.593   0.000   0.000  0.527216  0.198650  0.132358  1.000000
    537   1      8  17   5    24     2.593   10951.928      837.2      846.3    317.625   2.593   0.000   0.000  0.527216  0.198650  0.132358  1.000000
    538   1     11  16   1    24     2.593   10951.928      202.1      204.3     76.686   2.593   0.000   0.000  0.527216  0.198650  0.132358  1.000000
    539   1     12  15   3    24     2.593   10951.928       84.5       85.4     32.055   2.593   0.000   0.000  0.527216  0.198650  0.132358  1.000000
    540   1     15  12   3    24     2.593   10951.928      428.3      433.0    162.494   2.593   0.000   0.000  0.527216  0.198650  0.132358  1.000000

   No.  Code     H   K   L  Mult     Hw     2theta/TOF      Icalc       Iobs      Sigma    HwG     HwL     ETA     d-hkl  TOF_alpha  TOF_beta     CORR

    541   1     16  11   1    24     2.593   10951.928      834.7      843.8    316.685   2.593   0.000   0.000  0.527216  0.198650  0.132358  1.000000
    542   1     17   8   5    24     2.593   10951.928      502.9      508.4    190.799   2.593   0.000   0.000  0.527216  0.198650  0.132358  1.000000
    543   1     19   4   1    24     2.593   10951.928      544.2      550.1    206.440   2.593   0.000   0.000  0.527216  0.198650  0.132358  1.000000
    544   1      6  18   4    24     2.607   10981.017     1098.0     1681.7    477.903   2.607   0.000   0.000  0.528617  0.198099  0.131032  1.000000
    545   1     12  14   6    24     2.607   10981.017       75.3      115.3     32.771   2.607   0.000   0.000  0.528617  0.198099  0.131032  1.000000
    546   1     14  12   6    24     2.607   10981.017     1179.4     1806.5    513.355   2.607   0.000   0.000  0.528617  0.198099  0.131032  1.000000
    547   1     18   6   4    24     2.607   10981.017      237.4      363.6    103.339   2.607   0.000   0.000  0.528617  0.198099  0.131032  1.000000
    548   1      3  19   2    24     2.621   11010.339      132.5      171.4     26.647   2.621   0.000   0.000  0.530028  0.197547  0.129713  1.000000
    549   1      7  17   6    24     2.621   11010.339     2220.1     2871.2    446.463   2.621   0.000   0.000  0.530028  0.197547  0.129713  1.000000
    550   1      7  18   1    24     2.621   11010.339      121.0      156.5     24.337   2.621   0.000   0.000  0.530028  0.197547  0.129713  1.000000
    551   1      9  17   2    24     2.621   11010.339      171.7      222.0     34.521   2.621   0.000   0.000  0.530028  0.197547  0.129713  1.000000
    552   1     10  15   7    24     2.621   11010.339      799.3     1033.7    160.734   2.621   0.000   0.000  0.530028  0.197547  0.129713  1.000000
    553   1     13  13   6    24     2.621   11010.339      183.1      236.8     36.828   2.621   0.000   0.000  0.530028  0.197547  0.129713  1.000000
    554   1     13  14   3    24     2.621   11010.339     1070.5     1384.4    215.271   2.621   0.000   0.000  0.530028  0.197547  0.129713  1.000000
    555   1     14  13   3    24     2.621   11010.339      421.4      544.9     84.736   2.621   0.000   0.000  0.530028  0.197547  0.129713  1.000000
    556   1     15  10   7    24     2.621   11010.339      842.3     1089.3    169.379   2.621   0.000   0.000  0.530028  0.197547  0.129713  1.000000
    557   1     17   7   6    24     2.621   11010.339      221.5      286.5     44.544   2.621   0.000   0.000  0.530028  0.197547  0.129713  1.000000
    558   1     17   9   2    24     2.621   11010.339        5.8        7.5      1.169   2.621   0.000   0.000  0.530028  0.197547  0.129713  1.000000
    559   1     18   5   5    24     2.621   11010.339      151.2      195.5     30.401   2.621   0.000   0.000  0.530028  0.197547  0.129713  1.000000
    560   1     18   7   1    24     2.621   11010.339      448.4      579.9     90.181   2.621   0.000   0.000  0.530028  0.197547  0.129713  1.000000
    561   1     19   3   2    24     2.621   11010.339     1841.7     2381.7    370.357   2.621   0.000   0.000  0.530028  0.197547  0.129713  1.000000
    562   1     10  16   4    24     2.635   11039.896      206.0      709.2    216.324   2.635   0.000   0.000  0.531451  0.196993  0.128401  1.000000
    563   1     16  10   4    24     2.635   11039.896      743.3     2559.1    780.616   2.635   0.000   0.000  0.531451  0.196993  0.128401  1.000000
    564   1      3  19   0    12     2.649   11069.693      128.3      302.8    133.678   2.649   0.000   0.000  0.532885  0.196438  0.127096  1.000000
    565   1      9  15   8    24     2.649   11069.693      300.5      709.2    313.113   2.649   0.000   0.000  0.532885  0.196438  0.127096  1.000000
    566   1      9  17   0    12     2.649   11069.693      101.8      240.2    106.027   2.649   0.000   0.000  0.532885  0.196438  0.127096  1.000000
    567   1     12  15   1    24     2.649   11069.693      119.2      281.4    124.224   2.649   0.000   0.000  0.532885  0.196438  0.127096  1.000000
    568   1     15   9   8    24     2.649   11069.693      747.8     1765.1    779.261   2.649   0.000   0.000  0.532885  0.196438  0.127096  1.000000
    569   1     15  12   1    24     2.649   11069.693      190.9      450.6    198.947   2.649   0.000   0.000  0.532885  0.196438  0.127096  1.000000
    570   1     17   9   0    12     2.649   11069.693        7.7       18.2      8.054   2.649   0.000   0.000  0.532885  0.196438  0.127096  1.000000
    571   1     19   3   0    12     2.649   11069.693        5.0       11.7      5.164   2.649   0.000   0.000  0.532885  0.196438  0.127096  1.000000
    572   1      2  19   1    24     2.678   11130.020      360.5      787.8    161.220   2.678   0.000   0.000  0.535789  0.195323  0.124507  1.000000
    573   1     11  14   7    24     2.678   11130.020      928.1     2027.8    414.992   2.678   0.000   0.000  0.535789  0.195323  0.124507  1.000000
    574   1     13  14   1    24     2.678   11130.020      981.1     2143.6    438.685   2.678   0.000   0.000  0.535789  0.195323  0.124507  1.000000
    575   1     14  11   7    24     2.678   11130.020      356.3      778.4    159.303   2.678   0.000   0.000  0.535789  0.195323  0.124507  1.000000
    576   1     14  13   1    24     2.678   11130.020     1185.8     2591.0    530.243   2.678   0.000   0.000  0.535789  0.195323  0.124507  1.000000
    577   1     19   2   1    24     2.678   11130.020      223.1      487.4     99.757   2.678   0.000   0.000  0.535789  0.195323  0.124507  1.000000
    578   1      6  18   2    24     2.693   11160.555      295.2     1370.0    521.982   2.693   0.000   0.000  0.537259  0.194763  0.123223  1.000000
    579   1     18   6   2    24     2.693   11160.555      217.6     1010.0    384.834   2.693   0.000   0.000  0.537259  0.194763  0.123223  1.000000
    580   1      1  19   0    12     2.708   11191.343       32.9       51.8     21.758   2.708   0.000   0.000  0.538741  0.194202  0.121946  1.000000
    581   1      8  17   3    24     2.708   11191.343      374.0      589.5    247.398   2.708   0.000   0.000  0.538741  0.194202  0.121946  1.000000
    582   1      9  16   5    24     2.708   11191.343       52.0       81.9     34.373   2.708   0.000   0.000  0.538741  0.194202  0.121946  1.000000
    583   1     11  15   4    24     2.708   11191.343       31.8       50.1     21.038   2.708   0.000   0.000  0.538741  0.194202  0.121946  1.000000
    584   1     12  13   7    24     2.708   11191.343      408.6      644.0    270.278   2.708   0.000   0.000  0.538741  0.194202  0.121946  1.000000
    585   1     13  12   7    24     2.708   11191.343      309.8      488.3    204.921   2.708   0.000   0.000  0.538741  0.194202  0.121946  1.000000
    586   1     15  11   4    24     2.708   11191.343       18.9       29.8     12.508   2.708   0.000   0.000  0.538741  0.194202  0.121946  1.000000
    587   1     16   9   5    24     2.708   11191.343      197.7      311.7    130.802   2.708   0.000   0.000  0.538741  0.194202  0.121946  1.000000
    588   1     17   8   3    24     2.708   11191.343      261.7      412.5    173.131   2.708   0.000   0.000  0.538741  0.194202  0.121946  1.000000
    589   1     19   1   0    12     2.708   11191.343      341.8      538.8    226.122   2.708   0.000   0.000  0.538741  0.194202  0.121946  1.000000
    590   1      6  18   0    12     2.723   11222.387        0.0        0.0      0.000   2.723   0.000   0.000  0.540236  0.193639  0.120676  1.000000
    591   1     10  14   8    24     2.723   11222.387      470.2      691.7    149.713   2.723   0.000   0.000  0.540236  0.193639  0.120676  1.000000
    592   1     10  16   2    24     2.723   11222.387     2034.2     2992.4    647.645   2.723   0.000   0.000  0.540236  0.193639  0.120676  1.000000
    593   1     14  10   8    24     2.723   11222.387     1173.9     1726.8    373.729   2.723   0.000   0.000  0.540236  0.193639  0.120676  1.000000
    594   1     16  10   2    24     2.723   11222.387      826.1     1215.1    262.997   2.723   0.000   0.000  0.540236  0.193639  0.120676  1.000000
    595   1     18   6   0    12     2.723   11222.387      134.1      197.2     42.682   2.723   0.000   0.000  0.540236  0.193639  0.120676  1.000000
    596   1      5  18   3    24     2.738   11253.689      382.0      519.2    182.982   2.738   0.000   0.000  0.541743  0.193075  0.119414  1.000000
    597   1     14   9   9    24     2.738   11253.689     1136.9     1545.3    544.600   2.738   0.000   0.000  0.541743  0.193075  0.119414  1.000000
    598   1     18   5   3    24     2.738   11253.689      807.0     1097.0    386.600   2.738   0.000   0.000  0.541743  0.193075  0.119414  1.000000
    599   1      8  16   6    24     2.753   11285.257     1397.3     1293.3    329.894   2.753   0.000   0.000  0.543262  0.192509  0.118158  1.000000
    600   1     10  16   0    12     2.753   11285.257        9.0        8.3      2.114   2.753   0.000   0.000  0.543262  0.192509  0.118158  1.000000

   No.  Code     H   K   L  Mult     Hw     2theta/TOF      Icalc       Iobs      Sigma    HwG     HwL     ETA     d-hkl  TOF_alpha  TOF_beta     CORR

    601   1     12  14   4    24     2.753   11285.257     1675.9     1551.2    395.670   2.753   0.000   0.000  0.543262  0.192509  0.118158  1.000000
    602   1     14  12   4    24     2.753   11285.257       70.2       65.0     16.581   2.753   0.000   0.000  0.543262  0.192509  0.118158  1.000000
    603   1     16   8   6    24     2.753   11285.257      356.4      329.9     84.151   2.753   0.000   0.000  0.543262  0.192509  0.118158  1.000000
    604   1     16  10   0    12     2.753   11285.257      550.2      509.2    129.889   2.753   0.000   0.000  0.543262  0.192509  0.118158  1.000000
    605   1     18   4   4    24     2.753   11285.257     2368.3     2192.0    559.142   2.753   0.000   0.000  0.543262  0.192509  0.118158  1.000000
    606   1      7  17   4    24     2.769   11317.091      167.8      218.0     65.065   2.769   0.000   0.000  0.544795  0.191941  0.116909  1.000000
    607   1      8  17   1    24     2.769   11317.091      117.0      152.1     45.379   2.769   0.000   0.000  0.544795  0.191941  0.116909  1.000000
    608   1     11  13   8    24     2.769   11317.091      361.8      470.1    140.299   2.769   0.000   0.000  0.544795  0.191941  0.116909  1.000000
    609   1     13  11   8    24     2.769   11317.091      606.5      788.1    235.184   2.769   0.000   0.000  0.544795  0.191941  0.116909  1.000000
    610   1     13  13   4    24     2.769   11317.091      327.5      425.5    126.987   2.769   0.000   0.000  0.544795  0.191941  0.116909  1.000000
    611   1     16   7   7    24     2.769   11317.091       91.8      119.3     35.593   2.769   0.000   0.000  0.544795  0.191941  0.116909  1.000000
    612   1     17   7   4    24     2.769   11317.091       39.5       51.3     15.309   2.769   0.000   0.000  0.544795  0.191941  0.116909  1.000000
    613   1     17   8   1    24     2.769   11317.091     1700.7     2210.0    659.519   2.769   0.000   0.000  0.544795  0.191941  0.116909  1.000000
    614   1     12  12   8    24     2.785   11349.197      654.8     3051.0    945.115   2.785   0.000   0.000  0.546340  0.191372  0.115667  1.000000
    615   1      5  18   1    24     2.801   11381.577      117.8      156.3     39.800   2.801   0.000   0.000  0.547899  0.190801  0.114433  1.000000
    616   1      6  17   5    24     2.801   11381.577      252.7      335.4     85.404   2.801   0.000   0.000  0.547899  0.190801  0.114433  1.000000
    617   1     10  13   9    24     2.801   11381.577       63.4       84.2     21.444   2.801   0.000   0.000  0.547899  0.190801  0.114433  1.000000
    618   1     10  15   5    24     2.801   11381.577      599.4      795.6    202.587   2.801   0.000   0.000  0.547899  0.190801  0.114433  1.000000
    619   1     11  15   2    24     2.801   11381.577     2289.5     3039.1    773.849   2.801   0.000   0.000  0.547899  0.190801  0.114433  1.000000
    620   1     13  10   9    24     2.801   11381.577      433.2      575.1    146.429   2.801   0.000   0.000  0.547899  0.190801  0.114433  1.000000
    621   1     15  10   5    24     2.801   11381.577      556.3      738.4    188.022   2.801   0.000   0.000  0.547899  0.190801  0.114433  1.000000
    622   1     15  11   2    24     2.801   11381.577      697.2      925.5    235.671   2.801   0.000   0.000  0.547899  0.190801  0.114433  1.000000
    623   1     17   6   5    24     2.801   11381.577      633.4      840.7    214.081   2.801   0.000   0.000  0.547899  0.190801  0.114433  1.000000
    624   1     18   5   1    24     2.801   11381.577       19.5       25.9      6.586   2.801   0.000   0.000  0.547899  0.190801  0.114433  1.000000
    625   1      9  16   3    24     2.833   11447.177      496.8      552.7    311.564   2.833   0.000   0.000  0.551057  0.189654  0.111984  1.000000
    626   1     11  12   9    24     2.833   11447.177       75.7       84.2     47.491   2.833   0.000   0.000  0.551057  0.189654  0.111984  1.000000
    627   1     11  15   0    12     2.833   11447.177      243.6      271.1    152.809   2.833   0.000   0.000  0.551057  0.189654  0.111984  1.000000
    628   1     12  11   9    24     2.833   11447.177      692.6      770.6    434.408   2.833   0.000   0.000  0.551057  0.189654  0.111984  1.000000
    629   1     15  11   0    12     2.833   11447.177        1.0        1.1      0.646   2.833   0.000   0.000  0.551057  0.189654  0.111984  1.000000
    630   1     16   9   3    24     2.833   11447.177      696.8      775.2    437.022   2.833   0.000   0.000  0.551057  0.189654  0.111984  1.000000
    631   1      4  18   2    24     2.849   11480.406     1175.0     1576.4    260.004   2.849   0.000   0.000  0.552657  0.189079  0.110771  1.000000
    632   1     12  10  10    24     2.849   11480.406      874.1     1172.8    193.435   2.849   0.000   0.000  0.552657  0.189079  0.110771  1.000000
    633   1     12  14   2    24     2.849   11480.406     1586.9     2129.0    351.163   2.849   0.000   0.000  0.552657  0.189079  0.110771  1.000000
    634   1     14  12   2    24     2.849   11480.406     3017.5     4048.3    667.726   2.849   0.000   0.000  0.552657  0.189079  0.110771  1.000000
    635   1     18   4   2    24     2.849   11480.406      250.4      336.0     55.413   2.849   0.000   0.000  0.552657  0.189079  0.110771  1.000000
    636   1      7  17   2    24     2.866   11513.926      565.6      623.1    148.510   2.866   0.000   0.000  0.554270  0.188501  0.109564  1.000000
    637   1      9  15   6    24     2.866   11513.926       64.1       70.6     16.826   2.866   0.000   0.000  0.554270  0.188501  0.109564  1.000000
    638   1     11  11  10    24     2.866   11513.926     1587.5     1748.9    416.848   2.866   0.000   0.000  0.554270  0.188501  0.109564  1.000000
    639   1     11  14   5    24     2.866   11513.926     1280.5     1410.7    336.221   2.866   0.000   0.000  0.554270  0.188501  0.109564  1.000000
    640   1     13  13   2    24     2.866   11513.926      819.6      902.9    215.198   2.866   0.000   0.000  0.554270  0.188501  0.109564  1.000000
    641   1     14  11   5    24     2.866   11513.926       92.8      102.2     24.360   2.866   0.000   0.000  0.554270  0.188501  0.109564  1.000000
    642   1     15   9   6    24     2.866   11513.926      112.2      123.6     29.456   2.866   0.000   0.000  0.554270  0.188501  0.109564  1.000000
    643   1     17   7   2    24     2.866   11513.926      302.4      333.2     79.414   2.866   0.000   0.000  0.554270  0.188501  0.109564  1.000000
    644   1     18   3   3    24     2.866   11513.926      627.2      690.9    164.682   2.866   0.000   0.000  0.554270  0.188501  0.109564  1.000000
    645   1      4  18   0    12     2.883   11547.740      729.8      661.5    580.980   2.883   0.000   0.000  0.555898  0.187922  0.108365  1.000000
    646   1     12  14   0    12     2.883   11547.740      292.8      265.4    233.140   2.883   0.000   0.000  0.555898  0.187922  0.108365  1.000000
    647   1     14  12   0    12     2.883   11547.740       90.0       81.6     71.645   2.883   0.000   0.000  0.555898  0.187922  0.108365  1.000000
    648   1     18   4   0    12     2.883   11547.740       41.2       37.3     32.779   2.883   0.000   0.000  0.555898  0.187922  0.108365  1.000000
    649   1      7  17   0    12     2.900   11581.854      934.7     1085.9    303.269   2.900   0.000   0.000  0.557540  0.187341  0.107172  1.000000
    650   1      8  15   7    24     2.900   11581.854     1227.4     1426.1    398.255   2.900   0.000   0.000  0.557540  0.187341  0.107172  1.000000
    651   1      9  16   1    24     2.900   11581.854     1009.4     1172.7    327.507   2.900   0.000   0.000  0.557540  0.187341  0.107172  1.000000
    652   1     12  13   5    24     2.900   11581.854      380.1      441.6    123.330   2.900   0.000   0.000  0.557540  0.187341  0.107172  1.000000
    653   1     13  12   5    24     2.900   11581.854     1336.8     1553.2    433.756   2.900   0.000   0.000  0.557540  0.187341  0.107172  1.000000
    654   1     13  13   0    12     2.900   11581.854       31.4       36.5     10.201   2.900   0.000   0.000  0.557540  0.187341  0.107172  1.000000
    655   1     15   8   7    24     2.900   11581.854       17.7       20.6      5.743   2.900   0.000   0.000  0.557540  0.187341  0.107172  1.000000
    656   1     16   9   1    24     2.900   11581.854       23.2       26.9      7.516   2.900   0.000   0.000  0.557540  0.187341  0.107172  1.000000
    657   1     17   7   0    12     2.900   11581.854       80.2       93.2     26.014   2.900   0.000   0.000  0.557540  0.187341  0.107172  1.000000
    658   1      8  16   4    24     2.917   11616.273      134.0      380.4    388.661   2.917   0.000   0.000  0.559197  0.186759  0.105987  1.000000
    659   1     16   8   4    24     2.917   11616.273       39.1      110.9    113.342   2.917   0.000   0.000  0.559197  0.186759  0.105987  1.000000
    660   1      3  18   1    24     2.935   11651.002     1226.1     1895.4    556.484   2.935   0.000   0.000  0.560869  0.186174  0.104808  1.000000

   No.  Code     H   K   L  Mult     Hw     2theta/TOF      Icalc       Iobs      Sigma    HwG     HwL     ETA     d-hkl  TOF_alpha  TOF_beta     CORR

    661   1      6  17   3    24     2.935   11651.002      246.5      381.0    111.866   2.935   0.000   0.000  0.560869  0.186174  0.104808  1.000000
    662   1     10  15   3    24     2.935   11651.002     1165.5     1801.7    528.977   2.935   0.000   0.000  0.560869  0.186174  0.104808  1.000000
    663   1     15  10   3    24     2.935   11651.002      396.9      613.5    180.127   2.935   0.000   0.000  0.560869  0.186174  0.104808  1.000000
    664   1     17   6   3    24     2.935   11651.002      277.1      428.3    125.757   2.935   0.000   0.000  0.560869  0.186174  0.104808  1.000000
    665   1     18   3   1    24     2.935   11651.002       33.9       52.5     15.405   2.935   0.000   0.000  0.560869  0.186174  0.104808  1.000000
    666   1     10  14   6    24     2.952   11686.042       23.6       67.7     22.684   2.952   0.000   0.000  0.562556  0.185588  0.103637  1.000000
    667   1     14  10   6    24     2.952   11686.042       15.9       45.7     15.315   2.952   0.000   0.000  0.562556  0.185588  0.103637  1.000000
    668   1     18   2   2    24     2.952   11686.042     1048.7     3007.7   1007.584   2.952   0.000   0.000  0.562556  0.185588  0.103637  1.000000
    669   1      5  17   4    24     2.970   11721.399     2536.4     4070.5    926.244   2.970   0.000   0.000  0.564258  0.185000  0.102473  1.000000
    670   1      7  16   5    24     2.970   11721.399      124.2      199.4     45.373   2.970   0.000   0.000  0.564258  0.185000  0.102473  1.000000
    671   1     16   7   5    24     2.970   11721.399      563.2      903.8    205.670   2.970   0.000   0.000  0.564258  0.185000  0.102473  1.000000
    672   1     17   5   4    24     2.970   11721.399     1091.5     1751.6    398.589   2.970   0.000   0.000  0.564258  0.185000  0.102473  1.000000
    673   1      2  18   0    12     2.988   11757.082      172.6      768.1    164.185   2.988   0.000   0.000  0.565976  0.184411  0.101315  1.000000
    674   1     16   6   6    24     2.988   11757.082      821.5     3655.4    781.381   2.988   0.000   0.000  0.565976  0.184411  0.101315  1.000000
    675   1     18   2   0    12     2.988   11757.082       41.5      184.7     39.483   2.988   0.000   0.000  0.565976  0.184411  0.101315  1.000000
    676   1      6  17   1    24     3.007   11793.092       28.7       39.3      4.452   3.007   0.000   0.000  0.567709  0.183819  0.100165  1.000000
    677   1      9  14   7    24     3.007   11793.092     2010.0     2755.8    311.865   3.007   0.000   0.000  0.567709  0.183819  0.100165  1.000000
    678   1     10  15   1    24     3.007   11793.092      424.6      582.1     65.874   3.007   0.000   0.000  0.567709  0.183819  0.100165  1.000000
    679   1     11  13   6    24     3.007   11793.092     1925.3     2639.6    298.723   3.007   0.000   0.000  0.567709  0.183819  0.100165  1.000000
    680   1     11  14   3    24     3.007   11793.092      294.8      404.1     45.735   3.007   0.000   0.000  0.567709  0.183819  0.100165  1.000000
    681   1     13  11   6    24     3.007   11793.092      783.4     1074.1    121.550   3.007   0.000   0.000  0.567709  0.183819  0.100165  1.000000
    682   1     14   9   7    24     3.007   11793.092       91.8      125.9     14.247   3.007   0.000   0.000  0.567709  0.183819  0.100165  1.000000
    683   1     14  11   3    24     3.007   11793.092       59.7       81.8      9.255   3.007   0.000   0.000  0.567709  0.183819  0.100165  1.000000
    684   1     15  10   1    24     3.007   11793.092      104.8      143.7     16.260   3.007   0.000   0.000  0.567709  0.183819  0.100165  1.000000
    685   1     17   6   1    24     3.007   11793.092     4116.4     5643.8    638.703   3.007   0.000   0.000  0.567709  0.183819  0.100165  1.000000
    686   1     18   1   1    24     3.007   11793.092      819.8     1124.0    127.205   3.007   0.000   0.000  0.567709  0.183819  0.100165  1.000000
    687   1      8  16   2    24     3.025   11829.433      213.1      276.4     35.130   3.025   0.000   0.000  0.569459  0.183226  0.099022  1.000000
    688   1     12  12   6    24     3.025   11829.433      721.6      935.9    118.933   3.025   0.000   0.000  0.569459  0.183226  0.099022  1.000000
    689   1     14   8   8    24     3.025   11829.433     4937.4     6403.8    813.820   3.025   0.000   0.000  0.569459  0.183226  0.099022  1.000000
    690   1     16   8   2    24     3.025   11829.433      717.6      930.7    118.283   3.025   0.000   0.000  0.569459  0.183226  0.099022  1.000000
    691   1     18   0   0     6     3.025   11829.433     2903.6     3766.0    478.591   3.025   0.000   0.000  0.569459  0.183226  0.099022  1.000000
    692   1      9  15   4    24     3.044   11866.114     1833.4     2640.1    785.828   3.044   0.000   0.000  0.571224  0.182631  0.097886  1.000000
    693   1     12  13   3    24     3.044   11866.114      131.0      188.6     56.134   3.044   0.000   0.000  0.571224  0.182631  0.097886  1.000000
    694   1     13  12   3    24     3.044   11866.114      733.8     1056.8    314.546   3.044   0.000   0.000  0.571224  0.182631  0.097886  1.000000
    695   1     15   9   4    24     3.044   11866.114       51.0       73.5     21.869   3.044   0.000   0.000  0.571224  0.182631  0.097886  1.000000
    696   1      8  16   0    12     3.063   11903.140      773.9     1653.8    393.074   3.063   0.000   0.000  0.573007  0.182034  0.096756  1.000000
    697   1     16   8   0    12     3.063   11903.140     1759.5     3760.1    893.680   3.063   0.000   0.000  0.573007  0.182034  0.096756  1.000000
    698   1      5  17   2    24     3.082   11940.512      847.3      814.2    325.506   3.082   0.000   0.000  0.574806  0.181435  0.095634  1.000000
    699   1     10  13   7    24     3.082   11940.512      250.5      240.7     96.213   3.082   0.000   0.000  0.574806  0.181435  0.095634  1.000000
    700   1     11  14   1    24     3.082   11940.512      347.1      333.5    133.352   3.082   0.000   0.000  0.574806  0.181435  0.095634  1.000000
    701   1     13  10   7    24     3.082   11940.512     1908.9     1834.2    733.301   3.082   0.000   0.000  0.574806  0.181435  0.095634  1.000000
    702   1     14  11   1    24     3.082   11940.512      825.1      792.9    316.980   3.082   0.000   0.000  0.574806  0.181435  0.095634  1.000000
    703   1     17   5   2    24     3.082   11940.512        8.6        8.2      3.289   3.082   0.000   0.000  0.574806  0.181435  0.095634  1.000000
    704   1      4  17   3    24     3.122   12016.323       39.6       59.3      6.370   3.122   0.000   0.000  0.578455  0.180232  0.093411  1.000000
    705   1      5  17   0    12     3.122   12016.323        0.5        0.7      0.077   3.122   0.000   0.000  0.578455  0.180232  0.093411  1.000000
    706   1      7  16   3    24     3.122   12016.323     1949.1     2917.9    313.508   3.122   0.000   0.000  0.578455  0.180232  0.093411  1.000000
    707   1      8  15   5    24     3.122   12016.323      524.8      785.7     84.420   3.122   0.000   0.000  0.578455  0.180232  0.093411  1.000000
    708   1      9  13   8    24     3.122   12016.323     1935.2     2897.0    311.268   3.122   0.000   0.000  0.578455  0.180232  0.093411  1.000000
    709   1     11  12   7    24     3.122   12016.323     1606.6     2405.1    258.416   3.122   0.000   0.000  0.578455  0.180232  0.093411  1.000000
    710   1     12  11   7    24     3.122   12016.323      187.3      280.4     30.122   3.122   0.000   0.000  0.578455  0.180232  0.093411  1.000000
    711   1     12  13   1    24     3.122   12016.323      275.4      412.3     44.301   3.122   0.000   0.000  0.578455  0.180232  0.093411  1.000000
    712   1     13   9   8    24     3.122   12016.323      299.6      448.5     48.183   3.122   0.000   0.000  0.578455  0.180232  0.093411  1.000000
    713   1     13  12   1    24     3.122   12016.323      137.3      205.5     22.084   3.122   0.000   0.000  0.578455  0.180232  0.093411  1.000000
    714   1     15   8   5    24     3.122   12016.323     1145.9     1715.4    184.312   3.122   0.000   0.000  0.578455  0.180232  0.093411  1.000000
    715   1     16   7   3    24     3.122   12016.323     1421.4     2127.8    228.618   3.122   0.000   0.000  0.578455  0.180232  0.093411  1.000000
    716   1     17   4   3    24     3.122   12016.323     2431.4     3639.8    391.076   3.122   0.000   0.000  0.578455  0.180232  0.093411  1.000000
    717   1     17   5   0    12     3.122   12016.323      140.3      210.0     22.562   3.122   0.000   0.000  0.578455  0.180232  0.093411  1.000000
    718   1     10  14   4    24     3.142   12054.776      200.6      744.4    169.924   3.142   0.000   0.000  0.580306  0.179628  0.092310  1.000000
    719   1     14  10   4    24     3.142   12054.776      600.8     2229.9    508.984   3.142   0.000   0.000  0.580306  0.179628  0.092310  1.000000
    720   1      7  15   6    24     3.162   12093.601     2216.1     2609.9    312.755   3.162   0.000   0.000  0.582175  0.179021  0.091216  1.000000

   No.  Code     H   K   L  Mult     Hw     2theta/TOF      Icalc       Iobs      Sigma    HwG     HwL     ETA     d-hkl  TOF_alpha  TOF_beta     CORR

    721   1      9  15   2    24     3.162   12093.601      218.9      257.9     30.899   3.162   0.000   0.000  0.582175  0.179021  0.091216  1.000000
    722   1     15   7   6    24     3.162   12093.601     2883.3     3395.8    406.927   3.162   0.000   0.000  0.582175  0.179021  0.091216  1.000000
    723   1     15   9   2    24     3.162   12093.601     5866.5     6909.2    827.946   3.162   0.000   0.000  0.582175  0.179021  0.091216  1.000000
    724   1      6  16   4    24     3.183   12132.803      887.2     1184.0    115.612   3.183   0.000   0.000  0.584063  0.178413  0.090129  1.000000
    725   1     10  12   8    24     3.183   12132.803     1808.2     2413.1    235.633   3.183   0.000   0.000  0.584063  0.178413  0.090129  1.000000
    726   1     12  10   8    24     3.183   12132.803     6414.6     8560.2    835.894   3.183   0.000   0.000  0.584063  0.178413  0.090129  1.000000
    727   1     16   6   4    24     3.183   12132.803     2700.2     3603.4    351.866   3.183   0.000   0.000  0.584063  0.178413  0.090129  1.000000
    728   1      4  17   1    24     3.203   12172.387       60.8       89.3     15.246   3.203   0.000   0.000  0.585968  0.177802  0.089049  1.000000
    729   1      7  16   1    24     3.203   12172.387      121.2      178.1     30.400   3.203   0.000   0.000  0.585968  0.177802  0.089049  1.000000
    730   1      9  15   0    12     3.203   12172.387      371.2      545.7     93.125   3.203   0.000   0.000  0.585968  0.177802  0.089049  1.000000
    731   1     11  11   8    24     3.203   12172.387      294.0      432.2     73.751   3.203   0.000   0.000  0.585968  0.177802  0.089049  1.000000
    732   1     11  13   4    24     3.203   12172.387     1140.4     1676.5    286.101   3.203   0.000   0.000  0.585968  0.177802  0.089049  1.000000
    733   1     12   9   9    24     3.203   12172.387     1238.1     1820.1    310.606   3.203   0.000   0.000  0.585968  0.177802  0.089049  1.000000
    734   1     13  11   4    24     3.203   12172.387       82.9      121.8     20.791   3.203   0.000   0.000  0.585968  0.177802  0.089049  1.000000
    735   1     15   9   0    12     3.203   12172.387      255.2      375.1     64.020   3.203   0.000   0.000  0.585968  0.177802  0.089049  1.000000
    736   1     16   5   5    24     3.203   12172.387      580.8      853.8    145.713   3.203   0.000   0.000  0.585968  0.177802  0.089049  1.000000
    737   1     16   7   1    24     3.203   12172.387     1280.1     1881.9    321.158   3.203   0.000   0.000  0.585968  0.177802  0.089049  1.000000
    738   1     17   4   1    24     3.203   12172.387      962.4     1414.9    241.457   3.203   0.000   0.000  0.585968  0.177802  0.089049  1.000000
    739   1     12  12   4    24     3.224   12212.362       48.4      266.8    163.684   3.224   0.000   0.000  0.587892  0.177190  0.087976  1.000000
    740   1      3  17   2    24     3.246   12252.733      105.3      154.5     42.082   3.246   0.000   0.000  0.589836  0.176576  0.086911  1.000000
    741   1      9  14   5    24     3.246   12252.733      604.0      886.4    241.434   3.246   0.000   0.000  0.589836  0.176576  0.086911  1.000000
    742   1     10  11   9    24     3.246   12252.733      986.9     1448.2    394.472   3.246   0.000   0.000  0.589836  0.176576  0.086911  1.000000
    743   1     11  10   9    24     3.246   12252.733     1168.9     1715.3    467.221   3.246   0.000   0.000  0.589836  0.176576  0.086911  1.000000
    744   1     14   9   5    24     3.246   12252.733     1035.4     1519.3    413.836   3.246   0.000   0.000  0.589836  0.176576  0.086911  1.000000
    745   1     17   3   2    24     3.246   12252.733       65.1       95.5     26.019   3.246   0.000   0.000  0.589836  0.176576  0.086911  1.000000
    746   1     10  10  10     8     3.267   12293.508      140.1      269.2    194.232   3.267   0.000   0.000  0.591799  0.175959  0.085852  1.000000
    747   1     10  14   2    24     3.267   12293.508      100.8      193.6    139.694   3.267   0.000   0.000  0.591799  0.175959  0.085852  1.000000
    748   1     14  10   2    24     3.267   12293.508      433.8      833.5    601.287   3.267   0.000   0.000  0.591799  0.175959  0.085852  1.000000
    749   1      3  17   0    12     3.289   12334.693       45.0       90.3     32.771   3.289   0.000   0.000  0.593781  0.175341  0.084800  1.000000
    750   1      8  15   3    24     3.289   12334.693      826.4     1656.5    601.300   3.289   0.000   0.000  0.593781  0.175341  0.084800  1.000000
    751   1     15   8   3    24     3.289   12334.693      628.5     1259.8    457.323   3.289   0.000   0.000  0.593781  0.175341  0.084800  1.000000
    752   1     17   3   0    12     3.289   12334.693      130.1      260.7     94.629   3.289   0.000   0.000  0.593781  0.175341  0.084800  1.000000
    753   1      6  16   2    24     3.312   12376.295     3499.6     3264.7    573.718   3.312   0.000   0.000  0.595784  0.174720  0.083755  1.000000
    754   1      8  14   6    24     3.312   12376.295      445.3      415.4     73.003   3.312   0.000   0.000  0.595784  0.174720  0.083755  1.000000
    755   1     10  14   0    12     3.312   12376.295      878.6      819.6    144.034   3.312   0.000   0.000  0.595784  0.174720  0.083755  1.000000
    756   1     14   8   6    24     3.312   12376.295     1901.1     1773.5    311.655   3.312   0.000   0.000  0.595784  0.174720  0.083755  1.000000
    757   1     14  10   0    12     3.312   12376.295     1856.9     1732.2    304.411   3.312   0.000   0.000  0.595784  0.174720  0.083755  1.000000
    758   1     16   6   2    24     3.312   12376.295      131.1      122.3     21.490   3.312   0.000   0.000  0.595784  0.174720  0.083755  1.000000
    759   1      2  17   1    24     3.334   12418.319     1651.5     1989.2    320.359   3.334   0.000   0.000  0.597807  0.174098  0.082718  1.000000
    760   1     10  13   5    24     3.334   12418.319     2201.2     2651.4    426.995   3.334   0.000   0.000  0.597807  0.174098  0.082718  1.000000
    761   1     11  13   2    24     3.334   12418.319      136.4      164.3     26.452   3.334   0.000   0.000  0.597807  0.174098  0.082718  1.000000
    762   1     13  10   5    24     3.334   12418.319     2072.2     2496.0    401.963   3.334   0.000   0.000  0.597807  0.174098  0.082718  1.000000
    763   1     13  11   2    24     3.334   12418.319      623.8      751.3    121.001   3.334   0.000   0.000  0.597807  0.174098  0.082718  1.000000
    764   1     14   7   7    24     3.334   12418.319      476.0      573.3     92.333   3.334   0.000   0.000  0.597807  0.174098  0.082718  1.000000
    765   1     17   2   1    24     3.334   12418.319      220.6      265.8     42.799   3.334   0.000   0.000  0.597807  0.174098  0.082718  1.000000
    766   1      6  16   0    12     3.357   12460.774      931.1     2481.4    756.131   3.357   0.000   0.000  0.599851  0.173473  0.081687  1.000000
    767   1     12  12   2    24     3.357   12460.774       70.4      187.7     57.191   3.357   0.000   0.000  0.599851  0.173473  0.081687  1.000000
    768   1     16   6   0    12     3.357   12460.774       20.4       54.5     16.605   3.357   0.000   0.000  0.599851  0.173473  0.081687  1.000000
    769   1      1  17   0    12     3.380   12503.668     1379.6     1505.5    171.642   3.380   0.000   0.000  0.601916  0.172846  0.080663  1.000000
    770   1      5  16   3    24     3.380   12503.668     1972.1     2152.2    245.362   3.380   0.000   0.000  0.601916  0.172846  0.080663  1.000000
    771   1      7  15   4    24     3.380   12503.668      720.1      785.9     89.599   3.380   0.000   0.000  0.601916  0.172846  0.080663  1.000000
    772   1      8  15   1    24     3.380   12503.668     1011.5     1103.9    125.855   3.380   0.000   0.000  0.601916  0.172846  0.080663  1.000000
    773   1     11  12   5    24     3.380   12503.668      575.9      628.5     71.655   3.380   0.000   0.000  0.601916  0.172846  0.080663  1.000000
    774   1     11  13   0    12     3.380   12503.668       20.5       22.3      2.545   3.380   0.000   0.000  0.601916  0.172846  0.080663  1.000000
    775   1     12  11   5    24     3.380   12503.668     4788.1     5225.3    595.719   3.380   0.000   0.000  0.601916  0.172846  0.080663  1.000000
    776   1     13  11   0    12     3.380   12503.668      101.5      110.8     12.633   3.380   0.000   0.000  0.601916  0.172846  0.080663  1.000000
    777   1     15   7   4    24     3.380   12503.668     1056.3     1152.8    131.427   3.380   0.000   0.000  0.601916  0.172846  0.080663  1.000000
    778   1     15   8   1    24     3.380   12503.668      125.9      137.4     15.669   3.380   0.000   0.000  0.601916  0.172846  0.080663  1.000000
    779   1     16   5   3    24     3.380   12503.668     1104.9     1205.8    137.466   3.380   0.000   0.000  0.601916  0.172846  0.080663  1.000000
    780   1     17   1   0    12     3.380   12503.668       26.3       28.7      3.267   3.380   0.000   0.000  0.601916  0.172846  0.080663  1.000000

   No.  Code     H   K   L  Mult     Hw     2theta/TOF      Icalc       Iobs      Sigma    HwG     HwL     ETA     d-hkl  TOF_alpha  TOF_beta     CORR

    781   1     12  12   0    12     3.404   12547.009     3717.6     4150.4    632.864   3.404   0.000   0.000  0.604002  0.172217  0.079647  1.000000
    782   1     16   4   4    24     3.404   12547.009     3489.7     3896.0    594.070   3.404   0.000   0.000  0.604002  0.172217  0.079647  1.000000
    783   1      6  15   5    24     3.427   12590.804     1207.2     1439.1    192.572   3.427   0.000   0.000  0.606110  0.171585  0.078637  1.000000
    784   1      9  13   6    24     3.427   12590.804      430.6      513.3     68.686   3.427   0.000   0.000  0.606110  0.171585  0.078637  1.000000
    785   1      9  14   3    24     3.427   12590.804     7028.0     8378.2   1121.113   3.427   0.000   0.000  0.606110  0.171585  0.078637  1.000000
    786   1     13   9   6    24     3.427   12590.804     1097.8     1308.8    175.129   3.427   0.000   0.000  0.606110  0.171585  0.078637  1.000000
    787   1     14   9   3    24     3.427   12590.804     1939.1     2311.6    309.322   3.427   0.000   0.000  0.606110  0.171585  0.078637  1.000000
    788   1     15   6   5    24     3.427   12590.804      181.8      216.8     29.008   3.427   0.000   0.000  0.606110  0.171585  0.078637  1.000000
    789   1      5  16   1    24     3.476   12679.786      265.4      390.3    109.928   3.476   0.000   0.000  0.610394  0.170316  0.076639  1.000000
    790   1      8  13   7    24     3.476   12679.786     1274.6     1874.4    527.941   3.476   0.000   0.000  0.610394  0.170316  0.076639  1.000000
    791   1     13   8   7    24     3.476   12679.786      658.6      968.6    272.806   3.476   0.000   0.000  0.610394  0.170316  0.076639  1.000000
    792   1     16   5   1    24     3.476   12679.786     1323.5     1946.3    548.191   3.476   0.000   0.000  0.610394  0.170316  0.076639  1.000000
    793   1     10  12   6    24     3.501   12724.990      548.9      623.0    324.631   3.501   0.000   0.000  0.612570  0.169678  0.075651  1.000000
    794   1     12  10   6    24     3.501   12724.990     1056.7     1199.4    624.967   3.501   0.000   0.000  0.612570  0.169678  0.075651  1.000000
    795   1      7  15   2    24     3.526   12770.682     3463.4     2595.0    368.843   3.526   0.000   0.000  0.614769  0.169038  0.074669  1.000000
    796   1      9  14   1    24     3.526   12770.682     1925.4     1442.6    205.045   3.526   0.000   0.000  0.614769  0.169038  0.074669  1.000000
    797   1     10  13   3    24     3.526   12770.682     2416.8     1810.9    257.387   3.526   0.000   0.000  0.614769  0.169038  0.074669  1.000000
    798   1     11  11   6    24     3.526   12770.682     2091.1     1566.8    222.693   3.526   0.000   0.000  0.614769  0.169038  0.074669  1.000000
    799   1     13  10   3    24     3.526   12770.682      843.7      632.2     89.857   3.526   0.000   0.000  0.614769  0.169038  0.074669  1.000000
    800   1     14   9   1    24     3.526   12770.682      296.6      222.3     31.592   3.526   0.000   0.000  0.614769  0.169038  0.074669  1.000000
    801   1     15   7   2    24     3.526   12770.682     3914.7     2933.2    416.901   3.526   0.000   0.000  0.614769  0.169038  0.074669  1.000000
    802   1      4  16   2    24     3.551   12816.869     1042.6     1037.2    277.407   3.551   0.000   0.000  0.616993  0.168395  0.073695  1.000000
    803   1      8  14   4    24     3.551   12816.869      330.1      328.4     87.836   3.551   0.000   0.000  0.616993  0.168395  0.073695  1.000000
    804   1     14   8   4    24     3.551   12816.869     1628.4     1620.0    433.284   3.551   0.000   0.000  0.616993  0.168395  0.073695  1.000000
    805   1     16   4   2    24     3.551   12816.869      941.3      936.4    250.458   3.551   0.000   0.000  0.616993  0.168395  0.073695  1.000000
    806   1      7  15   0    12     3.577   12863.561        4.9        4.9      0.841   3.577   0.000   0.000  0.619241  0.167751  0.072728  1.000000
    807   1      9  12   7    24     3.577   12863.561     2604.4     2584.1    443.600   3.577   0.000   0.000  0.619241  0.167751  0.072728  1.000000
    808   1     11  12   3    24     3.577   12863.561      163.5      162.3     27.853   3.577   0.000   0.000  0.619241  0.167751  0.072728  1.000000
    809   1     12   9   7    24     3.577   12863.561      126.9      126.0     21.622   3.577   0.000   0.000  0.619241  0.167751  0.072728  1.000000
    810   1     12  11   3    24     3.577   12863.561     3362.5     3336.2    572.713   3.577   0.000   0.000  0.619241  0.167751  0.072728  1.000000
    811   1     15   7   0    12     3.577   12863.561      365.0      362.1     62.165   3.577   0.000   0.000  0.619241  0.167751  0.072728  1.000000
    812   1     16   3   3    24     3.577   12863.561     1254.7     1244.9    213.706   3.577   0.000   0.000  0.619241  0.167751  0.072728  1.000000
    813   1      4  16   0    12     3.604   12910.767      638.8      637.6    157.050   3.604   0.000   0.000  0.621513  0.167103  0.071767  1.000000
    814   1     12   8   8    24     3.604   12910.767     2802.9     2797.6    689.065   3.604   0.000   0.000  0.621513  0.167103  0.071767  1.000000
    815   1     16   4   0    12     3.604   12910.767     1363.9     1361.3    335.288   3.604   0.000   0.000  0.621513  0.167103  0.071767  1.000000
    816   1      6  15   3    24     3.630   12958.495      994.8      159.7    189.335   3.630   0.000   0.000  0.623811  0.166454  0.070814  1.000000
    817   1      7  14   5    24     3.630   12958.495      188.1       30.2     35.805   3.630   0.000   0.000  0.623811  0.166454  0.070814  1.000000
    818   1     10  11   7    24     3.630   12958.495      607.2       97.5    115.571   3.630   0.000   0.000  0.623811  0.166454  0.070814  1.000000
    819   1     10  13   1    24     3.630   12958.495      178.5       28.7     33.969   3.630   0.000   0.000  0.623811  0.166454  0.070814  1.000000
    820   1     11  10   7    24     3.630   12958.495     2493.5      400.3    474.591   3.630   0.000   0.000  0.623811  0.166454  0.070814  1.000000
    821   1     13  10   1    24     3.630   12958.495     2989.1      479.9    568.919   3.630   0.000   0.000  0.623811  0.166454  0.070814  1.000000
    822   1     14   7   5    24     3.630   12958.495      350.0       56.2     66.618   3.630   0.000   0.000  0.623811  0.166454  0.070814  1.000000
    823   1     15   6   3    24     3.630   12958.495       33.4        5.4      6.363   3.630   0.000   0.000  0.623811  0.166454  0.070814  1.000000
    824   1     14   6   6    24     3.658   13006.758       75.0        0.0    149.453   3.658   0.000   0.000  0.626134  0.165802  0.069868  1.000000
    825   1      3  16   1    24     3.685   13055.563      989.3      889.7     89.678   3.685   0.000   0.000  0.628483  0.165147  0.068929  1.000000
    826   1      5  15   4    24     3.685   13055.563      687.4      618.2     62.316   3.685   0.000   0.000  0.628483  0.165147  0.068929  1.000000
    827   1      9  11   8    24     3.685   13055.563       14.8       13.3      1.346   3.685   0.000   0.000  0.628483  0.165147  0.068929  1.000000
    828   1      9  13   4    24     3.685   13055.563     1088.2      978.6     98.642   3.685   0.000   0.000  0.628483  0.165147  0.068929  1.000000
    829   1     11   9   8    24     3.685   13055.563     1968.9     1770.6    178.478   3.685   0.000   0.000  0.628483  0.165147  0.068929  1.000000
    830   1     11  12   1    24     3.685   13055.563      738.3      664.0     66.928   3.685   0.000   0.000  0.628483  0.165147  0.068929  1.000000
    831   1     12  11   1    24     3.685   13055.563     2339.8     2104.2    212.105   3.685   0.000   0.000  0.628483  0.165147  0.068929  1.000000
    832   1     13   9   4    24     3.685   13055.563     4756.6     4277.6    431.187   3.685   0.000   0.000  0.628483  0.165147  0.068929  1.000000
    833   1     15   5   4    24     3.685   13055.563     4098.7     3686.0    371.554   3.685   0.000   0.000  0.628483  0.165147  0.068929  1.000000
    834   1     16   3   1    24     3.685   13055.563     1943.0     1747.4    176.135   3.685   0.000   0.000  0.628483  0.165147  0.068929  1.000000
    835   1      8  14   2    24     3.713   13104.925      531.6      388.4    107.195   3.713   0.000   0.000  0.630860  0.164490  0.067996  1.000000
    836   1     10  10   8    24     3.713   13104.925      852.6      623.0    171.939   3.713   0.000   0.000  0.630860  0.164490  0.067996  1.000000
    837   1     14   8   2    24     3.713   13104.925     3531.7     2580.4    712.193   3.713   0.000   0.000  0.630860  0.164490  0.067996  1.000000
    838   1     16   2   2    24     3.713   13104.925      475.8      347.6     95.950   3.713   0.000   0.000  0.630860  0.164490  0.067996  1.000000
    839   1      6  15   1    24     3.741   13154.848     3495.5     1988.4   1036.378   3.741   0.000   0.000  0.633263  0.163831  0.067071  1.000000
    840   1     10   9   9    24     3.741   13154.848       74.0       42.1     21.932   3.741   0.000   0.000  0.633263  0.163831  0.067071  1.000000

   No.  Code     H   K   L  Mult     Hw     2theta/TOF      Icalc       Iobs      Sigma    HwG     HwL     ETA     d-hkl  TOF_alpha  TOF_beta     CORR

    841   1     15   6   1    24     3.741   13154.848       44.3       25.2     13.143   3.741   0.000   0.000  0.633263  0.163831  0.067071  1.000000
    842   1      2  16   0    12     3.770   13205.346      893.9      605.5    142.377   3.770   0.000   0.000  0.635694  0.163169  0.066153  1.000000
    843   1      8  14   0    12     3.770   13205.346      258.3      174.9     41.139   3.770   0.000   0.000  0.635694  0.163169  0.066153  1.000000
    844   1     10  12   4    24     3.770   13205.346     1364.8      924.4    217.367   3.770   0.000   0.000  0.635694  0.163169  0.066153  1.000000
    845   1     12  10   4    24     3.770   13205.346      250.9      170.0     39.967   3.770   0.000   0.000  0.635694  0.163169  0.066153  1.000000
    846   1     14   8   0    12     3.770   13205.346     2388.0     1617.4    380.328   3.770   0.000   0.000  0.635694  0.163169  0.066153  1.000000
    847   1     16   2   0    12     3.770   13205.346     3238.7     2193.6    515.824   3.770   0.000   0.000  0.635694  0.163169  0.066153  1.000000
    848   1      8  13   5    24     3.799   13256.430     3950.6        0.0    921.716   3.799   0.000   0.000  0.638153  0.162504  0.065242  1.000000
    849   1     11  11   4    24     3.799   13256.430        7.1        0.0      1.666   3.799   0.000   0.000  0.638153  0.162504  0.065242  1.000000
    850   1     13   8   5    24     3.799   13256.430      232.0        0.0     54.135   3.799   0.000   0.000  0.638153  0.162504  0.065242  1.000000
    851   1     16   1   1    24     3.799   13256.430      494.8        0.0    115.453   3.799   0.000   0.000  0.638153  0.162504  0.065242  1.000000
    852   1     16   0   0     6     3.829   13308.114     2843.3     2384.5   1035.776   3.829   0.000   0.000  0.640641  0.161837  0.064338  1.000000
    853   1      5  15   2    24     3.859   13360.405     2002.0     3174.7    381.237   3.859   0.000   0.000  0.643158  0.161167  0.063441  1.000000
    854   1      7  13   6    24     3.859   13360.405     1704.4     2702.8    324.573   3.859   0.000   0.000  0.643158  0.161167  0.063441  1.000000
    855   1      7  14   3    24     3.859   13360.405     2223.6     3526.1    423.438   3.859   0.000   0.000  0.643158  0.161167  0.063441  1.000000
    856   1      9  13   2    24     3.859   13360.405      570.2      904.3    108.589   3.859   0.000   0.000  0.643158  0.161167  0.063441  1.000000
    857   1     13   7   6    24     3.859   13360.405      188.2      298.5     35.841   3.859   0.000   0.000  0.643158  0.161167  0.063441  1.000000
    858   1     13   9   2    24     3.859   13360.405      199.7      316.7     38.034   3.859   0.000   0.000  0.643158  0.161167  0.063441  1.000000
    859   1     14   7   3    24     3.859   13360.405     1597.1     2532.7    304.145   3.859   0.000   0.000  0.643158  0.161167  0.063441  1.000000
    860   1     15   5   2    24     3.859   13360.405      150.3      238.4     28.626   3.859   0.000   0.000  0.643158  0.161167  0.063441  1.000000
    861   1      4  15   3    24     3.921   13466.864     1131.4     1195.0    119.968   3.921   0.000   0.000  0.648283  0.159820  0.061668  1.000000
    862   1      5  15   0    12     3.921   13466.864     3939.6     4161.0    417.740   3.921   0.000   0.000  0.648283  0.159820  0.061668  1.000000
    863   1      9  12   5    24     3.921   13466.864     3085.3     3258.7    327.158   3.921   0.000   0.000  0.648283  0.159820  0.061668  1.000000
    864   1      9  13   0    12     3.921   13466.864     3564.1     3764.4    377.922   3.921   0.000   0.000  0.648283  0.159820  0.061668  1.000000
    865   1     12   9   5    24     3.921   13466.864     1569.1     1657.3    166.387   3.921   0.000   0.000  0.648283  0.159820  0.061668  1.000000
    866   1     13   9   0    12     3.921   13466.864      103.4      109.2     10.961   3.921   0.000   0.000  0.648283  0.159820  0.061668  1.000000
    867   1     15   4   3    24     3.921   13466.864      377.8      399.0     40.057   3.921   0.000   0.000  0.648283  0.159820  0.061668  1.000000
    868   1     15   5   0    12     3.921   13466.864      144.3      152.4     15.299   3.921   0.000   0.000  0.648283  0.159820  0.061668  1.000000
    869   1      6  14   4    24     3.952   13521.057     1034.6      946.2    111.816   3.952   0.000   0.000  0.650892  0.159142  0.060792  1.000000
    870   1     10  12   2    24     3.952   13521.057     7639.1     6986.0    825.581   3.952   0.000   0.000  0.650892  0.159142  0.060792  1.000000
    871   1     12  10   2    24     3.952   13521.057      839.7      767.9     90.745   3.952   0.000   0.000  0.650892  0.159142  0.060792  1.000000
    872   1     14   6   4    24     3.952   13521.057     1758.1     1607.8    190.009   3.952   0.000   0.000  0.650892  0.159142  0.060792  1.000000
    873   1      7  14   1    24     3.985   13575.910     2694.4     2809.4    329.607   3.985   0.000   0.000  0.653532  0.158462  0.059923  1.000000
    874   1     10  11   5    24     3.985   13575.910      660.8      689.0     80.836   3.985   0.000   0.000  0.653532  0.158462  0.059923  1.000000
    875   1     11  10   5    24     3.985   13575.910      408.1      425.5     49.918   3.985   0.000   0.000  0.653532  0.158462  0.059923  1.000000
    876   1     11  11   2    24     3.985   13575.910     3677.9     3834.8    449.910   3.985   0.000   0.000  0.653532  0.158462  0.059923  1.000000
    877   1     14   5   5    24     3.985   13575.910     1278.2     1332.8    156.363   3.985   0.000   0.000  0.653532  0.158462  0.059923  1.000000
    878   1     14   7   1    24     3.985   13575.910     1698.9     1771.4    207.830   3.985   0.000   0.000  0.653532  0.158462  0.059923  1.000000
    879   1      8  12   6    24     4.017   13631.435      823.4     1423.9    253.796   4.017   0.000   0.000  0.656205  0.157778  0.059062  1.000000
    880   1     10  12   0    12     4.017   13631.435       13.7       23.7      4.225   4.017   0.000   0.000  0.656205  0.157778  0.059062  1.000000
    881   1     12   8   6    24     4.017   13631.435     1862.9     3221.6    574.199   4.017   0.000   0.000  0.656205  0.157778  0.059062  1.000000
    882   1     12  10   0    12     4.017   13631.435      376.5      651.1    116.040   4.017   0.000   0.000  0.656205  0.157778  0.059062  1.000000
    883   1      4  15   1    24     4.050   13687.646      286.0      345.3     53.537   4.050   0.000   0.000  0.658911  0.157092  0.058207  1.000000
    884   1      8  13   3    24     4.050   13687.646      166.5      201.0     31.160   4.050   0.000   0.000  0.658911  0.157092  0.058207  1.000000
    885   1     11  11   0    12     4.050   13687.646      341.2      411.9     63.866   4.050   0.000   0.000  0.658911  0.157092  0.058207  1.000000
    886   1     12   7   7    24     4.050   13687.646     2328.6     2811.7    435.934   4.050   0.000   0.000  0.658911  0.157092  0.058207  1.000000
    887   1     13   8   3    24     4.050   13687.646     1253.7     1513.8    234.704   4.050   0.000   0.000  0.658911  0.157092  0.058207  1.000000
    888   1     15   4   1    24     4.050   13687.646     4201.8     5073.5    786.596   4.050   0.000   0.000  0.658911  0.157092  0.058207  1.000000
    889   1      3  15   2    24     4.119   13802.188      940.9      908.9    151.621   4.119   0.000   0.000  0.664425  0.155712  0.056518  1.000000
    890   1      9  11   6    24     4.119   13802.188     1095.0     1057.7    176.450   4.119   0.000   0.000  0.664425  0.155712  0.056518  1.000000
    891   1     11   9   6    24     4.119   13802.188     1142.0     1103.1    184.027   4.119   0.000   0.000  0.664425  0.155712  0.056518  1.000000
    892   1     15   3   2    24     4.119   13802.188     5323.4     5142.0    857.827   4.119   0.000   0.000  0.664425  0.155712  0.056518  1.000000
    893   1      6  14   2    24     4.153   13860.549     1355.8     1199.9    369.599   4.153   0.000   0.000  0.667235  0.155017  0.055685  1.000000
    894   1     10  10   6    24     4.153   13860.549      376.4      333.1    102.614   4.153   0.000   0.000  0.667235  0.155017  0.055685  1.000000
    895   1     14   6   2    24     4.153   13860.549     1594.2     1410.9    434.586   4.153   0.000   0.000  0.667235  0.155017  0.055685  1.000000
    896   1      3  15   0    12     4.189   13919.658      122.6      115.8     13.365   4.189   0.000   0.000  0.670080  0.154319  0.054858  1.000000
    897   1      7  13   4    24     4.189   13919.658     7409.7     7000.9    807.788   4.189   0.000   0.000  0.670080  0.154319  0.054858  1.000000
    898   1      8  11   7    24     4.189   13919.658      520.0      491.4     56.694   4.189   0.000   0.000  0.670080  0.154319  0.054858  1.000000
    899   1      8  13   1    24     4.189   13919.658     1245.0     1176.3    135.722   4.189   0.000   0.000  0.670080  0.154319  0.054858  1.000000
    900   1      9  12   3    24     4.189   13919.658       28.7       27.1      3.128   4.189   0.000   0.000  0.670080  0.154319  0.054858  1.000000

   No.  Code     H   K   L  Mult     Hw     2theta/TOF      Icalc       Iobs      Sigma    HwG     HwL     ETA     d-hkl  TOF_alpha  TOF_beta     CORR

    901   1     11   8   7    24     4.189   13919.658      614.1      580.2     66.948   4.189   0.000   0.000  0.670080  0.154319  0.054858  1.000000
    902   1     12   9   3    24     4.189   13919.658      752.3      710.8     82.014   4.189   0.000   0.000  0.670080  0.154319  0.054858  1.000000
    903   1     13   7   4    24     4.189   13919.658     1319.4     1246.6    143.837   4.189   0.000   0.000  0.670080  0.154319  0.054858  1.000000
    904   1     13   8   1    24     4.189   13919.658      465.3      439.6     50.726   4.189   0.000   0.000  0.670080  0.154319  0.054858  1.000000
    905   1     15   3   0    12     4.189   13919.658     1454.7     1374.4    158.583   4.189   0.000   0.000  0.670080  0.154319  0.054858  1.000000
    906   1      6  14   0    12     4.225   13979.527      267.8      219.5    237.761   4.225   0.000   0.000  0.672962  0.153619  0.054038  1.000000
    907   1     14   6   0    12     4.225   13979.527       50.9       41.7     45.141   4.225   0.000   0.000  0.672962  0.153619  0.054038  1.000000
    908   1      2  15   1    24     4.262   14040.176     3442.8     3324.3    201.280   4.262   0.000   0.000  0.675882  0.152915  0.053226  1.000000
    909   1      5  14   3    24     4.262   14040.176     2327.9     2247.7    136.098   4.262   0.000   0.000  0.675882  0.152915  0.053226  1.000000
    910   1      6  13   5    24     4.262   14040.176     1589.3     1534.5     92.913   4.262   0.000   0.000  0.675882  0.152915  0.053226  1.000000
    911   1      9  10   7    24     4.262   14040.176     4795.5     4630.4    280.364   4.262   0.000   0.000  0.675882  0.152915  0.053226  1.000000
    912   1     10   9   7    24     4.262   14040.176       50.7       49.0      2.964   4.262   0.000   0.000  0.675882  0.152915  0.053226  1.000000
    913   1     10  11   3    24     4.262   14040.176      725.1      700.2     42.395   4.262   0.000   0.000  0.675882  0.152915  0.053226  1.000000
    914   1     11  10   3    24     4.262   14040.176     3329.9     3215.2    194.676   4.262   0.000   0.000  0.675882  0.152915  0.053226  1.000000
    915   1     13   6   5    24     4.262   14040.176     7053.7     6810.8    412.383   4.262   0.000   0.000  0.675882  0.152915  0.053226  1.000000
    916   1     14   5   3    24     4.262   14040.176     2396.8     2314.3    140.127   4.262   0.000   0.000  0.675882  0.152915  0.053226  1.000000
    917   1     15   2   1    24     4.262   14040.176      767.4      741.0     44.866   4.262   0.000   0.000  0.675882  0.152915  0.053226  1.000000
    918   1     10   8   8    24     4.299   14101.621     4049.3     3959.9    432.400   4.299   0.000   0.000  0.678840  0.152208  0.052420  1.000000
    919   1     14   4   4    24     4.299   14101.621     6531.8     6387.6    697.493   4.299   0.000   0.000  0.678840  0.152208  0.052420  1.000000
    920   1      1  15   0    12     4.337   14163.881        4.3        5.6      1.224   4.337   0.000   0.000  0.681837  0.151499  0.051622  1.000000
    921   1      9   9   8    24     4.337   14163.881      737.4      956.8    210.168   4.337   0.000   0.000  0.681837  0.151499  0.051622  1.000000
    922   1      9  12   1    24     4.337   14163.881      914.8     1186.9    260.728   4.337   0.000   0.000  0.681837  0.151499  0.051622  1.000000
    923   1     12   9   1    24     4.337   14163.881     2310.9     2998.5    658.660   4.337   0.000   0.000  0.681837  0.151499  0.051622  1.000000
    924   1     15   1   0    12     4.337   14163.881      193.8      251.5     55.243   4.337   0.000   0.000  0.681837  0.151499  0.051622  1.000000
    925   1      8  12   4    24     4.376   14226.972       56.0        0.0    129.793   4.376   0.000   0.000  0.684874  0.150786  0.050830  1.000000
    926   1     12   8   4    24     4.376   14226.972       57.4        0.0    132.948   4.376   0.000   0.000  0.684874  0.150786  0.050830  1.000000
    927   1      5  14   1    24     4.415   14290.912     2247.7     2229.3    152.466   4.415   0.000   0.000  0.687952  0.150069  0.050046  1.000000
    928   1      7  13   2    24     4.415   14290.912      117.4      116.5      7.967   4.415   0.000   0.000  0.687952  0.150069  0.050046  1.000000
    929   1     10  11   1    24     4.415   14290.912    18005.5    17858.1   1221.336   4.415   0.000   0.000  0.687952  0.150069  0.050046  1.000000
    930   1     11  10   1    24     4.415   14290.912     3428.0     3399.9    232.525   4.415   0.000   0.000  0.687952  0.150069  0.050046  1.000000
    931   1     13   7   2    24     4.415   14290.912     3110.3     3084.9    210.976   4.415   0.000   0.000  0.687952  0.150069  0.050046  1.000000
    932   1     14   5   1    24     4.415   14290.912      268.5      266.3     18.215   4.415   0.000   0.000  0.687952  0.150069  0.050046  1.000000
    933   1      7  12   5    24     4.496   14421.427     1310.6     1137.0     95.132   4.496   0.000   0.000  0.694235  0.148627  0.048498  1.000000
    934   1      7  13   0    12     4.496   14421.427        6.0        5.2      0.439   4.496   0.000   0.000  0.694235  0.148627  0.048498  1.000000
    935   1      9  11   4    24     4.496   14421.427     3652.1     3168.4    265.093   4.496   0.000   0.000  0.694235  0.148627  0.048498  1.000000
    936   1     11   9   4    24     4.496   14421.427     8021.1     6958.6    582.213   4.496   0.000   0.000  0.694235  0.148627  0.048498  1.000000
    937   1     12   7   5    24     4.496   14421.427     5906.6     5124.3    428.735   4.496   0.000   0.000  0.694235  0.148627  0.048498  1.000000
    938   1     13   7   0    12     4.496   14421.427      112.3       97.4      8.152   4.496   0.000   0.000  0.694235  0.148627  0.048498  1.000000
    939   1      4  14   2    24     4.538   14488.038       62.5       70.5      8.138   4.538   0.000   0.000  0.697442  0.147901  0.047735  1.000000
    940   1     10  10   4    24     4.538   14488.038     4929.6     5562.7    642.269   4.538   0.000   0.000  0.697442  0.147901  0.047735  1.000000
    941   1     12   6   6    24     4.538   14488.038     1627.9     1836.9    212.093   4.538   0.000   0.000  0.697442  0.147901  0.047735  1.000000
    942   1     14   4   2    24     4.538   14488.038     1311.2     1479.6    170.830   4.538   0.000   0.000  0.697442  0.147901  0.047735  1.000000
    943   1      6  13   3    24     4.580   14555.582     1194.0      947.9    160.304   4.580   0.000   0.000  0.700693  0.147172  0.046978  1.000000
    944   1     13   6   3    24     4.580   14555.582     1792.4     1423.0    240.648   4.580   0.000   0.000  0.700693  0.147172  0.046978  1.000000
    945   1     14   3   3    24     4.580   14555.582     4604.5     3655.5    618.197   4.580   0.000   0.000  0.700693  0.147172  0.046978  1.000000
    946   1      4  14   0    12     4.624   14624.079     6703.3     7175.0    761.146   4.624   0.000   0.000  0.703990  0.146439  0.046229  1.000000
    947   1      8  12   2    24     4.624   14624.079      427.0      457.0     48.480   4.624   0.000   0.000  0.703990  0.146439  0.046229  1.000000
    948   1     12   8   2    24     4.624   14624.079     2225.6     2382.2    252.709   4.624   0.000   0.000  0.703990  0.146439  0.046229  1.000000
    949   1     14   4   0    12     4.624   14624.079      802.7      859.2     91.148   4.624   0.000   0.000  0.703990  0.146439  0.046229  1.000000
    950   1      5  13   4    24     4.668   14693.553     2561.8     2070.8    623.166   4.668   0.000   0.000  0.707335  0.145703  0.045487  1.000000
    951   1      8  11   5    24     4.668   14693.553      972.6      786.2    236.592   4.668   0.000   0.000  0.707335  0.145703  0.045487  1.000000
    952   1     11   8   5    24     4.668   14693.553      175.1      141.6     42.603   4.668   0.000   0.000  0.707335  0.145703  0.045487  1.000000
    953   1     13   5   4    24     4.668   14693.553      392.9      317.6     95.575   4.668   0.000   0.000  0.707335  0.145703  0.045487  1.000000
    954   1      8  12   0    12     4.713   14764.026      703.6        0.0    527.084   4.713   0.000   0.000  0.710727  0.144963  0.044752  1.000000
    955   1     12   8   0    12     4.713   14764.026      130.0        0.0     97.360   4.713   0.000   0.000  0.710727  0.144963  0.044752  1.000000
    956   1      3  14   1    24     4.758   14835.523     7001.7     6540.5    332.261   4.758   0.000   0.000  0.714169  0.144220  0.044024  1.000000
    957   1      6  13   1    24     4.758   14835.523     5980.1     5586.1    283.781   4.758   0.000   0.000  0.714169  0.144220  0.044024  1.000000
    958   1      7  11   6    24     4.758   14835.523     2332.1     2178.5    110.667   4.758   0.000   0.000  0.714169  0.144220  0.044024  1.000000
    959   1      9  10   5    24     4.758   14835.523     3908.5     3651.0    185.474   4.758   0.000   0.000  0.714169  0.144220  0.044024  1.000000
    960   1      9  11   2    24     4.758   14835.523       35.7       33.4      1.696   4.758   0.000   0.000  0.714169  0.144220  0.044024  1.000000

   No.  Code     H   K   L  Mult     Hw     2theta/TOF      Icalc       Iobs      Sigma    HwG     HwL     ETA     d-hkl  TOF_alpha  TOF_beta     CORR

    961   1     10   9   5    24     4.758   14835.523     6647.1     6209.3    315.436   4.758   0.000   0.000  0.714169  0.144220  0.044024  1.000000
    962   1     11   7   6    24     4.758   14835.523       90.3       84.3      4.283   4.758   0.000   0.000  0.714169  0.144220  0.044024  1.000000
    963   1     11   9   2    24     4.758   14835.523     1210.1     1130.4     57.423   4.758   0.000   0.000  0.714169  0.144220  0.044024  1.000000
    964   1     13   6   1    24     4.758   14835.523      745.5      696.3     35.375   4.758   0.000   0.000  0.714169  0.144220  0.044024  1.000000
    965   1     14   3   1    24     4.758   14835.523     3047.1     2846.4    144.600   4.758   0.000   0.000  0.714169  0.144220  0.044024  1.000000
    966   1     10  10   2    24     4.805   14908.069      378.6      383.3     41.092   4.805   0.000   0.000  0.717661  0.143473  0.043302  1.000000
    967   1     14   2   2    24     4.805   14908.069     7928.6     8027.2    860.621   4.805   0.000   0.000  0.717661  0.143473  0.043302  1.000000
    968   1      7  12   3    24     4.853   14981.691     3800.8     4183.8    369.352   4.853   0.000   0.000  0.721206  0.142722  0.042588  1.000000
    969   1      9  11   0    12     4.853   14981.691     1769.0     1947.2    171.902   4.853   0.000   0.000  0.721206  0.142722  0.042588  1.000000
    970   1     11   9   0    12     4.853   14981.691     1514.2     1666.7    147.141   4.853   0.000   0.000  0.721206  0.142722  0.042588  1.000000
    971   1     12   7   3    24     4.853   14981.691     4003.3     4406.6    389.022   4.853   0.000   0.000  0.721206  0.142722  0.042588  1.000000
    972   1      2  14   0    12     4.901   15056.410       19.3       16.9      1.471   4.901   0.000   0.000  0.724802  0.141968  0.041881  1.000000
    973   1      8  10   6    24     4.901   15056.410      377.9      330.0     28.758   4.901   0.000   0.000  0.724802  0.141968  0.041881  1.000000
    974   1     10   8   6    24     4.901   15056.410     7177.7     6267.7    546.200   4.901   0.000   0.000  0.724802  0.141968  0.041881  1.000000
    975   1     10  10   0    12     4.901   15056.410        2.0        1.8      0.154   4.901   0.000   0.000  0.724802  0.141968  0.041881  1.000000
    976   1     14   2   0    12     4.901   15056.410     6353.1     5547.6    483.451   4.901   0.000   0.000  0.724802  0.141968  0.041881  1.000000
    977   1      5  13   2    24     4.951   15132.264     1608.8     2365.0     88.657   4.951   0.000   0.000  0.728454  0.141210  0.041181  1.000000
    978   1      9   9   6    24     4.951   15132.264     8285.1    12179.6    456.579   4.951   0.000   0.000  0.728454  0.141210  0.041181  1.000000
    979   1     10   7   7    24     4.951   15132.264     2599.9     3822.0    143.276   4.951   0.000   0.000  0.728454  0.141210  0.041181  1.000000
    980   1     13   5   2    24     4.951   15132.264    10895.9    16017.6    600.456   4.951   0.000   0.000  0.728454  0.141210  0.041181  1.000000
    981   1     14   1   1    24     4.951   15132.264      915.5     1345.8     50.452   4.951   0.000   0.000  0.728454  0.141210  0.041181  1.000000
    982   1      6  12   4    24     5.001   15209.272     3987.0     5907.2    474.184   5.001   0.000   0.000  0.732161  0.140448  0.040488  1.000000
    983   1     12   6   4    24     5.001   15209.272     2660.4     3941.6    316.404   5.001   0.000   0.000  0.732161  0.140448  0.040488  1.000000
    984   1     14   0   0     6     5.001   15209.272      387.4      574.0     46.080   5.001   0.000   0.000  0.732161  0.140448  0.040488  1.000000
    985   1      4  13   3    24     5.053   15287.470     1508.3     1628.1     43.771   5.053   0.000   0.000  0.735925  0.139682  0.039802  1.000000
    986   1      5  13   0    12     5.053   15287.470     3620.7     3908.1    105.069   5.053   0.000   0.000  0.735925  0.139682  0.039802  1.000000
    987   1      7  12   1    24     5.053   15287.470      905.8      977.6     26.284   5.053   0.000   0.000  0.735925  0.139682  0.039802  1.000000
    988   1      8   9   7    24     5.053   15287.470     3220.5     3476.1     93.455   5.053   0.000   0.000  0.735925  0.139682  0.039802  1.000000
    989   1      8  11   3    24     5.053   15287.470     5943.4     6415.2    172.472   5.053   0.000   0.000  0.735925  0.139682  0.039802  1.000000
    990   1      9   8   7    24     5.053   15287.470     1709.8     1845.6     49.618   5.053   0.000   0.000  0.735925  0.139682  0.039802  1.000000
    991   1     11   8   3    24     5.053   15287.470     3517.8     3797.0    102.083   5.053   0.000   0.000  0.735925  0.139682  0.039802  1.000000
    992   1     12   5   5    24     5.053   15287.470    10896.3    11761.3    316.202   5.053   0.000   0.000  0.735925  0.139682  0.039802  1.000000
    993   1     12   7   1    24     5.053   15287.470    16418.9    17722.3    476.464   5.053   0.000   0.000  0.735925  0.139682  0.039802  1.000000
    994   1     13   4   3    24     5.053   15287.470     4712.6     5086.7    136.755   5.053   0.000   0.000  0.735925  0.139682  0.039802  1.000000
    995   1     13   5   0    12     5.053   15287.470        0.0        0.0      0.001   5.053   0.000   0.000  0.735925  0.139682  0.039802  1.000000
    996   1      8   8   8     8     5.105   15366.886    10358.8    11426.6    863.082   5.105   0.000   0.000  0.739748  0.138912  0.039124  1.000000
    997   1      9  10   3    24     5.159   15447.552     5037.8     6753.3    948.335   5.159   0.000   0.000  0.743632  0.138138  0.038452  1.000000
    998   1     10   9   3    24     5.159   15447.552     1313.1     1760.3    247.189   5.159   0.000   0.000  0.743632  0.138138  0.038452  1.000000
    999   1      4  13   1    24     5.270   15612.771     4414.7     4771.3    216.607   5.270   0.000   0.000  0.751585  0.136578  0.037129  1.000000
   1000   1      7  11   4    24     5.270   15612.771      516.7      558.4     25.350   5.270   0.000   0.000  0.751585  0.136578  0.037129  1.000000
   1001   1      8  11   1    24     5.270   15612.771     7941.4     8582.9    389.646   5.270   0.000   0.000  0.751585  0.136578  0.037129  1.000000
   1002   1     11   7   4    24     5.270   15612.771      671.2      725.4     32.933   5.270   0.000   0.000  0.751585  0.136578  0.037129  1.000000
   1003   1     11   8   1    24     5.270   15612.771     2466.1     2665.3    120.999   5.270   0.000   0.000  0.751585  0.136578  0.037129  1.000000
   1004   1     13   4   1    24     5.270   15612.771    10648.6    11508.7    522.470   5.270   0.000   0.000  0.751585  0.136578  0.037129  1.000000
   1005   1      6  12   2    24     5.327   15697.394     6031.1     6939.4    490.029   5.327   0.000   0.000  0.755659  0.135792  0.036478  1.000000
   1006   1     12   6   2    24     5.327   15697.394     4421.0     5086.8    359.207   5.327   0.000   0.000  0.755659  0.135792  0.036478  1.000000
   1007   1      3  13   2    24     5.386   15783.408    13839.8    14105.6    300.465   5.386   0.000   0.000  0.759799  0.135002  0.035835  1.000000
   1008   1      6  11   5    24     5.386   15783.408    35972.5    36663.3    780.968   5.386   0.000   0.000  0.759799  0.135002  0.035835  1.000000
   1009   1      9  10   1    24     5.386   15783.408      429.3      437.5      9.319   5.386   0.000   0.000  0.759799  0.135002  0.035835  1.000000
   1010   1     10   9   1    24     5.386   15783.408     1081.6     1102.3     23.481   5.386   0.000   0.000  0.759799  0.135002  0.035835  1.000000
   1011   1     11   6   5    24     5.386   15783.408    10289.5    10487.1    223.387   5.386   0.000   0.000  0.759799  0.135002  0.035835  1.000000
   1012   1     13   3   2    24     5.386   15783.408     5471.2     5576.3    118.781   5.386   0.000   0.000  0.759799  0.135002  0.035835  1.000000
   1013   1      6  12   0    12     5.446   15870.851     2936.9     3332.7     69.839   5.446   0.000   0.000  0.764009  0.134207  0.035198  1.000000
   1014   1      8  10   4    24     5.446   15870.851    20079.8    22786.1    477.500   5.446   0.000   0.000  0.764009  0.134207  0.035198  1.000000
   1015   1     10   8   4    24     5.446   15870.851    21240.0    24102.6    505.090   5.446   0.000   0.000  0.764009  0.134207  0.035198  1.000000
   1016   1     12   6   0    12     5.446   15870.851    12539.0    14229.0    298.180   5.446   0.000   0.000  0.764009  0.134207  0.035198  1.000000
   1017   1      3  13   0    12     5.507   15959.764     4250.3     4713.5    179.030   5.507   0.000   0.000  0.768289  0.133407  0.034568  1.000000
   1018   1      5  12   3    24     5.507   15959.764     1465.1     1624.7     61.711   5.507   0.000   0.000  0.768289  0.133407  0.034568  1.000000
   1019   1      9   9   4    24     5.507   15959.764    10279.2    11399.4    432.974   5.507   0.000   0.000  0.768289  0.133407  0.034568  1.000000
   1020   1     12   5   3    24     5.507   15959.764    10310.6    11434.3    434.299   5.507   0.000   0.000  0.768289  0.133407  0.034568  1.000000

   No.  Code     H   K   L  Mult     Hw     2theta/TOF      Icalc       Iobs      Sigma    HwG     HwL     ETA     d-hkl  TOF_alpha  TOF_beta     CORR

   1021   1     13   3   0    12     5.507   15959.764       48.6       53.9      2.046   5.507   0.000   0.000  0.768289  0.133407  0.034568  1.000000
   1022   1     12   4   4    24     5.569   16050.188     1842.1     3402.3    457.118   5.569   0.000   0.000  0.772642  0.132603  0.033946  1.000000
   1023   1      2  13   1    24     5.633   16142.168    10615.9    11397.7    275.677   5.633   0.000   0.000  0.777070  0.131795  0.033330  1.000000
   1024   1      7  10   5    24     5.633   16142.168     6289.8     6753.0    163.335   5.633   0.000   0.000  0.777070  0.131795  0.033330  1.000000
   1025   1      7  11   2    24     5.633   16142.168    11535.6    12385.2    299.561   5.633   0.000   0.000  0.777070  0.131795  0.033330  1.000000
   1026   1     10   7   5    24     5.633   16142.168    13005.4    13963.2    337.729   5.633   0.000   0.000  0.777070  0.131795  0.033330  1.000000
   1027   1     11   7   2    24     5.633   16142.168     8892.2     9547.1    230.915   5.633   0.000   0.000  0.777070  0.131795  0.033330  1.000000
   1028   1     13   2   1    24     5.633   16142.168     8710.0     9351.5    226.184   5.633   0.000   0.000  0.777070  0.131795  0.033330  1.000000
   1029   1     10   6   6    24     5.699   16235.745     1697.4     2567.0    315.400   5.699   0.000   0.000  0.781575  0.130982  0.032721  1.000000
   1030   1      1  13   0    12     5.766   16330.971        2.2        2.4      0.073   5.766   0.000   0.000  0.786159  0.130164  0.032120  1.000000
   1031   1      5  12   1    24     5.766   16330.971     2933.6     3154.1     95.397   5.766   0.000   0.000  0.786159  0.130164  0.032120  1.000000
   1032   1      7  11   0    12     5.766   16330.971     5472.2     5883.4    177.947   5.766   0.000   0.000  0.786159  0.130164  0.032120  1.000000
   1033   1      8   9   5    24     5.766   16330.971     6803.4     7314.7    221.235   5.766   0.000   0.000  0.786159  0.130164  0.032120  1.000000
   1034   1      9   8   5    24     5.766   16330.971     6482.3     6969.4    210.792   5.766   0.000   0.000  0.786159  0.130164  0.032120  1.000000
   1035   1     11   7   0    12     5.766   16330.971     3745.0     4026.4    121.782   5.766   0.000   0.000  0.786159  0.130164  0.032120  1.000000
   1036   1     12   5   1    24     5.766   16330.971    12736.9    13694.1    414.183   5.766   0.000   0.000  0.786159  0.130164  0.032120  1.000000
   1037   1     13   1   0    12     5.766   16330.971        6.7        7.2      0.217   5.766   0.000   0.000  0.786159  0.130164  0.032120  1.000000
   1038   1      8  10   2    24     5.835   16427.893     5173.9     6175.0    357.367   5.835   0.000   0.000  0.790824  0.129341  0.031525  1.000000
   1039   1     10   8   2    24     5.835   16427.893     6917.8     8256.2    477.819   5.835   0.000   0.000  0.790824  0.129341  0.031525  1.000000
   1040   1      6  11   3    24     5.905   16526.559     1178.7     1289.6     68.276   5.905   0.000   0.000  0.795574  0.128514  0.030938  1.000000
   1041   1      7   9   6    24     5.905   16526.559      911.7      997.5     52.811   5.905   0.000   0.000  0.795574  0.128514  0.030938  1.000000
   1042   1      9   7   6    24     5.905   16526.559     6538.0     7153.1    378.706   5.905   0.000   0.000  0.795574  0.128514  0.030938  1.000000
   1043   1      9   9   2    24     5.905   16526.559     3332.0     3645.5    193.004   5.905   0.000   0.000  0.795574  0.128514  0.030938  1.000000
   1044   1     11   6   3    24     5.905   16526.559     4041.3     4421.5    234.090   5.905   0.000   0.000  0.795574  0.128514  0.030938  1.000000
   1045   1      4  12   2    24     5.977   16627.025    23961.4    23252.7    635.143   5.977   0.000   0.000  0.800411  0.127681  0.030358  1.000000
   1046   1      8   8   6    24     5.977   16627.025     3546.9     3442.0     94.018   5.977   0.000   0.000  0.800411  0.127681  0.030358  1.000000
   1047   1      8  10   0    12     5.977   16627.025     1101.8     1069.2     29.204   5.977   0.000   0.000  0.800411  0.127681  0.030358  1.000000
   1048   1     10   8   0    12     5.977   16627.025     8273.1     8028.4    219.295   5.977   0.000   0.000  0.800411  0.127681  0.030358  1.000000
   1049   1     12   4   2    24     5.977   16627.025     7117.8     6907.3    188.672   5.977   0.000   0.000  0.800411  0.127681  0.030358  1.000000
   1050   1      5  11   4    24     6.051   16729.346    12887.2    14558.5    561.660   6.051   0.000   0.000  0.805336  0.126844  0.029784  1.000000
   1051   1      8   7   7    24     6.051   16729.346      656.3      741.4     28.602   6.051   0.000   0.000  0.805336  0.126844  0.029784  1.000000
   1052   1      9   9   0    12     6.051   16729.346      207.0      233.9      9.024   6.051   0.000   0.000  0.805336  0.126844  0.029784  1.000000
   1053   1     11   5   4    24     6.051   16729.346     2046.4     2311.7     89.186   6.051   0.000   0.000  0.805336  0.126844  0.029784  1.000000
   1054   1     12   3   3    24     6.051   16729.346     5724.2     6466.5    249.475   6.051   0.000   0.000  0.805336  0.126844  0.029784  1.000000
   1055   1      4  12   0    12     6.126   16833.580     4805.0     4828.1    327.771   6.126   0.000   0.000  0.810354  0.126001  0.029218  1.000000
   1056   1     12   4   0    12     6.126   16833.580     7025.5     7059.3    479.242   6.126   0.000   0.000  0.810354  0.126001  0.029218  1.000000
   1057   1      6  11   1    24     6.204   16939.787    29423.2    28921.1   1026.880   6.204   0.000   0.000  0.815467  0.125153  0.028659  1.000000
   1058   1      7  10   3    24     6.204   16939.787     2156.5     2119.7     75.264   6.204   0.000   0.000  0.815467  0.125153  0.028659  1.000000
   1059   1     10   7   3    24     6.204   16939.787     4863.4     4780.4    169.735   6.204   0.000   0.000  0.815467  0.125153  0.028659  1.000000
   1060   1     11   6   1    24     6.204   16939.787     2644.7     2599.5     92.300   6.204   0.000   0.000  0.815467  0.125153  0.028659  1.000000
   1061   1      3  12   1    24     6.365   17158.373      130.0      114.5      8.473   6.365   0.000   0.000  0.825989  0.123440  0.027561  1.000000
   1062   1      8   9   3    24     6.365   17158.373      301.7      265.7     19.659   6.365   0.000   0.000  0.825989  0.123440  0.027561  1.000000
   1063   1      9   8   3    24     6.365   17158.373     3780.5     3329.6    246.345   6.365   0.000   0.000  0.825989  0.123440  0.027561  1.000000
   1064   1     12   3   1    24     6.365   17158.373    10293.0     9065.2    670.705   6.365   0.000   0.000  0.825989  0.123440  0.027561  1.000000
   1065   1      6  10   4    24     6.449   17270.889     3212.9     2370.5    186.410   6.449   0.000   0.000  0.831405  0.122575  0.027023  1.000000
   1066   1     10   6   4    24     6.449   17270.889     8280.4     6109.4    480.426   6.449   0.000   0.000  0.831405  0.122575  0.027023  1.000000
   1067   1     12   2   2    24     6.449   17270.889     2303.8     1699.8    133.666   6.449   0.000   0.000  0.831405  0.122575  0.027023  1.000000
   1068   1      5  11   2    24     6.535   17385.646     8489.8     9021.8    166.892   6.535   0.000   0.000  0.836930  0.121705  0.026492  1.000000
   1069   1      7  10   1    24     6.535   17385.646    20705.0    22002.3    407.016   6.535   0.000   0.000  0.836930  0.121705  0.026492  1.000000
   1070   1     10   5   5    24     6.535   17385.646    12308.5    13079.7    241.959   6.535   0.000   0.000  0.836930  0.121705  0.026492  1.000000
   1071   1     10   7   1    24     6.535   17385.646    23426.1    24893.9    460.507   6.535   0.000   0.000  0.836930  0.121705  0.026492  1.000000
   1072   1     11   5   2    24     6.535   17385.646      893.1      949.1     17.557   6.535   0.000   0.000  0.836930  0.121705  0.026492  1.000000
   1073   1      2  12   0    12     6.623   17502.723     2268.3     3202.0    273.569   6.623   0.000   0.000  0.842566  0.120829  0.025968  1.000000
   1074   1     12   2   0    12     6.623   17502.723     1158.0     1634.7    139.662   6.623   0.000   0.000  0.842566  0.120829  0.025968  1.000000
   1075   1      4  11   3    24     6.714   17622.197     1846.1     1908.6     77.331   6.714   0.000   0.000  0.848317  0.119947  0.025450  1.000000
   1076   1      5  11   0    12     6.714   17622.197     2868.9     2966.0    120.178   6.714   0.000   0.000  0.848317  0.119947  0.025450  1.000000
   1077   1      7   9   4    24     6.714   17622.197     6707.8     6934.8    280.984   6.714   0.000   0.000  0.848317  0.119947  0.025450  1.000000
   1078   1      8   9   1    24     6.714   17622.197     1454.3     1503.6     60.922   6.714   0.000   0.000  0.848317  0.119947  0.025450  1.000000
   1079   1      9   7   4    24     6.714   17622.197     1123.1     1161.1     47.044   6.714   0.000   0.000  0.848317  0.119947  0.025450  1.000000
   1080   1      9   8   1    24     6.714   17622.197     2637.0     2726.2    110.461   6.714   0.000   0.000  0.848317  0.119947  0.025450  1.000000

   No.  Code     H   K   L  Mult     Hw     2theta/TOF      Icalc       Iobs      Sigma    HwG     HwL     ETA     d-hkl  TOF_alpha  TOF_beta     CORR

   1081   1     11   4   3    24     6.714   17622.197      899.0      929.4     37.658   6.714   0.000   0.000  0.848317  0.119947  0.025450  1.000000
   1082   1     11   5   0    12     6.714   17622.197      214.1      221.4      8.970   6.714   0.000   0.000  0.848317  0.119947  0.025450  1.000000
   1083   1     12   1   1    24     6.714   17622.197     3586.3     3707.7    150.227   6.714   0.000   0.000  0.848317  0.119947  0.025450  1.000000
   1084   1      8   8   4    24     6.807   17744.152    82118.9    88241.3   1212.386   6.807   0.000   0.000  0.854188  0.119059  0.024940  1.000000
   1085   1     12   0   0     6     6.807   17744.152     7597.4     8163.8    112.166   6.807   0.000   0.000  0.854188  0.119059  0.024940  1.000000
   1086   1      6   9   5    24     6.903   17868.672      132.9      284.8      9.413   6.903   0.000   0.000  0.860182  0.118164  0.024437  1.000000
   1087   1      9   6   5    24     6.903   17868.672     8412.0    18025.5    595.722   6.903   0.000   0.000  0.860182  0.118164  0.024437  1.000000
   1088   1      6  10   2    24     7.002   17995.854     6452.1    10265.8    435.428   7.002   0.000   0.000  0.866305  0.117264  0.023941  1.000000
   1089   1     10   6   2    24     7.002   17995.854     5832.4     9279.7    393.604   7.002   0.000   0.000  0.866305  0.117264  0.023941  1.000000
   1090   1      4  11   1    24     7.103   18125.787     4371.8     5791.6    198.028   7.103   0.000   0.000  0.872560  0.116357  0.023452  1.000000
   1091   1      7   8   5    24     7.103   18125.787     6647.6     8806.5    301.112   7.103   0.000   0.000  0.872560  0.116357  0.023452  1.000000
   1092   1      8   7   5    24     7.103   18125.787     6453.5     8549.3    292.319   7.103   0.000   0.000  0.872560  0.116357  0.023452  1.000000
   1093   1     11   4   1    24     7.103   18125.787     2137.1     2831.1     96.802   7.103   0.000   0.000  0.872560  0.116357  0.023452  1.000000
   1094   1      6  10   0    12     7.207   18258.582      729.9      873.6     34.928   7.207   0.000   0.000  0.878952  0.115443  0.022971  1.000000
   1095   1      8   6   6    24     7.207   18258.582    11129.9    13321.3    532.588   7.207   0.000   0.000  0.878952  0.115443  0.022971  1.000000
   1096   1     10   6   0    12     7.207   18258.582     4650.3     5565.9    222.525   7.207   0.000   0.000  0.878952  0.115443  0.022971  1.000000
   1097   1      3  11   2    24     7.315   18394.334     1489.3     1510.6     33.805   7.315   0.000   0.000  0.885487  0.114523  0.022496  1.000000
   1098   1      5  10   3    24     7.315   18394.334     6136.9     6224.8    139.303   7.315   0.000   0.000  0.885487  0.114523  0.022496  1.000000
   1099   1      7   7   6    24     7.315   18394.334     5574.1     5653.9    126.527   7.315   0.000   0.000  0.885487  0.114523  0.022496  1.000000
   1100   1      7   9   2    24     7.315   18394.334    23362.8    23697.5    530.317   7.315   0.000   0.000  0.885487  0.114523  0.022496  1.000000
   1101   1      9   7   2    24     7.315   18394.334      171.5      173.9      3.892   7.315   0.000   0.000  0.885487  0.114523  0.022496  1.000000
   1102   1     10   5   3    24     7.315   18394.334     4241.0     4301.7     96.267   7.315   0.000   0.000  0.885487  0.114523  0.022496  1.000000
   1103   1     11   3   2    24     7.315   18394.334     3485.4     3535.4     79.116   7.315   0.000   0.000  0.885487  0.114523  0.022496  1.000000
   1104   1      8   8   2    24     7.426   18533.162     4992.5     5297.7    361.354   7.426   0.000   0.000  0.892170  0.113595  0.022028  1.000000
   1105   1     10   4   4    24     7.426   18533.162     3469.2     3681.2    251.093   7.426   0.000   0.000  0.892170  0.113595  0.022028  1.000000
   1106   1      3  11   0    12     7.540   18675.180     1223.9      942.4     66.507   7.540   0.000   0.000  0.899007  0.112661  0.021567  1.000000
   1107   1      7   9   0    12     7.540   18675.180     8059.1     6205.5    437.922   7.540   0.000   0.000  0.899007  0.112661  0.021567  1.000000
   1108   1      9   7   0    12     7.540   18675.180     3945.8     3038.2    214.411   7.540   0.000   0.000  0.899007  0.112661  0.021567  1.000000
   1109   1     11   3   0    12     7.540   18675.180     2318.2     1785.0    125.971   7.540   0.000   0.000  0.899007  0.112661  0.021567  1.000000
   1110   1      8   8   0    12     7.658   18820.516     1013.8     1008.0    354.519   7.658   0.000   0.000  0.906003  0.111719  0.021113  1.000000
   1111   1      2  11   1    24     7.779   18969.295    40515.8    41812.1    556.012   7.779   0.000   0.000  0.913165  0.110770  0.020667  1.000000
   1112   1      5  10   1    24     7.779   18969.295     4947.4     5105.7     67.895   7.779   0.000   0.000  0.913165  0.110770  0.020667  1.000000
   1113   1      6   9   3    24     7.779   18969.295     9410.2     9711.3    129.139   7.779   0.000   0.000  0.913165  0.110770  0.020667  1.000000
   1114   1      9   6   3    24     7.779   18969.295    14927.4    15405.0    204.854   7.779   0.000   0.000  0.913165  0.110770  0.020667  1.000000
   1115   1     10   5   1    24     7.779   18969.295    29706.1    30656.5    407.667   7.779   0.000   0.000  0.913165  0.110770  0.020667  1.000000
   1116   1     11   2   1    24     7.779   18969.295     3860.8     3984.3     52.983   7.779   0.000   0.000  0.913165  0.110770  0.020667  1.000000
   1117   1      1  11   0    12     8.035   19277.760     8748.1     9055.0    165.108   8.035   0.000   0.000  0.928015  0.108849  0.019794  1.000000
   1118   1      5   9   4    24     8.035   19277.760     4179.8     4326.4     78.887   8.035   0.000   0.000  0.928015  0.108849  0.019794  1.000000
   1119   1      7   8   3    24     8.035   19277.760     2120.9     2195.3     40.028   8.035   0.000   0.000  0.928015  0.108849  0.019794  1.000000
   1120   1      8   7   3    24     8.035   19277.760    12894.6    13346.9    243.367   8.035   0.000   0.000  0.928015  0.108849  0.019794  1.000000
   1121   1      9   5   4    24     8.035   19277.760    20314.1    21026.6    383.399   8.035   0.000   0.000  0.928015  0.108849  0.019794  1.000000
   1122   1     11   1   0    12     8.035   19277.760     4837.8     5007.5     91.307   8.035   0.000   0.000  0.928015  0.108849  0.019794  1.000000
   1123   1      4  10   2    24     8.168   19437.744    21692.5    24528.3    668.555   8.168   0.000   0.000  0.935716  0.107877  0.019368  1.000000
   1124   1     10   4   2    24     8.168   19437.744     2852.4     3225.3     87.912   8.168   0.000   0.000  0.935716  0.107877  0.019368  1.000000
   1125   1      6   9   1    24     8.307   19601.777    24128.0    22784.3    383.153   8.307   0.000   0.000  0.943612  0.106897  0.018950  1.000000
   1126   1      9   6   1    24     8.307   19601.777     8392.0     7924.6    133.264   8.307   0.000   0.000  0.943612  0.106897  0.018950  1.000000
   1127   1     10   3   3    24     8.307   19601.777    26208.1    24748.4    416.183   8.307   0.000   0.000  0.943612  0.106897  0.018950  1.000000
   1128   1      4  10   0    12     8.450   19770.037    12962.6    11987.1    158.613   8.450   0.000   0.000  0.951712  0.105908  0.018538  1.000000
   1129   1      6   8   4    24     8.450   19770.037    13080.4    12096.0    160.053   8.450   0.000   0.000  0.951712  0.105908  0.018538  1.000000
   1130   1      8   6   4    24     8.450   19770.037    23239.8    21491.0    284.366   8.450   0.000   0.000  0.951712  0.105908  0.018538  1.000000
   1131   1     10   4   0    12     8.450   19770.037    30639.7    28334.0    374.913   8.450   0.000   0.000  0.951712  0.105908  0.018538  1.000000
   1132   1      7   7   4    24     8.598   19942.703     4338.6     5199.0     66.132   8.598   0.000   0.000  0.960024  0.104911  0.018134  1.000000
   1133   1      7   8   1    24     8.598   19942.703    32677.9    39158.2    498.097   8.598   0.000   0.000  0.960024  0.104911  0.018134  1.000000
   1134   1      8   5   5    24     8.598   19942.703    16685.0    19993.8    254.323   8.598   0.000   0.000  0.960024  0.104911  0.018134  1.000000
   1135   1      8   7   1    24     8.598   19942.703    27027.0    32386.7    411.964   8.598   0.000   0.000  0.960024  0.104911  0.018134  1.000000
   1136   1      3  10   1    24     8.911   20302.061      218.2      221.5      3.105   8.911   0.000   0.000  0.977323  0.102890  0.017346  1.000000
   1137   1      5   9   2    24     8.911   20302.061     3919.0     3978.4     55.761   8.911   0.000   0.000  0.977323  0.102890  0.017346  1.000000
   1138   1      6   7   5    24     8.911   20302.061    27729.2    28149.5    394.539   8.911   0.000   0.000  0.977323  0.102890  0.017346  1.000000
   1139   1      7   6   5    24     8.911   20302.061     2165.8     2198.6     30.815   8.911   0.000   0.000  0.977323  0.102890  0.017346  1.000000
   1140   1      9   5   2    24     8.911   20302.061    10503.0    10662.2    149.440   8.911   0.000   0.000  0.977323  0.102890  0.017346  1.000000

   No.  Code     H   K   L  Mult     Hw     2theta/TOF      Icalc       Iobs      Sigma    HwG     HwL     ETA     d-hkl  TOF_alpha  TOF_beta     CORR

   1141   1     10   3   1    24     8.911   20302.061    25656.6    26045.4    365.049   8.911   0.000   0.000  0.977323  0.102890  0.017346  1.000000
   1142   1      6   6   6     8     9.076   20489.182    16281.6    15365.8    242.346   9.076   0.000   0.000  0.986331  0.101865  0.016962  1.000000
   1143   1     10   2   2    24     9.076   20489.182    40910.2    38609.0    608.934   9.076   0.000   0.000  0.986331  0.101865  0.016962  1.000000
   1144   1      4   9   3    24     9.247   20681.570     3664.7     3718.5     56.494   9.247   0.000   0.000  0.995593  0.100831  0.016586  1.000000
   1145   1      5   9   0    12     9.247   20681.570     9637.1     9778.6    148.562   9.247   0.000   0.000  0.995593  0.100831  0.016586  1.000000
   1146   1      9   4   3    24     9.247   20681.570    39288.3    39865.3    605.654   9.247   0.000   0.000  0.995593  0.100831  0.016586  1.000000
   1147   1      9   5   0    12     9.247   20681.570     3872.6     3929.4     59.698   9.247   0.000   0.000  0.995593  0.100831  0.016586  1.000000
   1148   1      2  10   0    12     9.425   20879.486      408.2      384.7      9.337   9.425   0.000   0.000  1.005120  0.099788  0.016217  1.000000
   1149   1      6   8   2    24     9.425   20879.486     7357.5     6934.6    168.296   9.425   0.000   0.000  1.005120  0.099788  0.016217  1.000000
   1150   1      8   6   2    24     9.425   20879.486    24336.7    22937.8    556.681   9.425   0.000   0.000  1.005120  0.099788  0.016217  1.000000
   1151   1     10   2   0    12     9.425   20879.486       16.7       15.7      0.381   9.425   0.000   0.000  1.005120  0.099788  0.016217  1.000000
   1152   1      7   7   2    24     9.610   21083.191    28265.5    31858.5    616.101   9.610   0.000   0.000  1.014926  0.098734  0.015854  1.000000
   1153   1     10   1   1    24     9.610   21083.191     9007.9    10152.9    196.344   9.610   0.000   0.000  1.014926  0.098734  0.015854  1.000000
   1154   1      6   8   0    12     9.802   21292.980     1593.3     2463.8     92.243   9.802   0.000   0.000  1.025025  0.097670  0.015499  1.000000
   1155   1      8   6   0    12     9.802   21292.980     2832.5     4380.1    163.988   9.802   0.000   0.000  1.025025  0.097670  0.015499  1.000000
   1156   1     10   0   0     6     9.802   21292.980     6254.7     9672.3    362.120   9.802   0.000   0.000  1.025025  0.097670  0.015499  1.000000
   1157   1      4   9   1    24    10.002   21509.158      534.9      492.3      9.840  10.002   0.000   0.000  1.035432  0.096595  0.015151  1.000000
   1158   1      5   8   3    24    10.002   21509.158    11970.0    11018.4    220.222  10.002   0.000   0.000  1.035432  0.096595  0.015151  1.000000
   1159   1      7   7   0    12    10.002   21509.158      825.9      760.3     15.195  10.002   0.000   0.000  1.035432  0.096595  0.015151  1.000000
   1160   1      8   5   3    24    10.002   21509.158     1580.6     1455.0     29.080  10.002   0.000   0.000  1.035432  0.096595  0.015151  1.000000
   1161   1      9   4   1    24    10.002   21509.158    30618.4    28184.4    563.312  10.002   0.000   0.000  1.035432  0.096595  0.015151  1.000000
   1162   1      8   4   4    24    10.211   21732.057    18706.2    15651.1    641.699  10.211   0.000   0.000  1.046162  0.095509  0.014810  1.000000
   1163   1      3   9   2    24    10.428   21962.033   215119.0   219896.5    989.100  10.428   0.000   0.000  1.057233  0.094412  0.014475  1.000000
   1164   1      6   7   3    24    10.428   21962.033     1489.1     1522.2      6.847  10.428   0.000   0.000  1.057233  0.094412  0.014475  1.000000
   1165   1      7   6   3    24    10.428   21962.033   130848.7   133754.6    601.631  10.428   0.000   0.000  1.057233  0.094412  0.014475  1.000000
   1166   1      9   3   2    24    10.428   21962.033    26235.6    26818.3    120.629  10.428   0.000   0.000  1.057233  0.094412  0.014475  1.000000
   1167   1      3   9   0    12    10.891   22444.773        6.4        5.2      0.068  10.891   0.000   0.000  1.080472  0.092182  0.013828  1.000000
   1168   1      5   7   4    24    10.891   22444.773    15457.6    12679.0    165.218  10.891   0.000   0.000  1.080472  0.092182  0.013828  1.000000
   1169   1      5   8   1    24    10.891   22444.773     6755.7     5541.3     72.208  10.891   0.000   0.000  1.080472  0.092182  0.013828  1.000000
   1170   1      7   5   4    24    10.891   22444.773    46884.9    38456.9    501.127  10.891   0.000   0.000  1.080472  0.092182  0.013828  1.000000
   1171   1      8   5   1    24    10.891   22444.773    22900.6    18784.0    244.772  10.891   0.000   0.000  1.080472  0.092182  0.013828  1.000000
   1172   1      9   3   0    12    10.891   22444.773      360.2      295.4      3.850  10.891   0.000   0.000  1.080472  0.092182  0.013828  1.000000
   1173   1      6   6   4    24    11.139   22698.395    11251.3     3869.7    535.238  11.139   0.000   0.000  1.092681  0.091048  0.013515  1.000000
   1174   1      2   9   1    24    11.398   22960.812    44976.2    46674.9    147.959  11.398   0.000   0.000  1.105313  0.089901  0.013209  1.000000
   1175   1      6   5   5    24    11.398   22960.812   117316.2   121747.2    385.938  11.398   0.000   0.000  1.105313  0.089901  0.013209  1.000000
   1176   1      6   7   1    24    11.398   22960.812   215581.7   223724.2    709.205  11.398   0.000   0.000  1.105313  0.089901  0.013209  1.000000
   1177   1      7   6   1    24    11.398   22960.812     5542.3     5751.6     18.233  11.398   0.000   0.000  1.105313  0.089901  0.013209  1.000000
   1178   1      9   2   1    24    11.398   22960.812   138035.8   143249.4    454.100  11.398   0.000   0.000  1.105313  0.089901  0.013209  1.000000
   1179   1      4   8   2    24    11.669   23232.547    63124.9    82159.3    613.654  11.669   0.000   0.000  1.118394  0.088741  0.012910  1.000000
   1180   1      8   4   2    24    11.669   23232.547    26305.7    34237.8    255.725  11.669   0.000   0.000  1.118394  0.088741  0.012910  1.000000
   1181   1      1   9   0    12    11.954   23514.164     5709.0     6026.2     53.022  11.954   0.000   0.000  1.131951  0.087567  0.012618  1.000000
   1182   1      8   3   3    24    11.954   23514.164    65878.2    69538.4    611.834  11.954   0.000   0.000  1.131951  0.087567  0.012618  1.000000
   1183   1      9   1   0    12    11.954   23514.164    30805.2    32516.7    286.098  11.954   0.000   0.000  1.131951  0.087567  0.012618  1.000000
   1184   1      4   8   0    12    12.253   23806.279    26352.8    28000.1    418.671  12.253   0.000   0.000  1.146013  0.086379  0.012333  1.000000
   1185   1      8   4   0    12    12.253   23806.279    23278.6    24733.7    369.829  12.253   0.000   0.000  1.146013  0.086379  0.012333  1.000000
   1186   1      5   7   2    24    12.567   24109.553    24384.1    20212.0    444.016  12.567   0.000   0.000  1.160613  0.085176  0.012055  1.000000
   1187   1      7   5   2    24    12.567   24109.553    17171.0    14233.0    312.670  12.567   0.000   0.000  1.160613  0.085176  0.012055  1.000000
   1188   1      6   6   2    24    12.898   24424.725    28605.5    21318.7    690.786  12.898   0.000   0.000  1.175785  0.083957  0.011784  1.000000
   1189   1      3   8   1    24    13.246   24752.590     4695.3     4978.7     42.743  13.246   0.000   0.000  1.191568  0.082722  0.011521  1.000000
   1190   1      4   7   3    24    13.246   24752.590     5412.5     5739.2     49.272  13.246   0.000   0.000  1.191568  0.082722  0.011521  1.000000
   1191   1      5   7   0    12    13.246   24752.590     3878.9     4113.1     35.312  13.246   0.000   0.000  1.191568  0.082722  0.011521  1.000000
   1192   1      7   4   3    24    13.246   24752.590    80261.4    85106.3    730.654  13.246   0.000   0.000  1.191568  0.082722  0.011521  1.000000
   1193   1      7   5   0    12    13.246   24752.590     3427.4     3634.3     31.201  13.246   0.000   0.000  1.191568  0.082722  0.011521  1.000000
   1194   1      8   3   1    24    13.246   24752.590     5039.3     5343.5     45.875  13.246   0.000   0.000  1.191568  0.082722  0.011521  1.000000
   1195   1      6   6   0    12    13.614   25094.018    33449.9    33306.2    545.388  13.614   0.000   0.000  1.208004  0.081470  0.011264  1.000000
   1196   1      8   2   2    24    13.614   25094.018    11933.4    11882.1    194.570  13.614   0.000   0.000  1.208004  0.081470  0.011264  1.000000
   1197   1      5   6   3    24    14.003   25449.980    19445.3    19211.0    135.504  14.003   0.000   0.000  1.225140  0.080201  0.011014  1.000000
   1198   1      6   5   3    24    14.003   25449.980   120144.9   118697.2    837.224  14.003   0.000   0.000  1.225140  0.080201  0.011014  1.000000
   1199   1      2   8   0    12    14.415   25821.533    25481.7    27248.2    165.521  14.415   0.000   0.000  1.243026  0.078914  0.010771  1.000000
   1200   1      6   4   4    24    14.415   25821.533    33342.2    35653.7    216.581  14.415   0.000   0.000  1.243026  0.078914  0.010771  1.000000

   No.  Code     H   K   L  Mult     Hw     2theta/TOF      Icalc       Iobs      Sigma    HwG     HwL     ETA     d-hkl  TOF_alpha  TOF_beta     CORR

   1201   1      8   2   0    12    14.415   25821.533    98201.0   105008.8    637.884  14.415   0.000   0.000  1.243026  0.078914  0.010771  1.000000
   1202   1      4   7   1    24    14.852   26209.850     5415.8     4819.3    131.819  14.852   0.000   0.000  1.261719  0.077607  0.010536  1.000000
   1203   1      5   5   4    24    14.852   26209.850     5333.2     4745.8    129.809  14.852   0.000   0.000  1.261719  0.077607  0.010536  1.000000
   1204   1      7   4   1    24    14.852   26209.850    11200.4     9966.8    272.614  14.852   0.000   0.000  1.261719  0.077607  0.010536  1.000000
   1205   1      8   1   1    24    14.852   26209.850     5908.8     5258.0    143.817  14.852   0.000   0.000  1.261719  0.077607  0.010536  1.000000
   1206   1      8   0   0     6    15.316   26616.229    44181.8    36264.7    752.173  15.316   0.000   0.000  1.281282  0.076280  0.010307  1.000000
   1207   1      3   7   2    24    15.810   27042.113   168712.9   174059.8    483.709  15.810   0.000   0.000  1.301784  0.074933  0.010085  1.000000
   1208   1      5   6   1    24    15.810   27042.113    71350.0    73611.3    204.565  15.810   0.000   0.000  1.301784  0.074933  0.010085  1.000000
   1209   1      6   5   1    24    15.810   27042.113   239619.9   247214.1    687.004  15.810   0.000   0.000  1.301784  0.074933  0.010085  1.000000
   1210   1      7   3   2    24    15.810   27042.113    92018.4    94934.7    263.822  15.810   0.000   0.000  1.301784  0.074933  0.010085  1.000000
   1211   1      3   7   0    12    16.900   27959.055     3177.8      204.0    123.024  16.900   0.000   0.000  1.345924  0.072171  0.009663  1.000000
   1212   1      7   3   0    12    16.900   27959.055    15627.1     1003.1    604.976  16.900   0.000   0.000  1.345924  0.072171  0.009663  1.000000
   1213   1      4   6   2    24    17.504   28453.943    47937.6    53356.3    352.628  17.504   0.000   0.000  1.369748  0.070755  0.009463  1.000000
   1214   1      6   4   2    24    17.504   28453.943    89203.8    99287.0    656.181  17.504   0.000   0.000  1.369748  0.070755  0.009463  1.000000
   1215   1      2   7   1    24    18.152   28976.076   108874.9   111492.3    376.749  18.152   0.000   0.000  1.394883  0.069313  0.009269  1.000000
   1216   1      5   5   2    24    18.152   28976.076    43605.8    44654.1    150.893  18.152   0.000   0.000  1.394883  0.069313  0.009269  1.000000
   1217   1      6   3   3    24    18.152   28976.076     5532.9     5665.9     19.146  18.152   0.000   0.000  1.394883  0.069313  0.009269  1.000000
   1218   1      7   2   1    24    18.152   28976.076   222780.1   228135.9    770.905  18.152   0.000   0.000  1.394883  0.069313  0.009269  1.000000
   1219   1      4   6   0    12    18.850   29528.053   149752.7   164100.8    827.821  18.850   0.000   0.000  1.421455  0.067844  0.009083  1.000000
   1220   1      6   4   0    12    18.850   29528.053    47256.2    51783.9    261.228  18.850   0.000   0.000  1.421455  0.067844  0.009083  1.000000
   1221   1      1   7   0    12    19.604   30112.820     2321.7     2210.2     10.164  19.604   0.000   0.000  1.449605  0.066346  0.008904  1.000000
   1222   1      4   5   3    24    19.604   30112.820     2191.5     2086.2      9.594  19.604   0.000   0.000  1.449605  0.066346  0.008904  1.000000
   1223   1      5   4   3    24    19.604   30112.820   228895.7   217899.2   1002.058  19.604   0.000   0.000  1.449605  0.066346  0.008904  1.000000
   1224   1      5   5   0    12    19.604   30112.820     6830.6     6502.4     29.903  19.604   0.000   0.000  1.449605  0.066346  0.008904  1.000000
   1225   1      7   1   0    12    19.604   30112.820    23401.7    22277.4    102.448  19.604   0.000   0.000  1.449605  0.066346  0.008904  1.000000
   1226   1      4   4   4     8    20.421   30733.771    97608.8    93114.5    915.410  20.421   0.000   0.000  1.479497  0.064818  0.008731  1.000000
   1227   1      3   6   1    24    21.309   31394.787   179498.1   180223.8    826.751  21.309   0.000   0.000  1.511318  0.063258  0.008566  1.000000
   1228   1      6   3   1    24    21.309   31394.787    73659.0    73956.8    339.266  21.309   0.000   0.000  1.511318  0.063258  0.008566  1.000000
   1229   1      6   2   2    24    22.278   32100.375   203748.0   218155.3   1129.518  22.278   0.000   0.000  1.545284  0.061664  0.008408  1.000000
   1230   1      4   5   1    24    23.338   32855.785   143301.9   140293.8    813.694  23.338   0.000   0.000  1.581649  0.060033  0.008256  1.000000
   1231   1      5   4   1    24    23.338   32855.785    57480.9    56274.3    326.387  23.338   0.000   0.000  1.581649  0.060033  0.008256  1.000000
   1232   1      2   6   0    12    24.505   33667.160      298.5      268.0      5.673  24.505   0.000   0.000  1.620708  0.058362  0.008112  1.000000
   1233   1      6   2   0    12    24.505   33667.160    48177.2    43258.1    915.688  24.505   0.000   0.000  1.620708  0.058362  0.008112  1.000000
   1234   1      3   5   2    24    25.795   34541.777   327770.1   336767.8    684.164  25.795   0.000   0.000  1.662811  0.056650  0.007975  1.000000
   1235   1      5   3   2    24    25.795   34541.777   248067.5   254877.2    517.799  25.795   0.000   0.000  1.662811  0.056650  0.007975  1.000000
   1236   1      6   1   1    24    25.795   34541.777   349629.4   359227.2    729.792  25.795   0.000   0.000  1.662811  0.056650  0.007975  1.000000
   1237   1      4   4   2    24    27.228   35488.305   221814.2   212651.1   1068.280  27.228   0.000   0.000  1.708376  0.054891  0.007845  1.000000
   1238   1      6   0   0     6    27.228   35488.305    54174.8    51936.8    260.911  27.228   0.000   0.000  1.708376  0.054891  0.007845  1.000000
   1239   1      3   5   0    12    28.830   36517.164     1267.9     1187.8     12.239  28.830   0.000   0.000  1.757904  0.053083  0.007722  1.000000
   1240   1      4   3   3    24    28.830   36517.164    30049.7    28151.1    290.087  28.830   0.000   0.000  1.757904  0.053083  0.007722  1.000000
   1241   1      5   3   0    12    28.830   36517.164    91678.6    85886.1    885.026  28.830   0.000   0.000  1.757904  0.053083  0.007722  1.000000
   1242   1      4   4   0    12    30.632   37641.031  1044508.9  1033402.8   2189.481  30.632   0.000   0.000  1.812006  0.051222  0.007606  1.000000
   1243   1      2   5   1    24    32.674   38875.488  1051261.5  1097200.0   1884.038  32.674   0.000   0.000  1.871432  0.049301  0.007496  1.000000
   1244   1      5   2   1    24    32.674   38875.488   470096.9   490639.5    842.493  32.674   0.000   0.000  1.871432  0.049301  0.007496  1.000000
   1245   1      1   5   0    12    37.700   41758.973   115316.0   113839.1    187.527  37.700   0.000   0.000  2.010241  0.045256  0.007299  1.000000
   1246   1      3   4   1    24    37.700   41758.973  1289304.9  1272792.2   2096.671  37.700   0.000   0.000  2.010241  0.045256  0.007299  1.000000
   1247   1      4   3   1    24    37.700   41758.973   603449.5   595720.9    981.331  37.700   0.000   0.000  2.010241  0.045256  0.007299  1.000000
   1248   1      5   1   0    12    37.700   41758.973    20763.6    20497.7     33.766  37.700   0.000   0.000  2.010241  0.045256  0.007299  1.000000
   1249   1      4   2   2    24    40.842   43464.113    60182.1    39592.9   1486.249  40.842   0.000   0.000  2.092324  0.043116  0.007212  1.000000
   1250   1      3   3   2    24    44.555   45396.789  2789517.0  2811512.8   3940.966  44.555   0.000   0.000  2.185362  0.040886  0.007131  1.000000
   1251   1      2   4   0    12    49.011   47612.559   643446.6   665451.2   1580.383  49.011   0.000   0.000  2.292027  0.038552  0.007057  1.000000
   1252   1      4   2   0    12    49.011   47612.559   600614.1   621153.9   1475.181  49.011   0.000   0.000  2.292027  0.038552  0.007057  1.000000
   1253   1      3   3   0    12    54.456   50188.035    11925.3    12015.9     34.840  54.456   0.000   0.000  2.416008  0.036097  0.006990  1.000000
   1254   1      4   1   1    24    54.456   50188.035   992303.5   999844.1   2899.025  54.456   0.000   0.000  2.416008  0.036097  0.006990  1.000000
   1255   1      4   0   0     6    61.263   53232.457   507453.0   512006.0   2603.072  61.263   0.000   0.000  2.562564  0.033502  0.006930  1.000000
   1256   1      2   3   1    24    70.015   56907.887   234893.6   246025.5   1051.588  70.015   0.000   0.000  2.739496  0.030739  0.006877  1.000000
   1257   1      3   2   1    24    70.015   56907.887   496145.5   519658.3   2221.180  70.015   0.000   0.000  2.739496  0.030739  0.006877  1.000000
   1258   1      2   2   2     8    81.684   61467.543   528331.4   511135.3   3392.554  81.684   0.000   0.000  2.958994  0.027771  0.006832  1.000000
   1259   1      1   3   0    12    98.021   67334.320    42523.7    42219.9    425.197  98.021   0.000   0.000  3.241415  0.024543  0.006793  1.000000
   1260   1      3   1   0    12    98.021   67334.320   342431.2   339984.6   3423.985  98.021   0.000   0.000  3.241415  0.024543  0.006793  1.000000

   No.  Code     H   K   L  Mult     Hw     2theta/TOF      Icalc       Iobs      Sigma    HwG     HwL     ETA     d-hkl  TOF_alpha  TOF_beta     CORR

   1261   1      2   2   0    12   122.527   75282.062  2880499.0  2833318.8   9293.753 122.527   0.000   0.000  3.624013  0.020973  0.006761  1.000000
   1262   1      2   1   1    24   163.369   86928.227  2234270.8  2208583.0  11801.081 163.369   0.000   0.000  4.184649  0.016920  0.006737  1.000000

     -----------------------------------------------------
     BRAGG R-Factors and weight fractions for Pattern #  1
     -----------------------------------------------------

 => Phase:  1     Y5Al3O12 Nuclear
 => Bragg R-factor:   3.99       Vol: 1076.971( 0.000)  Fract(%):  100.00( 0.00)
 => Rf-factor=  19.6             ATZ:       17501.770   Brindley:  1.0000

     -----------------------------------------------------------------
      SYMBOLIC NAMES AND FINAL VALUES AND SIGMA OF REFINED PARAMETERS:
     -----------------------------------------------------------------


 ------------------------------------------------------------------
 => Number of bytes for floating point variables: 4
 => Dimensions of dynamic allocated arrays in this run of FullProf:
 ------------------------------------------------------------------

 => Total approximate array memory (dynamic + static): 160071153 bytes

    MaxPOINT=    80000 Max.num. of points(+int. Inten.)/diffraction pattern       
    MaxREFLT=    25000 Max.num. of reflections/diffraction pattern               
    MaxPARAM=      500 Max.num. of refinable parameters                          
    MaxOVERL=     9000 Max.num. of overlapping reflections                       

 ----------------------------------------------------------
 => Number of bytes for floating point arrays: 4
 => Dimensions of fixed arrays in this release of FullProf:
 ----------------------------------------------------------

    NPATT   =       80 Max.num. of powder diffraction patterns                    
    NATS    =      830 Max.num. of atoms (all kind) in asymmetric unit            
    MPAR    =     1800 Max.num. of non atomic parameters/phase                    
    IEXCL   =       30 Max.num. of excluded regions                               
    IBACP   =      377 Max.num. of background points for interpolation            
    NPHT    =       16 Max.num. of phases                                         
    NMAGM   =        8 Max.num. of rotation-matrices sets for magnetic structure  
    NBASIS  =       12 Max.num. of basis functions associated to a single atom    
    NIREPS  =        9 Max.num. of irreducible representations to be combined     
    N_EQ    =      384 Max.num. of user-supplied symmetry operators/propagation vectors
    NGL     =      400 Max.num. of global parameters/diffraction pattern          
    N_LINC  =       50 Max.num. of global linear restraints                        
    NAT_P   =       80 Max.num. of atomic parameters per atom                     
    NCONST  =     3500 Max.num. of slack constraints per phase                    
    N_SPE   =       30 Max.num. of different chemical species                     
    N_FORM  =       60 Max.num. of scattering factor values in a table            
    NPR     =      150 Max.num. of points defining a numerical profile            
    INPR    =       25 Max.num. of different numerical peak shapes                
    NPRC    =      150 Max.num. of terms in the table for correcting intensities  
    NSOL    =       10 Max.num. of solutions to be stored in Montecarlo searchs   

 
              CPU Time:     0.734 seconds
                            0.012 minutes

 => Run finished at:     Date: 09/06/2026  Time: 12:42:04.985                              
