

        **********************************************************
        ** PROGRAM FullProf.2k (Version 8.40 - Feb2026-ILL JRC) **
        **********************************************************
                       M U L T I -- P A T T E R N                 
            Rietveld, Profile Matching & Integrated Intensity     
                 Refinement of X-ray and/or Neutron Data


    Date: 01/07/2026  Time: 21:31:56.132                              

 => PCR file code: tbti
 => DAT file code: tbti                 -> Relative contribution: 1.0000                                                            

 ==> CONDITIONS OF THIS RUN FOR PATTERN No.:  1

 => Refinement/Calculation of Neutron integrated intensity(Laue or monochromatic) data or Flipping Ratios                           

 ==> INPUT/OUTPUT OPTIONS:

 => Generate new input file *.PCR

 => Number of cycles:   50
 => Relaxation factors ==>    for coordinates:  0.05
 => for anisotropic temperature factors:  0.05
 => EPS-value for convergence:    0.2
 => Number of Least-Squares parameters varied:     0
 --------------------------------------------------------------------------------
 => Phase  No. 1
      Tb2Ti2O7                                                              
 --------------------------------------------------------------------------------
 =>-------> Pattern#  1
 => Integrated intensities or Flipping Ratios as observations for phase: 1
 => Crystal Structure Refinement

 =>-------> Data for PHASE: 1
 => Number of atoms:    4
 => Number of distance  constraints:    0
 => Number of angle     constraints:    0

 => Symmetry information on space group: F d -3 m            
 -> The multiplicity of the general position is: 192
 -> The space group is Centric (-1 at origin)   
 -> Lattice type  F: { 000;  0  1/2 1/2; 1/2  0  1/2; 1/2 1/2  0 }+
 -> Reduced set of symmetry operators:

  No.  IT   Symmetry symbol    Rotation part     Associated Translation
   1: ( 1)   1            -->     ( x, y, z) + {  0.0000  0.0000  0.0000}
   2: ( 4)   2 ( x, 0, 0) -->     ( x,-y,-z) + {  0.0000  0.2500  0.2500}
   3: ( 3)   2 ( 0, y, 0) -->     (-x, y,-z) + {  0.2500  0.0000  0.2500}
   4: ( 2)   2 ( 0, 0, z) -->     (-x,-y, z) + {  0.2500  0.2500  0.0000}
   5: ( 9)  3- ( x, x, x) -->     ( y, z, x) + {  0.0000  0.0000  0.0000}
   6: (12)  3- (-x, x,-x) -->     (-y,-z, x) + {  0.2500  0.2500  0.0000}
   7: (11)  3- (-x,-x, x) -->     ( y,-z,-x) + {  0.0000  0.2500  0.2500}
   8: (10)  3- ( x,-x,-x) -->     (-y, z,-x) + {  0.2500  0.0000  0.2500}
   9: ( 5)  3+ ( x, x, x) -->     ( z, x, y) + {  0.0000  0.0000  0.0000}
  10: ( 8)  3+ (-x,-x, x) -->     (-z, x,-y) + {  0.2500  0.0000  0.2500}
  11: ( 7)  3+ ( x,-x,-x) -->     (-z,-x, y) + {  0.2500  0.2500  0.0000}
  12: ( 6)  3+ (-x, x,-x) -->     ( z,-x,-y) + {  0.0000  0.2500  0.2500}
  13: (14)   2 ( x,-x, 0) -->     (-y,-x,-z) + {  0.0000  0.0000  0.0000}
  14: (15)  4- ( 0, 0, z) -->     ( y,-x, z) + {  0.7500  0.0000  0.7500}
  15: (16)  4+ ( 0, 0, z) -->     (-y, x, z) + {  0.0000  0.7500  0.7500}
  16: (13)   2 ( x, x, 0) -->     ( y, x,-z) + {  0.7500  0.7500  0.0000}
  17: (24)   2 (-x, 0, x) -->     (-z,-y,-x) + {  0.0000  0.0000  0.0000}
  18: (21)  4+ ( 0, y, 0) -->     ( z, y,-x) + {  0.7500  0.7500  0.0000}
  19: (22)   2 ( x, 0, x) -->     ( z,-y, x) + {  0.7500  0.0000  0.7500}
  20: (23)  4- ( 0, y, 0) -->     (-z, y, x) + {  0.0000  0.7500  0.7500}
  21: (19)   2 ( 0, y,-y) -->     (-x,-z,-y) + {  0.0000  0.0000  0.0000}
  22: (18)   2 ( 0, y, y) -->     (-x, z, y) + {  0.0000  0.7500  0.7500}
  23: (17)  4- ( x, 0, 0) -->     ( x, z,-y) + {  0.7500  0.7500  0.0000}
  24: (20)  4+ ( x, 0, 0) -->     ( x,-z, y) + {  0.7500  0.0000  0.7500}


        Information on Space Group: 
        --------------------------- 

 =>   Number of Space group: 227
 =>  Hermann-Mauguin Symbol: F d -3 m
 =>             Hall Symbol: -F 4vw 2vw 3
 =>            Setting Type: IT (Generated from Hermann-Mauguin symbol)
 =>          Crystal System: Cubic
 =>              Laue Class: m-3m
 =>             Point Group: m-3m
 =>         Bravais Lattice: F
 =>          Lattice Symbol: cF
 =>  Reduced Number of S.O.:  24
 =>    General multiplicity: 192
 =>          Centrosymmetry: Centric (-1 at origin)
 =>  Generators (exc. -1&L):   3
 =>         Asymmetric unit: -0.125 <= x <=  0.375
                             -0.125 <= y <=  0.000
                             -0.250 <= z <=  0.000
 => Centring vectors:  3
 => Latt( 1): (1/2,1/2,0)                          => Latt( 2): (1/2,0,1/2)                         
 => Latt( 3): (0,1/2,1/2)                                                                           

 => List of all Symmetry Operators and Symmetry Symbols

 => SYMM(  1): x,y,z                             Symbol: 1
 => SYMM(  2): x,-y+1/4,-z+1/4                   Symbol: 2 x,1/8,1/8
 => SYMM(  3): -x+1/4,y,-z+1/4                   Symbol: 2 1/8,y,1/8
 => SYMM(  4): -x+1/4,-y+1/4,z                   Symbol: 2 1/8,1/8,z
 => SYMM(  5): y,z,x                             Symbol: 3- x,x,x
 => SYMM(  6): -y+1/4,-z+1/4,x                   Symbol: 3+ x,-x+1/4,x
 => SYMM(  7): y,-z+1/4,-x+1/4                   Symbol: 3+ x,x,-x+1/4
 => SYMM(  8): -y+1/4,z,-x+1/4                   Symbol: 3- x,-x+1/4,-x+1/4
 => SYMM(  9): z,x,y                             Symbol: 3+ x,x,x
 => SYMM( 10): -z+1/4,x,-y+1/4                   Symbol: 3- x,x,-x+1/4
 => SYMM( 11): -z+1/4,-x+1/4,y                   Symbol: 3+ x,-x+1/4,-x+1/4
 => SYMM( 12): z,-x+1/4,-y+1/4                   Symbol: 3- x,-x+1/4,x
 => SYMM( 13): y,x,z                             Symbol: m x,x,z
 => SYMM( 14): -y+1/4,x,-z+1/4                   Symbol: -4- 1/8,1/8,z; 1/8,1/8,1/8
 => SYMM( 15): y,-x+1/4,-z+1/4                   Symbol: -4+ 1/8,1/8,z; 1/8,1/8,1/8
 => SYMM( 16): -y+1/4,-x+1/4,z                   Symbol: m x,-x+1/4,z
 => SYMM( 17): z,y,x                             Symbol: m x,y,x
 => SYMM( 18): -z+1/4,-y+1/4,x                   Symbol: -4+ 1/8,y,1/8; 1/8,1/8,1/8
 => SYMM( 19): -z+1/4,y,-x+1/4                   Symbol: m x,y,-x+1/4
 => SYMM( 20): z,-y+1/4,-x+1/4                   Symbol: -4- 1/8,y,1/8; 1/8,1/8,1/8
 => SYMM( 21): x,z,y                             Symbol: m x,y,y
 => SYMM( 22): x,-z+1/4,-y+1/4                   Symbol: m x,y,-y+1/4
 => SYMM( 23): -x+1/4,-z+1/4,y                   Symbol: -4- x,1/8,1/8; 1/8,1/8,1/8
 => SYMM( 24): -x+1/4,z,-y+1/4                   Symbol: -4+ x,1/8,1/8; 1/8,1/8,1/8
 => SYMM( 25): -x,-y,-z                          Symbol: -1 0,0,0
 => SYMM( 26): -x,y+3/4,z+3/4                    Symbol: g (0,3/4,3/4) 0,y,z
 => SYMM( 27): x+3/4,-y,z+3/4                    Symbol: g (3/4,0,3/4) x,0,z
 => SYMM( 28): x+3/4,y+3/4,-z                    Symbol: g (3/4,3/4,0) x,y,0
 => SYMM( 29): -y,-z,-x                          Symbol: -3- x,x,x; 0,0,0
 => SYMM( 30): y+3/4,z+3/4,-x                    Symbol: -3+ x,-x+3/4,x-3/2; 3/4,0,-3/4
 => SYMM( 31): -y,z+3/4,x+3/4                    Symbol: -3+ x,x+3/2,-x-3/4; -3/4,3/4,0
 => SYMM( 32): y+3/4,-z,x+3/4                    Symbol: -3- x,-x-3/4,-x+3/4; 0,-3/4,3/4
 => SYMM( 33): -z,-x,-y                          Symbol: -3+ x,x,x; 0,0,0
 => SYMM( 34): z+3/4,-x,y+3/4                    Symbol: -3- x,x-3/2,-x+3/4; 3/4,-3/4,0
 => SYMM( 35): z+3/4,x+3/4,-y                    Symbol: -3+ x,-x+3/4,-x-3/4; 0,3/4,-3/4
 => SYMM( 36): -z,x+3/4,y+3/4                    Symbol: -3- x,-x-3/4,x+3/2; -3/4,0,3/4
 => SYMM( 37): -y,-x,-z                          Symbol: 2 x,-x,0
 => SYMM( 38): y+3/4,-x,z+3/4                    Symbol: 4- (0,0,3/4) 3/8,-3/8,z
 => SYMM( 39): -y,x+3/4,z+3/4                    Symbol: 4+ (0,0,3/4) -3/8,3/8,z
 => SYMM( 40): y+3/4,x+3/4,-z                    Symbol: 2 (3/4,3/4,0) x,x,0
 => SYMM( 41): -z,-y,-x                          Symbol: 2 x,0,-x
 => SYMM( 42): z+3/4,y+3/4,-x                    Symbol: 4+ (0,3/4,0) 3/8,y,-3/8
 => SYMM( 43): z+3/4,-y,x+3/4                    Symbol: 2 (3/4,0,3/4) x,0,x
 => SYMM( 44): -z,y+3/4,x+3/4                    Symbol: 4- (0,3/4,0) -3/8,y,3/8
 => SYMM( 45): -x,-z,-y                          Symbol: 2 0,y,-y
 => SYMM( 46): -x,z+3/4,y+3/4                    Symbol: 2 (0,3/4,3/4) 0,y,y
 => SYMM( 47): x+3/4,z+3/4,-y                    Symbol: 4- (3/4,0,0) x,3/8,-3/8
 => SYMM( 48): x+3/4,-z,y+3/4                    Symbol: 4+ (3/4,0,0) x,-3/8,3/8
 => SYMM( 49): x+1/2,y+1/2,z                     Symbol: t (1/2,1/2,0)
 => SYMM( 50): x+1/2,-y+3/4,-z+1/4               Symbol: 2 (1/2,0,0) x,3/8,1/8
 => SYMM( 51): -x+3/4,y+1/2,-z+1/4               Symbol: 2 (0,1/2,0) 3/8,y,1/8
 => SYMM( 52): -x+3/4,-y+3/4,z                   Symbol: 2 3/8,3/8,z
 => SYMM( 53): y+1/2,z+1/2,x                     Symbol: 3- (1/3,1/3,1/3) x,x-1/6,x-1/3
 => SYMM( 54): -y+3/4,-z+3/4,x                   Symbol: 3+ x,-x+3/4,x
 => SYMM( 55): y+1/2,-z+3/4,-x+1/4               Symbol: 3+ (1/3,1/3,-1/3) x,x-1/6,-x+7/12
 => SYMM( 56): -y+3/4,z+1/2,-x+1/4               Symbol: 3- x,-x+3/4,-x+1/4
 => SYMM( 57): z+1/2,x+1/2,y                     Symbol: 3+ (1/3,1/3,1/3) x,x+1/6,x-1/6
 => SYMM( 58): -z+3/4,x+1/2,-y+1/4               Symbol: 3- (1/3,1/3,-1/3) x,x+1/6,-x+5/12
 => SYMM( 59): -z+3/4,-x+3/4,y                   Symbol: 3+ x,-x+3/4,-x+3/4
 => SYMM( 60): z+1/2,-x+3/4,-y+1/4               Symbol: 3- x,-x+3/4,x-1/2
 => SYMM( 61): y+1/2,x+1/2,z                     Symbol: n (1/2,1/2,0) x,x,z
 => SYMM( 62): -y+3/4,x+1/2,-z+1/4               Symbol: -4- 1/8,5/8,z; 1/8,5/8,1/8
 => SYMM( 63): y+1/2,-x+3/4,-z+1/4               Symbol: -4+ 5/8,1/8,z; 5/8,1/8,1/8
 => SYMM( 64): -y+3/4,-x+3/4,z                   Symbol: m x,-x+3/4,z
 => SYMM( 65): z+1/2,y+1/2,x                     Symbol: g (1/4,1/2,1/4) x,y,x-1/4
 => SYMM( 66): -z+3/4,-y+3/4,x                   Symbol: -4+ 3/8,y,3/8; 3/8,3/8,3/8
 => SYMM( 67): -z+3/4,y+1/2,-x+1/4               Symbol: g (1/4,1/2,-1/4) x,y,-x+1/2
 => SYMM( 68): z+1/2,-y+3/4,-x+1/4               Symbol: -4- 3/8,y,-1/8; 3/8,3/8,-1/8
 => SYMM( 69): x+1/2,z+1/2,y                     Symbol: g (1/2,1/4,1/4) x,y,y-1/4
 => SYMM( 70): x+1/2,-z+3/4,-y+1/4               Symbol: g (1/2,1/4,-1/4) x,y,-y+1/2
 => SYMM( 71): -x+3/4,-z+3/4,y                   Symbol: -4- x,3/8,3/8; 3/8,3/8,3/8
 => SYMM( 72): -x+3/4,z+1/2,-y+1/4               Symbol: -4+ x,3/8,-1/8; 3/8,3/8,-1/8
 => SYMM( 73): -x+1/2,-y+1/2,-z                  Symbol: -1 1/4,1/4,0
 => SYMM( 74): -x+1/2,y+1/4,z+3/4                Symbol: d (0,1/4,3/4) 1/4,y,z
 => SYMM( 75): x+1/4,-y+1/2,z+3/4                Symbol: g (1/4,0,3/4) x,1/4,z
 => SYMM( 76): x+1/4,y+1/4,-z                    Symbol: d (1/4,1/4,0) x,y,0
 => SYMM( 77): -y+1/2,-z+1/2,-x                  Symbol: -3- x,x+1/2,x; 0,1/2,0
 => SYMM( 78): y+1/4,z+1/4,-x                    Symbol: -3+ x,-x+1/4,x-1/2; 1/4,0,-1/4
 => SYMM( 79): -y+1/2,z+1/4,x+3/4                Symbol: -3+ x,x+1,-x+1/4; -1/4,3/4,1/2
 => SYMM( 80): y+1/4,-z+1/2,x+3/4                Symbol: -3- x,-x-1/4,-x+3/4; 0,-1/4,3/4
 => SYMM( 81): -z+1/2,-x+1/2,-y                  Symbol: -3+ x,x-1/2,x-1/2; 1/2,0,0
 => SYMM( 82): z+1/4,-x+1/2,y+3/4                Symbol: -3- x,x-1,-x+5/4; 3/4,-1/4,1/2
 => SYMM( 83): z+1/4,x+1/4,-y                    Symbol: -3+ x,-x+1/4,-x-1/4; 0,1/4,-1/4
 => SYMM( 84): -z+1/2,x+1/4,y+3/4                Symbol: -3- x,-x-1/4,x+1; -1/4,0,3/4
 => SYMM( 85): -y+1/2,-x+1/2,-z                  Symbol: 2 x,-x+1/2,0
 => SYMM( 86): y+1/4,-x+1/2,z+3/4                Symbol: 4- (0,0,3/4) 3/8,1/8,z
 => SYMM( 87): -y+1/2,x+1/4,z+3/4                Symbol: 4+ (0,0,3/4) 1/8,3/8,z
 => SYMM( 88): y+1/4,x+1/4,-z                    Symbol: 2 (1/4,1/4,0) x,x,0
 => SYMM( 89): -z+1/2,-y+1/2,-x                  Symbol: 2 (1/4,0,-1/4) x,1/4,-x+1/4
 => SYMM( 90): z+1/4,y+1/4,-x                    Symbol: 4+ (0,1/4,0) 1/8,y,-1/8
 => SYMM( 91): z+1/4,-y+1/2,x+3/4                Symbol: 2 (1/2,0,1/2) x,1/4,x+1/4
 => SYMM( 92): -z+1/2,y+1/4,x+3/4                Symbol: 4- (0,1/4,0) -1/8,y,5/8
 => SYMM( 93): -x+1/2,-z+1/2,-y                  Symbol: 2 (0,1/4,-1/4) 1/4,y,-y+1/4
 => SYMM( 94): -x+1/2,z+1/4,y+3/4                Symbol: 2 (0,1/2,1/2) 1/4,y,y+1/4
 => SYMM( 95): x+1/4,z+1/4,-y                    Symbol: 4- (1/4,0,0) x,1/8,-1/8
 => SYMM( 96): x+1/4,-z+1/2,y+3/4                Symbol: 4+ (1/4,0,0) x,-1/8,5/8
 => SYMM( 97): x+1/2,y,z+1/2                     Symbol: t (1/2,0,1/2)
 => SYMM( 98): x+1/2,-y+1/4,-z+3/4               Symbol: 2 (1/2,0,0) x,1/8,3/8
 => SYMM( 99): -x+3/4,y,-z+3/4                   Symbol: 2 3/8,y,3/8
 => SYMM(100): -x+3/4,-y+1/4,z+1/2               Symbol: 2 (0,0,1/2) 3/8,1/8,z
 => SYMM(101): y+1/2,z,x+1/2                     Symbol: 3- (1/3,1/3,1/3) x,x-1/6,x+1/6
 => SYMM(102): -y+3/4,-z+1/4,x+1/2               Symbol: 3+ (1/3,-1/3,1/3) x,-x+5/12,x+1/6
 => SYMM(103): y+1/2,-z+1/4,-x+3/4               Symbol: 3+ x,x-1/2,-x+3/4
 => SYMM(104): -y+3/4,z,-x+3/4                   Symbol: 3- x,-x+3/4,-x+3/4
 => SYMM(105): z+1/2,x,y+1/2                     Symbol: 3+ (1/3,1/3,1/3) x,x-1/3,x-1/6
 => SYMM(106): -z+3/4,x,-y+3/4                   Symbol: 3- x,x,-x+3/4
 => SYMM(107): -z+3/4,-x+1/4,y+1/2               Symbol: 3+ x,-x+1/4,-x+3/4
 => SYMM(108): z+1/2,-x+1/4,-y+3/4               Symbol: 3- (1/3,-1/3,1/3) x,-x+7/12,x-1/6
 => SYMM(109): y+1/2,x,z+1/2                     Symbol: g (1/4,1/4,1/2) x,x-1/4,z
 => SYMM(110): -y+3/4,x,-z+3/4                   Symbol: -4- 3/8,3/8,z; 3/8,3/8,3/8
 => SYMM(111): y+1/2,-x+1/4,-z+3/4               Symbol: -4+ 3/8,-1/8,z; 3/8,-1/8,3/8
 => SYMM(112): -y+3/4,-x+1/4,z+1/2               Symbol: g (1/4,-1/4,1/2) x,-x+1/2,z
 => SYMM(113): z+1/2,y,x+1/2                     Symbol: n (1/2,0,1/2) x,y,x
 => SYMM(114): -z+3/4,-y+1/4,x+1/2               Symbol: -4+ 1/8,y,5/8; 1/8,1/8,5/8
 => SYMM(115): -z+3/4,y,-x+3/4                   Symbol: m x,y,-x+3/4
 => SYMM(116): z+1/2,-y+1/4,-x+3/4               Symbol: -4- 5/8,y,1/8; 5/8,1/8,1/8
 => SYMM(117): x+1/2,z,y+1/2                     Symbol: g (1/2,1/4,1/4) x,y,y+1/4
 => SYMM(118): x+1/2,-z+1/4,-y+3/4               Symbol: g (1/2,-1/4,1/4) x,y,-y+1/2
 => SYMM(119): -x+3/4,-z+1/4,y+1/2               Symbol: -4- x,-1/8,3/8; 3/8,-1/8,3/8
 => SYMM(120): -x+3/4,z,-y+3/4                   Symbol: -4+ x,3/8,3/8; 3/8,3/8,3/8
 => SYMM(121): -x+1/2,-y,-z+1/2                  Symbol: -1 1/4,0,1/4
 => SYMM(122): -x+1/2,y+3/4,z+1/4                Symbol: g (0,3/4,1/4) 1/4,y,z
 => SYMM(123): x+1/4,-y,z+1/4                    Symbol: d (1/4,0,1/4) x,0,z
 => SYMM(124): x+1/4,y+3/4,-z+1/2                Symbol: d (1/4,3/4,0) x,y,1/4
 => SYMM(125): -y+1/2,-z,-x+1/2                  Symbol: -3- x,x-1/2,x-1/2; 1/2,0,0
 => SYMM(126): y+1/4,z+3/4,-x+1/2                Symbol: -3+ x,-x+5/4,x-1; 3/4,1/2,-1/4
 => SYMM(127): -y+1/2,z+3/4,x+1/4                Symbol: -3+ x,x+1,-x-1/4; -1/4,3/4,0
 => SYMM(128): y+1/4,-z,x+1/4                    Symbol: -3- x,-x-1/4,-x+1/4; 0,-1/4,1/4
 => SYMM(129): -z+1/2,-x,-y+1/2                  Symbol: -3+ x,x,x+1/2; 0,0,1/2
 => SYMM(130): z+1/4,-x,y+1/4                    Symbol: -3- x,x-1/2,-x+1/4; 1/4,-1/4,0
 => SYMM(131): z+1/4,x+3/4,-y+1/2                Symbol: -3+ x,-x+3/4,-x-1/4; 0,3/4,-1/4
 => SYMM(132): -z+1/2,x+3/4,y+1/4                Symbol: -3- x,-x+1/4,x+1; -1/4,1/2,3/4
 => SYMM(133): -y+1/2,-x,-z+1/2                  Symbol: 2 (1/4,-1/4,0) x,-x+1/4,1/4
 => SYMM(134): y+1/4,-x,z+1/4                    Symbol: 4- (0,0,1/4) 1/8,-1/8,z
 => SYMM(135): -y+1/2,x+3/4,z+1/4                Symbol: 4+ (0,0,1/4) -1/8,5/8,z
 => SYMM(136): y+1/4,x+3/4,-z+1/2                Symbol: 2 (1/2,1/2,0) x,x+1/4,1/4
 => SYMM(137): -z+1/2,-y,-x+1/2                  Symbol: 2 x,0,-x+1/2
 => SYMM(138): z+1/4,y+3/4,-x+1/2                Symbol: 4+ (0,3/4,0) 3/8,y,1/8
 => SYMM(139): z+1/4,-y,x+1/4                    Symbol: 2 (1/4,0,1/4) x,0,x
 => SYMM(140): -z+1/2,y+3/4,x+1/4                Symbol: 4- (0,3/4,0) 1/8,y,3/8
 => SYMM(141): -x+1/2,-z,-y+1/2                  Symbol: 2 (0,-1/4,1/4) 1/4,y,-y+1/4
 => SYMM(142): -x+1/2,z+3/4,y+1/4                Symbol: 2 (0,1/2,1/2) 1/4,y,y-1/4
 => SYMM(143): x+1/4,z+3/4,-y+1/2                Symbol: 4- (1/4,0,0) x,5/8,-1/8
 => SYMM(144): x+1/4,-z,y+1/4                    Symbol: 4+ (1/4,0,0) x,-1/8,1/8
 => SYMM(145): x,y+1/2,z+1/2                     Symbol: t (0,1/2,1/2)
 => SYMM(146): x,-y+3/4,-z+3/4                   Symbol: 2 x,3/8,3/8
 => SYMM(147): -x+1/4,y+1/2,-z+3/4               Symbol: 2 (0,1/2,0) 1/8,y,3/8
 => SYMM(148): -x+1/4,-y+3/4,z+1/2               Symbol: 2 (0,0,1/2) 1/8,3/8,z
 => SYMM(149): y,z+1/2,x+1/2                     Symbol: 3- (1/3,1/3,1/3) x,x+1/3,x+1/6
 => SYMM(150): -y+1/4,-z+3/4,x+1/2               Symbol: 3+ x,-x+1/4,x+1/2
 => SYMM(151): y,-z+3/4,-x+3/4                   Symbol: 3+ x,x,-x+3/4
 => SYMM(152): -y+1/4,z+1/2,-x+3/4               Symbol: 3- (-1/3,1/3,1/3) x,-x+7/12,-x+5/12
 => SYMM(153): z,x+1/2,y+1/2                     Symbol: 3+ (1/3,1/3,1/3) x,x+1/6,x+1/3
 => SYMM(154): -z+1/4,x+1/2,-y+3/4               Symbol: 3- x,x+1/2,-x+1/4
 => SYMM(155): -z+1/4,-x+3/4,y+1/2               Symbol: 3+ (-1/3,1/3,1/3) x,-x+5/12,-x+7/12
 => SYMM(156): z,-x+3/4,-y+3/4                   Symbol: 3- x,-x+3/4,x
 => SYMM(157): y,x+1/2,z+1/2                     Symbol: g (1/4,1/4,1/2) x,x+1/4,z
 => SYMM(158): -y+1/4,x+1/2,-z+3/4               Symbol: -4- -1/8,3/8,z; -1/8,3/8,3/8
 => SYMM(159): y,-x+3/4,-z+3/4                   Symbol: -4+ 3/8,3/8,z; 3/8,3/8,3/8
 => SYMM(160): -y+1/4,-x+3/4,z+1/2               Symbol: g (-1/4,1/4,1/2) x,-x+1/2,z
 => SYMM(161): z,y+1/2,x+1/2                     Symbol: g (1/4,1/2,1/4) x,y,x+1/4
 => SYMM(162): -z+1/4,-y+3/4,x+1/2               Symbol: -4+ -1/8,y,3/8; -1/8,3/8,3/8
 => SYMM(163): -z+1/4,y+1/2,-x+3/4               Symbol: g (-1/4,1/2,1/4) x,y,-x+1/2
 => SYMM(164): z,-y+3/4,-x+3/4                   Symbol: -4- 3/8,y,3/8; 3/8,3/8,3/8
 => SYMM(165): x,z+1/2,y+1/2                     Symbol: n (0,1/2,1/2) x,y,y
 => SYMM(166): x,-z+3/4,-y+3/4                   Symbol: m x,y,-y+3/4
 => SYMM(167): -x+1/4,-z+3/4,y+1/2               Symbol: -4- x,1/8,5/8; 1/8,1/8,5/8
 => SYMM(168): -x+1/4,z+1/2,-y+3/4               Symbol: -4+ x,5/8,1/8; 1/8,5/8,1/8
 => SYMM(169): -x,-y+1/2,-z+1/2                  Symbol: -1 0,1/4,1/4
 => SYMM(170): -x,y+1/4,z+1/4                    Symbol: d (0,1/4,1/4) 0,y,z
 => SYMM(171): x+3/4,-y+1/2,z+1/4                Symbol: d (3/4,0,1/4) x,1/4,z
 => SYMM(172): x+3/4,y+1/4,-z+1/2                Symbol: g (3/4,1/4,0) x,y,1/4
 => SYMM(173): -y,-z+1/2,-x+1/2                  Symbol: -3- x,x,x+1/2; 0,0,1/2
 => SYMM(174): y+3/4,z+1/4,-x+1/2                Symbol: -3+ x,-x+3/4,x-1; 3/4,0,-1/4
 => SYMM(175): -y,z+1/4,x+1/4                    Symbol: -3+ x,x+1/2,-x-1/4; -1/4,1/4,0
 => SYMM(176): y+3/4,-z+1/2,x+1/4                Symbol: -3- x,-x+1/4,-x+5/4; 1/2,-1/4,3/4
 => SYMM(177): -z,-x+1/2,-y+1/2                  Symbol: -3+ x,x+1/2,x; 0,1/2,0
 => SYMM(178): z+3/4,-x+1/2,y+1/4                Symbol: -3- x,x-1,-x+3/4; 3/4,-1/4,0
 => SYMM(179): z+3/4,x+1/4,-y+1/2                Symbol: -3+ x,-x+5/4,-x+1/4; 1/2,3/4,-1/4
 => SYMM(180): -z,x+1/4,y+1/4                    Symbol: -3- x,-x-1/4,x+1/2; -1/4,0,1/4
 => SYMM(181): -y,-x+1/2,-z+1/2                  Symbol: 2 (-1/4,1/4,0) x,-x+1/4,1/4
 => SYMM(182): y+3/4,-x+1/2,z+1/4                Symbol: 4- (0,0,1/4) 5/8,-1/8,z
 => SYMM(183): -y,x+1/4,z+1/4                    Symbol: 4+ (0,0,1/4) -1/8,1/8,z
 => SYMM(184): y+3/4,x+1/4,-z+1/2                Symbol: 2 (1/2,1/2,0) x,x-1/4,1/4
 => SYMM(185): -z,-y+1/2,-x+1/2                  Symbol: 2 (-1/4,0,1/4) x,1/4,-x+1/4
 => SYMM(186): z+3/4,y+1/4,-x+1/2                Symbol: 4+ (0,1/4,0) 5/8,y,-1/8
 => SYMM(187): z+3/4,-y+1/2,x+1/4                Symbol: 2 (1/2,0,1/2) x,1/4,x-1/4
 => SYMM(188): -z,y+1/4,x+1/4                    Symbol: 4- (0,1/4,0) -1/8,y,1/8
 => SYMM(189): -x,-z+1/2,-y+1/2                  Symbol: 2 0,y,-y+1/2
 => SYMM(190): -x,z+1/4,y+1/4                    Symbol: 2 (0,1/4,1/4) 0,y,y
 => SYMM(191): x+3/4,z+1/4,-y+1/2                Symbol: 4- (3/4,0,0) x,3/8,1/8
 => SYMM(192): x+3/4,-z+1/2,y+1/4                Symbol: 4+ (3/4,0,0) x,1/8,3/8

 => Special Wyckoff Positions for F d -3 m
 
    Multp     Site        Representative Coordinates (centring translations excluded)
     96       h              0,y,-y              0,-y+1/4,y+1/4      1/4,y,y+1/4                             
                             1/4,-y+1/4,-y       y,-y,0              -y+1/4,y+1/4,0                          
                             y,y+1/4,1/4         -y+1/4,-y,1/4       -y,0,y                                  
                             y+1/4,0,-y+1/4      y+1/4,1/4,y         -y,1/4,-y+1/4                           
                             y,0,-y              -y+1/4,0,y+1/4      y,1/4,y+1/4                             
                             -y+1/4,1/4,-y       -y,y,0              y+1/4,-y+1/4,0                          
                             y+1/4,y,1/4         -y,-y+1/4,1/4       0,-y,y                                  
                             0,y+1/4,-y+1/4      1/4,y+1/4,y         1/4,-y,-y+1/4                           
 
     96       g              x,x,z               x,-x+1/4,-z+1/4     -x+1/4,x,-z+1/4                         
                             -x+1/4,-x+1/4,z     x,z,x               -x+1/4,-z+1/4,x                         
                             x,-z+1/4,-x+1/4     -x+1/4,z,-x+1/4     z,x,x                                   
                             -z+1/4,x,-x+1/4     -z+1/4,-x+1/4,x     z,-x+1/4,-x+1/4                         
                             -x,-x,-z            -x,x+3/4,z+3/4      x+3/4,-x,z+3/4                          
                             x+3/4,x+3/4,-z      -x,-z,-x            x+3/4,z+3/4,-x                          
                             -x,z+3/4,x+3/4      x+3/4,-z,x+3/4      -z,-x,-x                                
                             z+3/4,-x,x+3/4      z+3/4,x+3/4,-x      -z,x+3/4,x+3/4                          
 
     48       f              x,1/8,1/8           -x+1/4,1/8,1/8      1/8,1/8,x                               
                             1/8,1/8,-x+1/4      1/8,x,1/8           1/8,-x+1/4,1/8                          
                             -x,7/8,7/8          x+3/4,7/8,7/8       7/8,7/8,-x                              
                             7/8,7/8,x+3/4       7/8,-x,7/8          7/8,x+3/4,7/8                           
 
     32       e              x,x,x               x,-x+1/4,-x+1/4     -x+1/4,x,-x+1/4                         
                             -x+1/4,-x+1/4,x     -x,-x,-x            -x,x+3/4,x+3/4                          
                             x+3/4,-x,x+3/4      x+3/4,x+3/4,-x                                              
 
     16       d              1/2,1/2,1/2         1/2,3/4,3/4         3/4,1/2,3/4                             
                             3/4,3/4,1/2                                                                     
 
     16       c              0,0,0               0,1/4,1/4           1/4,0,1/4                               
                             1/4,1/4,0                                                                       
 
      8       b              3/8,3/8,3/8         5/8,5/8,5/8                                                 
 
      8       a              1/8,1/8,1/8         7/8,7/8,7/8                                                 
 

 => Initial parameters ==>
 Atom    Ntyp                  X         Y         Z         B         occ.         in  fin  Spc  Mult
                             B11       B22       B33       B12       B13       B23
 Tb     TB                 0.50000   0.50000   0.50000   0.00000   0.08333           0    0    0   16
                 Codes:    0.00000   0.00000   0.00000   0.00000   0.00000
                 Betas:    0.00099   0.00099   0.00099  -0.00048  -0.00048  -0.00048
                 Codes:    0.00000   0.00000   0.00000   0.00000   0.00000   0.00000
 Ti     TI                 0.00000   0.00000   0.00000   0.00000   0.08333           0    0    0   16
                 Codes:    0.00000   0.00000   0.00000   0.00000   0.00000
                 Betas:    0.00091   0.00091   0.00091  -0.00017  -0.00017  -0.00017
                 Codes:    0.00000   0.00000   0.00000   0.00000   0.00000   0.00000
 O1     O                  0.32804   0.12500   0.12500   0.00000   0.25000           0    0    0   48
                 Codes:    0.00000   0.00000   0.00000   0.00000   0.00000
                 Betas:    0.00123   0.00078   0.00078   0.00000   0.00000   0.00041
                 Codes:    0.00000   0.00000   0.00000   0.00000   0.00000   0.00000
 O2     O                  0.37500   0.37500   0.37500   0.00000   0.04167           0    0    0    8
                 Codes:    0.00000   0.00000   0.00000   0.00000   0.00000
                 Betas:    0.00061   0.00061   0.00061   0.00000   0.00000   0.00000
                 Codes:    0.00000   0.00000   0.00000   0.00000   0.00000   0.00000

 => It is assumed that THE FIRST GIVEN SITE plus all the other atoms 
    occupying THE SAME POSITION have a total full occupation (no vacancies!)
  (if this is not the case, change the order of atoms to obtain correct values for the content of the unit cell)
    The given occupation factors have been obtained mutiplying m/M by   0.0833
      -> Atom: TB  ,  Chemical element: TB  Atomic Mass:   158.9254
      -> Atom: TI  ,  Chemical element: TI  Atomic Mass:    47.8670
      -> Atom: O   ,  Chemical element: O   Atomic Mass:    15.9994
      -> Atom: O   ,  Chemical element: O   Atomic Mass:    15.9994
 => The given value of ATZ is      67273.16 the program has calculated:        4204.35
    The value of ATZ given in the input PCR file will be used for quantitative analysis
 => The chemical content of the unit cell is: 
      16.0000 TB   +  16.0000 TI   +  48.0019 O    +   8.0010 O      
 => The normalized site occupation numbers in % are: 
     100.0000 Tb     :      100.0000 Ti     :      100.0040 O1     :      100.0120 O2       
 => The density (volumic mass) of the compound is:    6.717 g/cm3

 =>-------> SCALE FACTORS, EXTINCTION AND CELL PARAMETERS FOR PATTERN:  1

 => Scale factors ( 1: 6) :    4.60000       0.00000       0.00000       0.00000       0.00000       0.00000    

 => Extinction  parameters:         0.0000        0.0000        0.0000        0.0000        0.0000        0.0000        0.0000
 => Direct cell parameters:        10.1300       10.1300       10.1300       90.0000       90.0000       90.0000
 => Lambda/2    parameters:         0.0000


 ==> CODEWORDS FOR Scale and Extinction PARAMETERS for Pattern  1

 => Scale factors ( 1: 6):    0.000   0.000   0.000   0.000   0.000   0.000

 => Extinction parameters:    0.000   0.000   0.000   0.000   0.000   0.000   0.000


 => Cell constraints according to Laue symmetry: m-3m 

        Metric information:
        -------------------

 => Direct cell parameters:

         a =      10.1300      b =      10.1300      c =      10.1300
     alpha =       90.000   beta =       90.000  gamma =       90.000
                        Direct Cell Volume =    1039.5093

 => Reciprocal cell parameters:

         a*=     0.098717      b*=     0.098717      c*=     0.098717
     alpha*=       90.000   beta*=       90.000  gamma*=       90.000
                    Reciprocal Cell Volume =   0.00096199

 => Direct and Reciprocal Metric Tensors:

                   GD                                       GR
    102.6169      0.0000      0.0000          0.009745    0.000000    0.000000
      0.0000    102.6169      0.0000          0.000000    0.009745    0.000000
      0.0000      0.0000    102.6169          0.000000    0.000000    0.009745

 =>  Cartesian frame: x // a; z is along c*; y is within the ab-plane   

     Crystal_to_Orthonormal_Matrix              Orthonormal_to_Crystal Matrix
              Cr_Orth_cel                               Orth_Cr_cel  
     10.1300      0.0000      0.0000          0.098717   -0.000000   -0.000000
      0.0000     10.1300      0.0000          0.000000    0.098717   -0.000000
      0.0000      0.0000     10.1300          0.000000    0.000000    0.098717

     Busing-Levy B-matrix: Hc=B.H            Inverse of the Busing-Levy B-matrix
                BL_M                                      BL_Minv  
    0.098717    0.000000    0.000000           10.1300     -0.0000     -0.0000
    0.000000    0.098717   -0.000000            0.0000     10.1300      0.0000
    0.000000    0.000000    0.098717            0.0000      0.0000     10.1300
 => Header of the Integrated Intensity file:
 -> Title: Single crystal data of Tb2Ti2O7                                                                                         
 -> Format of data: (3i4,2f12.4,i4)                                             
 -> Wavelength (Angstr.):   0.7930
 -> Type of data:  F2 and Sig(F2) have been input                                                                                         
 -> Reflections included only when F2> 0.0* sF2
 -> Nobserv (I>n*sigma):    220 -> Total Number of reflections:        220
 -> SumF:      3707.9 SumF2:     97624.2 SumF2w:    335127.3

 => Weighting Scheme:
 => Conventional weight: w(H)=1.0/Variance(GobsH)

 => Scattering coefficients from internal table

 => Scattering lengths:

 TB     0.7380
 TI    -0.3438
 O      0.5803
  
 
 => No optimization for routine tasks
 ++++++++++++++++++++++++++++++++++++++++++++++++++++++++++++++++++++++++++++++++++++++++++++++++++++++++++++++++++++++++++++++++++++

 => CYCLE No.:    1
 ------------------------------------------------------------------------------------------------------------------------------------
 => Phase  1 Name: Tb2Ti2O7
 ------------------------------------------------------------------------------------------------------------------------------------
 => New parameters, shifts, and standard deviations

 Atom        x       dx      sx       y       dy      sy       z       dz      sz       B       dB      sB      occ.    docc.   socc.

 Tb       0.50000 0.00000 0.00000  0.50000 0.00000 0.00000  0.50000 0.00000 0.00000  0.00000 0.00000 0.00000  0.08333 0.00000 0.00000
 Ti       0.00000 0.00000 0.00000  0.00000 0.00000 0.00000  0.00000 0.00000 0.00000  0.00000 0.00000 0.00000  0.08333 0.00000 0.00000
 O1       0.32804 0.00000 0.00000  0.12500 0.00000 0.00000  0.12500 0.00000 0.00000  0.00000 0.00000 0.00000  0.25000 0.00000 0.00000
 O2       0.37500 0.00000 0.00000  0.37500 0.00000 0.00000  0.37500 0.00000 0.00000  0.00000 0.00000 0.00000  0.04167 0.00000 0.00000

 Atom         B11      DB11      SB11       B22      DB22      SB22       B33      DB33      SB33
              B12      DB12      SB12       B13      DB13      SB13       B23      DB23      SB23
 Tb      0.000990  0.000000  0.000000  0.000990  0.000000  0.000000  0.000990  0.000000  0.000000
        -0.000480  0.000000  0.000000 -0.000480  0.000000  0.000000 -0.000480  0.000000  0.000000
 Ti      0.000910  0.000000  0.000000  0.000910  0.000000  0.000000  0.000910  0.000000  0.000000
        -0.000170  0.000000  0.000000 -0.000170  0.000000  0.000000 -0.000170  0.000000  0.000000
 O1      0.001230  0.000000  0.000000  0.000780  0.000000  0.000000  0.000780  0.000000  0.000000
         0.000000  0.000000  0.000000  0.000000  0.000000  0.000000  0.000410  0.000000  0.000000
 O2      0.000610  0.000000  0.000000  0.000610  0.000000  0.000000  0.000610  0.000000  0.000000
         0.000000  0.000000  0.000000  0.000000  0.000000  0.000000  0.000000  0.000000  0.000000

 ==> SCALE, EXTINCTION, CELL PARAMETERS FOR PATTERN#  1

 => Scale factors ( 1: 6): 
             4.600000        0.000000        0.000000
             0.000000        0.000000        0.000000
             0.000000        0.000000        0.000000
             0.000000        0.000000        0.000000
             0.000000        0.000000        0.000000
             0.000000        0.000000        0.000000


 => Extinction Parameters: 
             0.000000        0.000000        0.000000
             0.000000        0.000000        0.000000
             0.000000        0.000000        0.000000
             0.000000        0.000000        0.000000
             0.000000        0.000000        0.000000
             0.000000        0.000000        0.000000
             0.000000        0.000000        0.000000


 => Lambda/2 param: 
              0.000000        0.000000        0.000000

 => Global user-weigthed Chi2 (Bragg contrib.):   21.0    

 => ---------> Pattern#  1
 => Phase:  1
 =>    RF2 -factor :   11.3    
 =>    RF2w-factor :   11.7    
 =>    RF  -factor :   6.61    
 =>    Chi2(Intens):   21.0    
 =>  N_eff Reflect.:    220 with I >  0.00 sigma
 ++++++++++++++++++++++++++++++++++++++++++++++++++++++++++++++++++++++++++++++++++++++++++++++++++++++++++++++++++++++++++++++++++++

 => CYCLE No.:    1
 =>  Convergence reached at this CYCLE !!!!
 =>  Parameter shifts set to zero
 ------------------------------------------------------------------------------------------------------------------------------------
 => Phase  1 Name: Tb2Ti2O7
 ------------------------------------------------------------------------------------------------------------------------------------
 => New parameters, shifts, and standard deviations

 Atom        x       dx      sx       y       dy      sy       z       dz      sz       B       dB      sB      occ.    docc.   socc.

 Tb       0.50000 0.00000 0.00000  0.50000 0.00000 0.00000  0.50000 0.00000 0.00000  0.00000 0.00000 0.00000  0.08333 0.00000 0.00000
 Ti       0.00000 0.00000 0.00000  0.00000 0.00000 0.00000  0.00000 0.00000 0.00000  0.00000 0.00000 0.00000  0.08333 0.00000 0.00000
 O1       0.32804 0.00000 0.00000  0.12500 0.00000 0.00000  0.12500 0.00000 0.00000  0.00000 0.00000 0.00000  0.25000 0.00000 0.00000
 O2       0.37500 0.00000 0.00000  0.37500 0.00000 0.00000  0.37500 0.00000 0.00000  0.00000 0.00000 0.00000  0.04167 0.00000 0.00000

 Atom         B11      DB11      SB11       B22      DB22      SB22       B33      DB33      SB33
              B12      DB12      SB12       B13      DB13      SB13       B23      DB23      SB23
 Tb      0.000990  0.000000  0.000000  0.000990  0.000000  0.000000  0.000990  0.000000  0.000000
        -0.000480  0.000000  0.000000 -0.000480  0.000000  0.000000 -0.000480  0.000000  0.000000

    U-Eigen Value (A**2) ----      Eigen vector(Orth. syst.)
        0.00016          ----    0.57735    0.57735    0.57735
        0.00764          ----    0.70711   -0.70711    0.00000
        0.00764          ----    0.40825    0.40825   -0.81650

    Isotropic temperature factor Uequiv(A**2):   0.0051
    Isotropic temperature factor Bequiv(A**2):   0.4064

     R.M.S. in ANGSTROMS ------       Angles with A, B, C
        0.01249          ----     54.736     54.736     54.736
        0.08742          ----     45.000    135.000     90.000
        0.08742          ----     65.905     65.905    144.736
 
 Ti      0.000910  0.000000  0.000000  0.000910  0.000000  0.000000  0.000910  0.000000  0.000000
        -0.000170  0.000000  0.000000 -0.000170  0.000000  0.000000 -0.000170  0.000000  0.000000

    U-Eigen Value (A**2) ----      Eigen vector(Orth. syst.)
        0.00296          ----    0.57735    0.57735    0.57735
        0.00561          ----    0.70711   -0.70711    0.00000
        0.00561          ----    0.40825    0.40825   -0.81650

    Isotropic temperature factor Uequiv(A**2):   0.0047
    Isotropic temperature factor Bequiv(A**2):   0.3735

     R.M.S. in ANGSTROMS ------       Angles with A, B, C
        0.05444          ----     54.736     54.736     54.736
        0.07493          ----     45.000    135.000     90.000
        0.07493          ----     65.905     65.905    144.736
 
 O1      0.001230  0.000000  0.000000  0.000780  0.000000  0.000000  0.000780  0.000000  0.000000
         0.000000  0.000000  0.000000  0.000000  0.000000  0.000000  0.000410  0.000000  0.000000

    U-Eigen Value (A**2) ----      Eigen vector(Orth. syst.)
        0.00639          ----    1.00000    0.00000    0.00000
        0.00619          ----    0.00000    0.70711    0.70711
        0.00192          ----    0.00000    0.70711   -0.70711

    Isotropic temperature factor Uequiv(A**2):   0.0048
    Isotropic temperature factor Bequiv(A**2):   0.3817

     R.M.S. in ANGSTROMS ------       Angles with A, B, C
        0.07996          ----      0.000     90.000     90.000
        0.07865          ----     90.000     45.000     45.000
        0.04386          ----     90.000     45.000    135.000
 
 O2      0.000610  0.000000  0.000000  0.000610  0.000000  0.000000  0.000610  0.000000  0.000000
         0.000000  0.000000  0.000000  0.000000  0.000000  0.000000  0.000000  0.000000  0.000000

    U-Eigen Value (A**2) ----      Eigen vector(Orth. syst.)
        0.00317          ----    0.70711    0.70711    0.00000
        0.00317          ----    0.70711   -0.70711    0.00000
        0.00317          ----    0.00000    0.00000    1.00000

    Isotropic temperature factor Uequiv(A**2):   0.0032
    Isotropic temperature factor Bequiv(A**2):   0.2504

     R.M.S. in ANGSTROMS ------       Angles with A, B, C
        0.05631          ----     45.000     45.000     90.000
        0.05631          ----     45.000    135.000     90.000
        0.05631          ----     90.000     90.000      0.000
 

 ==> SCALE, EXTINCTION, CELL PARAMETERS FOR PATTERN#  1

 => Scale factors ( 1: 6): 
             4.600000        0.000000        0.000000
             0.000000        0.000000        0.000000
             0.000000        0.000000        0.000000
             0.000000        0.000000        0.000000
             0.000000        0.000000        0.000000
             0.000000        0.000000        0.000000


 => Extinction Parameters: 
             0.000000        0.000000        0.000000
             0.000000        0.000000        0.000000
             0.000000        0.000000        0.000000
             0.000000        0.000000        0.000000
             0.000000        0.000000        0.000000
             0.000000        0.000000        0.000000
             0.000000        0.000000        0.000000


 => Lambda/2 param: 
              0.000000        0.000000        0.000000

 => Global user-weigthed Chi2 (Bragg contrib.):   21.0    

 => ---------> Pattern#  1
 => Phase:  1
 =>    RF2 -factor :   11.3    
 =>    RF2w-factor :   11.7    
 =>    RF  -factor :   6.61    
 =>    Chi2(Intens):   21.0    
 =>  N_eff Reflect.:    220 with I >  0.00 sigma

 --------------------------------------------------------------------------------------------------------------------------------------------------------
 Pattern#  1 Phase No.:   1 Phase name: Tb2Ti2O7
 --------------------------------------------------------------------------------------------------------------------------------------------------------
 => F2cal= scale*Corr*F2
   h   k   l ivk   cod      F2obs         F2cal      F2cal(mag)     Dif/sig   Extinction(y)      Sinthet/lamb  Lambda/2-Contr    RMsFx       IMsFx       RMsFy       IMsFy       RMsFz       IMsFz         RMiVx       IMiVx       RMiVy       IMiVy       RMiVz       IMiVz
   1   1   1   0     1     194.5677     176.2578        0.0000        7.8742     1.00000            0.08549       0.00000       0.00000     0.00000     0.00000     0.00000     0.00000     0.00000       0.00000     0.00000     0.00000     0.00000     0.00000     0.00000
   2   2   0   0     1      22.6319      10.2917        0.0000       10.9856     1.00000            0.13961       0.00000       0.00000     0.00000     0.00000     0.00000     0.00000     0.00000       0.00000     0.00000     0.00000     0.00000     0.00000     0.00000
   3   1   1   0     1      99.2917      78.3767        0.0000        8.1635     1.00000            0.16370       0.00000       0.00000     0.00000     0.00000     0.00000     0.00000     0.00000       0.00000     0.00000     0.00000     0.00000     0.00000     0.00000
   2   2   2   0     1     219.2877     175.5266        0.0000       13.4558     1.00000            0.17098       0.00000       0.00000     0.00000     0.00000     0.00000     0.00000     0.00000       0.00000     0.00000     0.00000     0.00000     0.00000     0.00000
   4   0   0   0     1    1366.7377    1877.3544        0.0000      -16.4309     1.00000            0.19743       0.00000       0.00000     0.00000     0.00000     0.00000     0.00000     0.00000       0.00000     0.00000     0.00000     0.00000     0.00000     0.00000
   3   3   1   0     1    1381.2404    1811.0286        0.0000      -17.6011     1.00000            0.21515       0.00000       0.00000     0.00000     0.00000     0.00000     0.00000     0.00000       0.00000     0.00000     0.00000     0.00000     0.00000     0.00000
   4   2   2   0     1     272.4665     229.1960        0.0000       10.2171     1.00000            0.24181       0.00000       0.00000     0.00000     0.00000     0.00000     0.00000     0.00000       0.00000     0.00000     0.00000     0.00000     0.00000     0.00000
   5   1   1   0     1     991.5085    1055.1547        0.0000       -3.3146     1.00000            0.25647       0.00000       0.00000     0.00000     0.00000     0.00000     0.00000     0.00000       0.00000     0.00000     0.00000     0.00000     0.00000     0.00000
   3   3   3   0     1     504.5874     453.5272        0.0000        7.0377     1.00000            0.25647       0.00000       0.00000     0.00000     0.00000     0.00000     0.00000     0.00000       0.00000     0.00000     0.00000     0.00000     0.00000     0.00000
   4   4   0   0     1    2167.6858    3243.4026        0.0000      -28.3375     1.00000            0.27921       0.00000       0.00000     0.00000     0.00000     0.00000     0.00000     0.00000       0.00000     0.00000     0.00000     0.00000     0.00000     0.00000
   5   3   1   0     1     369.5253     323.3220        0.0000        7.4706     1.00000            0.29201       0.00000       0.00000     0.00000     0.00000     0.00000     0.00000     0.00000       0.00000     0.00000     0.00000     0.00000     0.00000     0.00000
   4   4   2   0     1       6.2608       0.0495        0.0000        2.1468     1.00000            0.29615       0.00000       0.00000     0.00000     0.00000     0.00000     0.00000     0.00000       0.00000     0.00000     0.00000     0.00000     0.00000     0.00000
   6   2   0   0     1     339.3607     289.3602        0.0000        9.6297     1.00000            0.31217       0.00000       0.00000     0.00000     0.00000     0.00000     0.00000     0.00000       0.00000     0.00000     0.00000     0.00000     0.00000     0.00000
   5   3   3   0     1      20.2404      14.7938        0.0000        2.2416     1.00000            0.32366       0.00000       0.00000     0.00000     0.00000     0.00000     0.00000     0.00000       0.00000     0.00000     0.00000     0.00000     0.00000     0.00000
   6   2   2   0     1     214.3519     173.8419        0.0000       10.0220     1.00000            0.32741       0.00000       0.00000     0.00000     0.00000     0.00000     0.00000     0.00000       0.00000     0.00000     0.00000     0.00000     0.00000     0.00000
   4   4   4   0     1     375.6302     344.4432        0.0000        4.8356     1.00000            0.34196       0.00000       0.00000     0.00000     0.00000     0.00000     0.00000     0.00000       0.00000     0.00000     0.00000     0.00000     0.00000     0.00000
   7   1   1   0     1     838.4976     800.9318        0.0000        3.5487     1.00000            0.35249       0.00000       0.00000     0.00000     0.00000     0.00000     0.00000     0.00000       0.00000     0.00000     0.00000     0.00000     0.00000     0.00000
   5   5   1   0     1      55.1172      39.3530        0.0000        2.7168     1.00000            0.35249       0.00000       0.00000     0.00000     0.00000     0.00000     0.00000     0.00000       0.00000     0.00000     0.00000     0.00000     0.00000     0.00000
   6   4   2   0     1      33.0758      20.2448        0.0000        7.4168     1.00000            0.36936       0.00000       0.00000     0.00000     0.00000     0.00000     0.00000     0.00000       0.00000     0.00000     0.00000     0.00000     0.00000     0.00000
   5   5   3   0     1     764.9341     717.4360        0.0000        4.9049     1.00000            0.37913       0.00000       0.00000     0.00000     0.00000     0.00000     0.00000     0.00000       0.00000     0.00000     0.00000     0.00000     0.00000     0.00000
   7   3   1   0     1      73.8851      58.1226        0.0000        2.7856     1.00000            0.37913       0.00000       0.00000     0.00000     0.00000     0.00000     0.00000     0.00000       0.00000     0.00000     0.00000     0.00000     0.00000     0.00000
   8   0   0   0     1    1910.4371    2212.1323        0.0000       -8.4113     1.00000            0.39487       0.00000       0.00000     0.00000     0.00000     0.00000     0.00000     0.00000       0.00000     0.00000     0.00000     0.00000     0.00000     0.00000
   7   3   3   0     1    2395.7312    3117.7188        0.0000      -14.5412     1.00000            0.40402       0.00000       0.00000     0.00000     0.00000     0.00000     0.00000     0.00000       0.00000     0.00000     0.00000     0.00000     0.00000     0.00000
   6   4   4   0     1       9.8576       0.5759        0.0000        3.0803     1.00000            0.40702       0.00000       0.00000     0.00000     0.00000     0.00000     0.00000     0.00000       0.00000     0.00000     0.00000     0.00000     0.00000     0.00000
   8   2   2   0     1    1207.8987    1209.0383        0.0000       -0.0741     1.00000            0.41882       0.00000       0.00000     0.00000     0.00000     0.00000     0.00000     0.00000       0.00000     0.00000     0.00000     0.00000     0.00000     0.00000
   6   6   0   0     1    1217.1985    1226.9706        0.0000       -0.6969     1.00000            0.41882       0.00000       0.00000     0.00000     0.00000     0.00000     0.00000     0.00000       0.00000     0.00000     0.00000     0.00000     0.00000     0.00000
   7   5   1   0     1     324.4044     286.6480        0.0000        5.4395     1.00000            0.42746       0.00000       0.00000     0.00000     0.00000     0.00000     0.00000     0.00000       0.00000     0.00000     0.00000     0.00000     0.00000     0.00000
   5   5   5   0     1    2023.2412    2370.7375        0.0000      -18.2105     1.00000            0.42746       0.00000       0.00000     0.00000     0.00000     0.00000     0.00000     0.00000       0.00000     0.00000     0.00000     0.00000     0.00000     0.00000
   6   6   2   0     1     172.7699     139.9964        0.0000        6.5191     1.00000            0.43030       0.00000       0.00000     0.00000     0.00000     0.00000     0.00000     0.00000       0.00000     0.00000     0.00000     0.00000     0.00000     0.00000
   8   4   0   0     1     119.7360      98.4982        0.0000        5.0622     1.00000            0.44147       0.00000       0.00000     0.00000     0.00000     0.00000     0.00000     0.00000       0.00000     0.00000     0.00000     0.00000     0.00000     0.00000
   7   5   3   0     1    1082.9794    1064.6948        0.0000        1.2360     1.00000            0.44968       0.00000       0.00000     0.00000     0.00000     0.00000     0.00000     0.00000       0.00000     0.00000     0.00000     0.00000     0.00000     0.00000
   9   1   1   0     1     123.3764     102.7672        0.0000        2.0844     1.00000            0.44968       0.00000       0.00000     0.00000     0.00000     0.00000     0.00000     0.00000       0.00000     0.00000     0.00000     0.00000     0.00000     0.00000
   6   6   4   0     1     656.7704     595.5181        0.0000        5.7008     1.00000            0.46302       0.00000       0.00000     0.00000     0.00000     0.00000     0.00000     0.00000       0.00000     0.00000     0.00000     0.00000     0.00000     0.00000
   9   3   1   0     1     130.3383     108.5378        0.0000        4.5672     1.00000            0.47085       0.00000       0.00000     0.00000     0.00000     0.00000     0.00000     0.00000       0.00000     0.00000     0.00000     0.00000     0.00000     0.00000
   8   4   4   0     1     570.3704     522.3735        0.0000        6.2912     1.00000            0.48361       0.00000       0.00000     0.00000     0.00000     0.00000     0.00000     0.00000       0.00000     0.00000     0.00000     0.00000     0.00000     0.00000
   9   3   3   0     1    1398.5513    1433.9825        0.0000       -1.9466     1.00000            0.49111       0.00000       0.00000     0.00000     0.00000     0.00000     0.00000     0.00000       0.00000     0.00000     0.00000     0.00000     0.00000     0.00000
   7   7   1   0     1    1685.6763    1788.7792        0.0000       -6.8856     1.00000            0.49111       0.00000       0.00000     0.00000     0.00000     0.00000     0.00000     0.00000       0.00000     0.00000     0.00000     0.00000     0.00000     0.00000
   7   5   5   0     1     107.9908      89.5026        0.0000        1.4791     1.00000            0.49111       0.00000       0.00000     0.00000     0.00000     0.00000     0.00000     0.00000       0.00000     0.00000     0.00000     0.00000     0.00000     0.00000
  10   2   0   0     1     914.1141     861.4248        0.0000        5.4261     1.00000            0.50336       0.00000       0.00000     0.00000     0.00000     0.00000     0.00000     0.00000       0.00000     0.00000     0.00000     0.00000     0.00000     0.00000
   8   6   2   0     1     258.0833     217.5162        0.0000        4.3901     1.00000            0.50336       0.00000       0.00000     0.00000     0.00000     0.00000     0.00000     0.00000       0.00000     0.00000     0.00000     0.00000     0.00000     0.00000
   7   7   3   0     1     588.8738     549.8867        0.0000        3.6935     1.00000            0.51057       0.00000       0.00000     0.00000     0.00000     0.00000     0.00000     0.00000       0.00000     0.00000     0.00000     0.00000     0.00000     0.00000
   9   5   1   0     1    1016.6021     981.4711        0.0000        2.3192     1.00000            0.51057       0.00000       0.00000     0.00000     0.00000     0.00000     0.00000     0.00000       0.00000     0.00000     0.00000     0.00000     0.00000     0.00000
   6   6   6   0     1     215.3041     186.7640        0.0000        4.8801     1.00000            0.51295       0.00000       0.00000     0.00000     0.00000     0.00000     0.00000     0.00000       0.00000     0.00000     0.00000     0.00000     0.00000     0.00000
  10   2   2   0     1     165.5683     137.5207        0.0000        4.1664     1.00000            0.51295       0.00000       0.00000     0.00000     0.00000     0.00000     0.00000     0.00000       0.00000     0.00000     0.00000     0.00000     0.00000     0.00000
   9   5   3   0     1     263.2697     226.1073        0.0000        6.0165     1.00000            0.52931       0.00000       0.00000     0.00000     0.00000     0.00000     0.00000     0.00000       0.00000     0.00000     0.00000     0.00000     0.00000     0.00000
  10   4   2   0     1     399.1649     340.3864        0.0000        8.1674     1.00000            0.54069       0.00000       0.00000     0.00000     0.00000     0.00000     0.00000     0.00000       0.00000     0.00000     0.00000     0.00000     0.00000     0.00000
  11   1   1   0     1     406.6985     366.4318        0.0000        5.2017     1.00000            0.54741       0.00000       0.00000     0.00000     0.00000     0.00000     0.00000     0.00000       0.00000     0.00000     0.00000     0.00000     0.00000     0.00000
   7   7   5   0     1       9.0443       0.1966        0.0000        1.5457     1.00000            0.54741       0.00000       0.00000     0.00000     0.00000     0.00000     0.00000     0.00000       0.00000     0.00000     0.00000     0.00000     0.00000     0.00000
   8   8   0   0     1     232.3389     202.7023        0.0000        4.8314     1.00000            0.55843       0.00000       0.00000     0.00000     0.00000     0.00000     0.00000     0.00000       0.00000     0.00000     0.00000     0.00000     0.00000     0.00000
  11   3   1   0     1     815.0747     771.3372        0.0000        3.7209     1.00000            0.56493       0.00000       0.00000     0.00000     0.00000     0.00000     0.00000     0.00000       0.00000     0.00000     0.00000     0.00000     0.00000     0.00000
   9   7   1   0     1     645.9863     602.8130        0.0000        4.1960     1.00000            0.56493       0.00000       0.00000     0.00000     0.00000     0.00000     0.00000     0.00000       0.00000     0.00000     0.00000     0.00000     0.00000     0.00000
   9   5   5   0     1     105.5177      90.3101        0.0000        1.6207     1.00000            0.56493       0.00000       0.00000     0.00000     0.00000     0.00000     0.00000     0.00000       0.00000     0.00000     0.00000     0.00000     0.00000     0.00000
  10   6   0   0     1    2129.5383    2348.5759        0.0000       -6.8325     1.00000            0.57561       0.00000       0.00000     0.00000     0.00000     0.00000     0.00000     0.00000       0.00000     0.00000     0.00000     0.00000     0.00000     0.00000
   9   7   3   0     1      24.8305      14.6429        0.0000        2.5911     1.00000            0.58193       0.00000       0.00000     0.00000     0.00000     0.00000     0.00000     0.00000       0.00000     0.00000     0.00000     0.00000     0.00000     0.00000
  11   3   3   0     1     111.9623      95.2058        0.0000        4.2075     1.00000            0.58193       0.00000       0.00000     0.00000     0.00000     0.00000     0.00000     0.00000       0.00000     0.00000     0.00000     0.00000     0.00000     0.00000
  10   6   2   0     1     178.0339     156.3201        0.0000        3.4647     1.00000            0.58402       0.00000       0.00000     0.00000     0.00000     0.00000     0.00000     0.00000       0.00000     0.00000     0.00000     0.00000     0.00000     0.00000
  12   0   0   0     1     355.9608     314.5265        0.0000        5.3399     1.00000            0.59230       0.00000       0.00000     0.00000     0.00000     0.00000     0.00000     0.00000       0.00000     0.00000     0.00000     0.00000     0.00000     0.00000
   8   8   4   0     1     451.1190     415.4450        0.0000        3.8579     1.00000            0.59230       0.00000       0.00000     0.00000     0.00000     0.00000     0.00000     0.00000       0.00000     0.00000     0.00000     0.00000     0.00000     0.00000
   7   7   7   0     1    2409.2754    2751.3486        0.0000      -10.9962     1.00000            0.59844       0.00000       0.00000     0.00000     0.00000     0.00000     0.00000     0.00000       0.00000     0.00000     0.00000     0.00000     0.00000     0.00000
  11   5   1   0     1      36.9390      29.8001        0.0000        0.4849     1.00000            0.59844       0.00000       0.00000     0.00000     0.00000     0.00000     0.00000     0.00000       0.00000     0.00000     0.00000     0.00000     0.00000     0.00000
  12   2   2   0     1    1267.5220    1257.6224        0.0000        0.5278     1.00000            0.60853       0.00000       0.00000     0.00000     0.00000     0.00000     0.00000     0.00000       0.00000     0.00000     0.00000     0.00000     0.00000     0.00000
  10   6   4   0     1    1228.7996    1208.2825        0.0000        1.0825     1.00000            0.60853       0.00000       0.00000     0.00000     0.00000     0.00000     0.00000     0.00000       0.00000     0.00000     0.00000     0.00000     0.00000     0.00000
   9   7   5   0     1     329.1074     303.6880        0.0000        3.3505     1.00000            0.61451       0.00000       0.00000     0.00000     0.00000     0.00000     0.00000     0.00000       0.00000     0.00000     0.00000     0.00000     0.00000     0.00000
  11   5   3   0     1     224.7773     199.6804        0.0000        3.6567     1.00000            0.61451       0.00000       0.00000     0.00000     0.00000     0.00000     0.00000     0.00000       0.00000     0.00000     0.00000     0.00000     0.00000     0.00000
  12   4   0   0     1     883.0682     871.6641        0.0000        0.6812     1.00000            0.62434       0.00000       0.00000     0.00000     0.00000     0.00000     0.00000     0.00000       0.00000     0.00000     0.00000     0.00000     0.00000     0.00000
   9   9   1   0     1      60.6822      47.7059        0.0000        4.3207     1.00000            0.63017       0.00000       0.00000     0.00000     0.00000     0.00000     0.00000     0.00000       0.00000     0.00000     0.00000     0.00000     0.00000     0.00000
   8   8   6   0     1      12.8220       1.4518        0.0000        2.4269     1.00000            0.63210       0.00000       0.00000     0.00000     0.00000     0.00000     0.00000     0.00000       0.00000     0.00000     0.00000     0.00000     0.00000     0.00000
  12   4   2   0     1       5.0893       0.8815        0.0000        0.8672     1.00000            0.63210       0.00000       0.00000     0.00000     0.00000     0.00000     0.00000     0.00000       0.00000     0.00000     0.00000     0.00000     0.00000     0.00000
  10   8   2   0     1      15.7286       2.4206        0.0000        2.7935     1.00000            0.63976       0.00000       0.00000     0.00000     0.00000     0.00000     0.00000     0.00000       0.00000     0.00000     0.00000     0.00000     0.00000     0.00000
  11   5   5   0     1    1284.8992    1316.7125        0.0000       -1.7771     1.00000            0.64544       0.00000       0.00000     0.00000     0.00000     0.00000     0.00000     0.00000       0.00000     0.00000     0.00000     0.00000     0.00000     0.00000
  13   1   1   0     1      91.8083      75.4343        0.0000        1.4684     1.00000            0.64544       0.00000       0.00000     0.00000     0.00000     0.00000     0.00000     0.00000       0.00000     0.00000     0.00000     0.00000     0.00000     0.00000
   9   9   3   0     1     114.6400      95.1487        0.0000        1.7415     1.00000            0.64544       0.00000       0.00000     0.00000     0.00000     0.00000     0.00000     0.00000       0.00000     0.00000     0.00000     0.00000     0.00000     0.00000
  11   7   1   0     1      11.3935       4.2520        0.0000        0.5825     1.00000            0.64544       0.00000       0.00000     0.00000     0.00000     0.00000     0.00000     0.00000       0.00000     0.00000     0.00000     0.00000     0.00000     0.00000
  10   6   6   0     1     107.1723      92.2722        0.0000        2.8889     1.00000            0.64733       0.00000       0.00000     0.00000     0.00000     0.00000     0.00000     0.00000       0.00000     0.00000     0.00000     0.00000     0.00000     0.00000
  12   4   4   0     1      25.8850      17.5110        0.0000        2.0491     1.00000            0.65481       0.00000       0.00000     0.00000     0.00000     0.00000     0.00000     0.00000       0.00000     0.00000     0.00000     0.00000     0.00000     0.00000
   9   7   7   0     1    1452.1660    1496.8821        0.0000       -2.0480     1.00000            0.66037       0.00000       0.00000     0.00000     0.00000     0.00000     0.00000     0.00000       0.00000     0.00000     0.00000     0.00000     0.00000     0.00000
  13   3   1   0     1    1245.0792    1236.1089        0.0000        0.6077     1.00000            0.66037       0.00000       0.00000     0.00000     0.00000     0.00000     0.00000     0.00000       0.00000     0.00000     0.00000     0.00000     0.00000     0.00000
  11   7   3   0     1    1511.8230    1544.2393        0.0000       -1.2585     1.00000            0.66037       0.00000       0.00000     0.00000     0.00000     0.00000     0.00000     0.00000       0.00000     0.00000     0.00000     0.00000     0.00000     0.00000
  10   8   4   0     1       3.7100       3.8114        0.0000       -0.0192     1.00000            0.66221       0.00000       0.00000     0.00000     0.00000     0.00000     0.00000     0.00000       0.00000     0.00000     0.00000     0.00000     0.00000     0.00000
  12   6   2   0     1     329.0760     295.8583        0.0000        4.1748     1.00000            0.66953       0.00000       0.00000     0.00000     0.00000     0.00000     0.00000     0.00000       0.00000     0.00000     0.00000     0.00000     0.00000     0.00000
  13   3   3   0     1     285.8376     237.0385        0.0000        6.0923     1.00000            0.67497       0.00000       0.00000     0.00000     0.00000     0.00000     0.00000     0.00000       0.00000     0.00000     0.00000     0.00000     0.00000     0.00000
   9   9   5   0     1     992.9638     949.8187        0.0000        2.3245     1.00000            0.67497       0.00000       0.00000     0.00000     0.00000     0.00000     0.00000     0.00000       0.00000     0.00000     0.00000     0.00000     0.00000     0.00000
   8   8   8   0     1     288.2571     241.0864        0.0000        5.7263     1.00000            0.68393       0.00000       0.00000     0.00000     0.00000     0.00000     0.00000     0.00000       0.00000     0.00000     0.00000     0.00000     0.00000     0.00000
  13   5   1   0     1     194.8370     169.1813        0.0000        3.1454     1.00000            0.68925       0.00000       0.00000     0.00000     0.00000     0.00000     0.00000     0.00000       0.00000     0.00000     0.00000     0.00000     0.00000     0.00000
  11   7   5   0     1     414.2435     393.8474        0.0000        1.2149     1.00000            0.68925       0.00000       0.00000     0.00000     0.00000     0.00000     0.00000     0.00000       0.00000     0.00000     0.00000     0.00000     0.00000     0.00000
  12   6   4   0     1       7.2439       0.9794        0.0000        1.0012     1.00000            0.69102       0.00000       0.00000     0.00000     0.00000     0.00000     0.00000     0.00000       0.00000     0.00000     0.00000     0.00000     0.00000     0.00000
  10  10   0   0     1    2714.7458    3161.6335        0.0000      -11.3367     1.00000            0.69803       0.00000       0.00000     0.00000     0.00000     0.00000     0.00000     0.00000       0.00000     0.00000     0.00000     0.00000     0.00000     0.00000
  10   8   6   0     1     343.7899     304.4839        0.0000        2.4211     1.00000            0.69803       0.00000       0.00000     0.00000     0.00000     0.00000     0.00000     0.00000       0.00000     0.00000     0.00000     0.00000     0.00000     0.00000
  14   2   0   0     1     472.1022     430.9502        0.0000        2.5169     1.00000            0.69803       0.00000       0.00000     0.00000     0.00000     0.00000     0.00000     0.00000       0.00000     0.00000     0.00000     0.00000     0.00000     0.00000
  13   5   3   0     1      22.6495      15.4486        0.0000        1.1281     1.00000            0.70325       0.00000       0.00000     0.00000     0.00000     0.00000     0.00000     0.00000       0.00000     0.00000     0.00000     0.00000     0.00000     0.00000
  11   9   1   0     1     467.5958     453.2667        0.0000        1.2663     1.00000            0.70325       0.00000       0.00000     0.00000     0.00000     0.00000     0.00000     0.00000       0.00000     0.00000     0.00000     0.00000     0.00000     0.00000
  14   2   2   0     1     135.5432     127.6785        0.0000        1.3826     1.00000            0.70498       0.00000       0.00000     0.00000     0.00000     0.00000     0.00000     0.00000       0.00000     0.00000     0.00000     0.00000     0.00000     0.00000
  10  10   2   0     1     111.2981     102.3482        0.0000        1.7795     1.00000            0.70498       0.00000       0.00000     0.00000     0.00000     0.00000     0.00000     0.00000       0.00000     0.00000     0.00000     0.00000     0.00000     0.00000
  12   8   0   0     1     143.5622     131.7828        0.0000        2.0696     1.00000            0.71186       0.00000       0.00000     0.00000     0.00000     0.00000     0.00000     0.00000       0.00000     0.00000     0.00000     0.00000     0.00000     0.00000
  11   9   3   0     1     624.4188     601.4264        0.0000        1.8474     1.00000            0.71697       0.00000       0.00000     0.00000     0.00000     0.00000     0.00000     0.00000       0.00000     0.00000     0.00000     0.00000     0.00000     0.00000
   9   9   7   0     1     533.1500     493.2763        0.0000        3.5534     1.00000            0.71697       0.00000       0.00000     0.00000     0.00000     0.00000     0.00000     0.00000       0.00000     0.00000     0.00000     0.00000     0.00000     0.00000
  12   8   2   0     1      10.4581       0.9851        0.0000        1.4139     1.00000            0.71867       0.00000       0.00000     0.00000     0.00000     0.00000     0.00000     0.00000       0.00000     0.00000     0.00000     0.00000     0.00000     0.00000
  10  10   4   0     1    2155.8782    2340.6885        0.0000       -4.8844     1.00000            0.72542       0.00000       0.00000     0.00000     0.00000     0.00000     0.00000     0.00000       0.00000     0.00000     0.00000     0.00000     0.00000     0.00000
  12   6   6   0     1       7.6967       2.1025        0.0000        0.3156     1.00000            0.72542       0.00000       0.00000     0.00000     0.00000     0.00000     0.00000     0.00000       0.00000     0.00000     0.00000     0.00000     0.00000     0.00000
  14   4   2   0     1     105.0912      83.1163        0.0000        1.2608     1.00000            0.72542       0.00000       0.00000     0.00000     0.00000     0.00000     0.00000     0.00000       0.00000     0.00000     0.00000     0.00000     0.00000     0.00000
  13   5   5   0     1     587.6577     551.1772        0.0000        2.6877     1.00000            0.73044       0.00000       0.00000     0.00000     0.00000     0.00000     0.00000     0.00000       0.00000     0.00000     0.00000     0.00000     0.00000     0.00000
  11   7   7   0     1     152.2555     136.6646        0.0000        1.7882     1.00000            0.73044       0.00000       0.00000     0.00000     0.00000     0.00000     0.00000     0.00000       0.00000     0.00000     0.00000     0.00000     0.00000     0.00000
  13   7   1   0     1      17.2751       9.3170        0.0000        0.8484     1.00000            0.73044       0.00000       0.00000     0.00000     0.00000     0.00000     0.00000     0.00000       0.00000     0.00000     0.00000     0.00000     0.00000     0.00000
  12   8   4   0     1       2.8080       0.0350        0.0000        0.4353     1.00000            0.73873       0.00000       0.00000     0.00000     0.00000     0.00000     0.00000     0.00000       0.00000     0.00000     0.00000     0.00000     0.00000     0.00000
  13   7   3   0     1    2101.8381    2311.1194        0.0000       -6.5113     1.00000            0.74366       0.00000       0.00000     0.00000     0.00000     0.00000     0.00000     0.00000       0.00000     0.00000     0.00000     0.00000     0.00000     0.00000
  15   1   1   0     1      21.4748      16.0616        0.0000        0.3242     1.00000            0.74366       0.00000       0.00000     0.00000     0.00000     0.00000     0.00000     0.00000       0.00000     0.00000     0.00000     0.00000     0.00000     0.00000
  11   9   5   0     1      16.9701      17.6155        0.0000       -0.0363     1.00000            0.74366       0.00000       0.00000     0.00000     0.00000     0.00000     0.00000     0.00000       0.00000     0.00000     0.00000     0.00000     0.00000     0.00000
  10   8   8   0     1       3.9106       0.0342        0.0000        0.5566     1.00000            0.74529       0.00000       0.00000     0.00000     0.00000     0.00000     0.00000     0.00000       0.00000     0.00000     0.00000     0.00000     0.00000     0.00000
  14   4   4   0     1       6.3243       3.5623        0.0000        0.3911     1.00000            0.74529       0.00000       0.00000     0.00000     0.00000     0.00000     0.00000     0.00000       0.00000     0.00000     0.00000     0.00000     0.00000     0.00000
  14   6   0   0     1    1277.8949    1263.6188        0.0000        0.8878     1.00000            0.75180       0.00000       0.00000     0.00000     0.00000     0.00000     0.00000     0.00000       0.00000     0.00000     0.00000     0.00000     0.00000     0.00000
  15   3   1   0     1     173.7919     159.1328        0.0000        2.1399     1.00000            0.75665       0.00000       0.00000     0.00000     0.00000     0.00000     0.00000     0.00000       0.00000     0.00000     0.00000     0.00000     0.00000     0.00000
  10  10   6   0     1     148.4994     151.1448        0.0000       -0.4551     1.00000            0.75826       0.00000       0.00000     0.00000     0.00000     0.00000     0.00000     0.00000       0.00000     0.00000     0.00000     0.00000     0.00000     0.00000
  14   6   2   0     1      96.6851      94.5561        0.0000        0.4453     1.00000            0.75826       0.00000       0.00000     0.00000     0.00000     0.00000     0.00000     0.00000       0.00000     0.00000     0.00000     0.00000     0.00000     0.00000
  13   7   5   0     1     743.1557     722.4277        0.0000        1.2894     1.00000            0.76942       0.00000       0.00000     0.00000     0.00000     0.00000     0.00000     0.00000       0.00000     0.00000     0.00000     0.00000     0.00000     0.00000
  11  11   1   0     1     253.0292     235.7925        0.0000        1.2224     1.00000            0.76942       0.00000       0.00000     0.00000     0.00000     0.00000     0.00000     0.00000       0.00000     0.00000     0.00000     0.00000     0.00000     0.00000
  15   3   3   0     1     801.3929     785.9899        0.0000        0.8581     1.00000            0.76942       0.00000       0.00000     0.00000     0.00000     0.00000     0.00000     0.00000       0.00000     0.00000     0.00000     0.00000     0.00000     0.00000
   9   9   9   0     1       9.2930       0.0308        0.0000        0.7764     1.00000            0.76942       0.00000       0.00000     0.00000     0.00000     0.00000     0.00000     0.00000       0.00000     0.00000     0.00000     0.00000     0.00000     0.00000
  12   8   6   0     1       5.7886       5.8332        0.0000       -0.0069     1.00000            0.77100       0.00000       0.00000     0.00000     0.00000     0.00000     0.00000     0.00000       0.00000     0.00000     0.00000     0.00000     0.00000     0.00000
  14   6   4   0     1     799.8103     761.4225        0.0000        3.7959     1.00000            0.77730       0.00000       0.00000     0.00000     0.00000     0.00000     0.00000     0.00000       0.00000     0.00000     0.00000     0.00000     0.00000     0.00000
  12  10   2   0     1      16.6109      12.3676        0.0000        0.6711     1.00000            0.77730       0.00000       0.00000     0.00000     0.00000     0.00000     0.00000     0.00000       0.00000     0.00000     0.00000     0.00000     0.00000     0.00000
  15   5   1   0     1    1196.2526    1225.3041        0.0000       -1.4059     1.00000            0.78198       0.00000       0.00000     0.00000     0.00000     0.00000     0.00000     0.00000       0.00000     0.00000     0.00000     0.00000     0.00000     0.00000
  13   9   1   0     1      77.6526      61.7835        0.0000        1.3707     1.00000            0.78198       0.00000       0.00000     0.00000     0.00000     0.00000     0.00000     0.00000       0.00000     0.00000     0.00000     0.00000     0.00000     0.00000
  11  11   3   0     1       0.1226       0.1463        0.0000       -0.0051     1.00000            0.78198       0.00000       0.00000     0.00000     0.00000     0.00000     0.00000     0.00000       0.00000     0.00000     0.00000     0.00000     0.00000     0.00000
  11   9   7   0     1      36.2448      31.6270        0.0000        1.2338     1.00000            0.78198       0.00000       0.00000     0.00000     0.00000     0.00000     0.00000     0.00000       0.00000     0.00000     0.00000     0.00000     0.00000     0.00000
  16   0   0   0     1    2281.3191    2659.4226        0.0000       -7.8778     1.00000            0.78973       0.00000       0.00000     0.00000     0.00000     0.00000     0.00000     0.00000       0.00000     0.00000     0.00000     0.00000     0.00000     0.00000
  13   9   3   0     1    1012.6861    1010.7992        0.0000        0.0953     1.00000            0.79435       0.00000       0.00000     0.00000     0.00000     0.00000     0.00000     0.00000       0.00000     0.00000     0.00000     0.00000     0.00000     0.00000
  15   5   3   0     1      73.0685      67.9132        0.0000        0.3652     1.00000            0.79435       0.00000       0.00000     0.00000     0.00000     0.00000     0.00000     0.00000       0.00000     0.00000     0.00000     0.00000     0.00000     0.00000
  12  10   4   0     1       4.7657       0.1036        0.0000        0.6632     1.00000            0.79588       0.00000       0.00000     0.00000     0.00000     0.00000     0.00000     0.00000       0.00000     0.00000     0.00000     0.00000     0.00000     0.00000
  10  10   8   0     1     708.9425     679.5430        0.0000        1.4282     1.00000            0.80198       0.00000       0.00000     0.00000     0.00000     0.00000     0.00000     0.00000       0.00000     0.00000     0.00000     0.00000     0.00000     0.00000
  14   8   2   0     1      66.2456      57.5534        0.0000        1.0809     1.00000            0.80198       0.00000       0.00000     0.00000     0.00000     0.00000     0.00000     0.00000       0.00000     0.00000     0.00000     0.00000     0.00000     0.00000
  16   2   2   0     1     355.8104     337.5931        0.0000        2.0873     1.00000            0.80198       0.00000       0.00000     0.00000     0.00000     0.00000     0.00000     0.00000       0.00000     0.00000     0.00000     0.00000     0.00000     0.00000
  13   7   7   0     1     338.0038     291.4247        0.0000        4.3356     1.00000            0.80652       0.00000       0.00000     0.00000     0.00000     0.00000     0.00000     0.00000       0.00000     0.00000     0.00000     0.00000     0.00000     0.00000
  11  11   5   0     1     460.0088     438.0582        0.0000        1.2149     1.00000            0.80652       0.00000       0.00000     0.00000     0.00000     0.00000     0.00000     0.00000       0.00000     0.00000     0.00000     0.00000     0.00000     0.00000
  14   6   6   0     1     142.0896     146.3167        0.0000       -0.7136     1.00000            0.80803       0.00000       0.00000     0.00000     0.00000     0.00000     0.00000     0.00000       0.00000     0.00000     0.00000     0.00000     0.00000     0.00000
  16   4   0   0     1     484.0079     424.5797        0.0000        4.8692     1.00000            0.81404       0.00000       0.00000     0.00000     0.00000     0.00000     0.00000     0.00000       0.00000     0.00000     0.00000     0.00000     0.00000     0.00000
  15   7   1   0     1     296.3522     289.1006        0.0000        0.9793     1.00000            0.81852       0.00000       0.00000     0.00000     0.00000     0.00000     0.00000     0.00000       0.00000     0.00000     0.00000     0.00000     0.00000     0.00000
  15   5   5   0     1     135.2490     118.0996        0.0000        2.5827     1.00000            0.81852       0.00000       0.00000     0.00000     0.00000     0.00000     0.00000     0.00000       0.00000     0.00000     0.00000     0.00000     0.00000     0.00000
  13   9   5   0     1      67.1565      53.8201        0.0000        2.1412     1.00000            0.81852       0.00000       0.00000     0.00000     0.00000     0.00000     0.00000     0.00000       0.00000     0.00000     0.00000     0.00000     0.00000     0.00000
  16   4   2   0     1       0.4130       0.6634        0.0000       -0.0416     1.00000            0.82000       0.00000       0.00000     0.00000     0.00000     0.00000     0.00000     0.00000       0.00000     0.00000     0.00000     0.00000     0.00000     0.00000
  14   8   4   0     1       0.6195       2.5002        0.0000       -0.3157     1.00000            0.82000       0.00000       0.00000     0.00000     0.00000     0.00000     0.00000     0.00000       0.00000     0.00000     0.00000     0.00000     0.00000     0.00000
  12  10   6   0     1     156.6047     136.1371        0.0000        3.3868     1.00000            0.82592       0.00000       0.00000     0.00000     0.00000     0.00000     0.00000     0.00000       0.00000     0.00000     0.00000     0.00000     0.00000     0.00000
  11   9   9   0     1     406.6829     404.7366        0.0000        0.1782     1.00000            0.83034       0.00000       0.00000     0.00000     0.00000     0.00000     0.00000     0.00000       0.00000     0.00000     0.00000     0.00000     0.00000     0.00000
  15   7   3   0     1      10.0451       7.2648        0.0000        0.2381     1.00000            0.83034       0.00000       0.00000     0.00000     0.00000     0.00000     0.00000     0.00000       0.00000     0.00000     0.00000     0.00000     0.00000     0.00000
  16   4   4   0     1     889.3516     933.3898        0.0000       -1.5725     1.00000            0.83764       0.00000       0.00000     0.00000     0.00000     0.00000     0.00000     0.00000       0.00000     0.00000     0.00000     0.00000     0.00000     0.00000
  12  12   0   0     1      48.4913      49.4583        0.0000       -0.0963     1.00000            0.83764       0.00000       0.00000     0.00000     0.00000     0.00000     0.00000     0.00000       0.00000     0.00000     0.00000     0.00000     0.00000     0.00000
  13  11   1   0     1     515.3911     505.5882        0.0000        0.8089     1.00000            0.84199       0.00000       0.00000     0.00000     0.00000     0.00000     0.00000     0.00000       0.00000     0.00000     0.00000     0.00000     0.00000     0.00000
  11  11   7   0     1     540.7250     506.5275        0.0000        2.7988     1.00000            0.84199       0.00000       0.00000     0.00000     0.00000     0.00000     0.00000     0.00000       0.00000     0.00000     0.00000     0.00000     0.00000     0.00000
  17   1   1   0     1     547.7704     516.2875        0.0000        1.5249     1.00000            0.84199       0.00000       0.00000     0.00000     0.00000     0.00000     0.00000     0.00000       0.00000     0.00000     0.00000     0.00000     0.00000     0.00000
  12  12   2   0     1      26.2629      12.0280        0.0000        1.6431     1.00000            0.84344       0.00000       0.00000     0.00000     0.00000     0.00000     0.00000     0.00000       0.00000     0.00000     0.00000     0.00000     0.00000     0.00000
  14  10   0   0     1    2187.1519    2413.8848        0.0000       -7.5348     1.00000            0.84919       0.00000       0.00000     0.00000     0.00000     0.00000     0.00000     0.00000       0.00000     0.00000     0.00000     0.00000     0.00000     0.00000
  16   6   2   0     1       7.7465       1.9655        0.0000        0.2937     1.00000            0.84919       0.00000       0.00000     0.00000     0.00000     0.00000     0.00000     0.00000       0.00000     0.00000     0.00000     0.00000     0.00000     0.00000
  14   8   6   0     1      64.3002      49.9384        0.0000        1.5262     1.00000            0.84919       0.00000       0.00000     0.00000     0.00000     0.00000     0.00000     0.00000       0.00000     0.00000     0.00000     0.00000     0.00000     0.00000
  13   9   7   0     1      11.6539      10.0621        0.0000        0.1837     1.00000            0.85349       0.00000       0.00000     0.00000     0.00000     0.00000     0.00000     0.00000       0.00000     0.00000     0.00000     0.00000     0.00000     0.00000
  17   3   1   0     1      50.1850      34.6522        0.0000        1.9217     1.00000            0.85349       0.00000       0.00000     0.00000     0.00000     0.00000     0.00000     0.00000       0.00000     0.00000     0.00000     0.00000     0.00000     0.00000
  15   7   5   0     1     374.3065     355.1281        0.0000        2.1848     1.00000            0.85349       0.00000       0.00000     0.00000     0.00000     0.00000     0.00000     0.00000       0.00000     0.00000     0.00000     0.00000     0.00000     0.00000
  13  11   3   0     1      30.6726      13.9159        0.0000        2.0667     1.00000            0.85349       0.00000       0.00000     0.00000     0.00000     0.00000     0.00000     0.00000       0.00000     0.00000     0.00000     0.00000     0.00000     0.00000
  14  10   2   0     1     109.6739     118.4670        0.0000       -1.7376     1.00000            0.85491       0.00000       0.00000     0.00000     0.00000     0.00000     0.00000     0.00000       0.00000     0.00000     0.00000     0.00000     0.00000     0.00000
  10  10  10   0     1     100.7550      88.2876        0.0000        2.2027     1.00000            0.85491       0.00000       0.00000     0.00000     0.00000     0.00000     0.00000     0.00000       0.00000     0.00000     0.00000     0.00000     0.00000     0.00000
  12  12   4   0     1     504.4615     524.9393        0.0000       -1.4264     1.00000            0.86059       0.00000       0.00000     0.00000     0.00000     0.00000     0.00000     0.00000       0.00000     0.00000     0.00000     0.00000     0.00000     0.00000
  17   3   3   0     1    1812.5647    2157.9512        0.0000       -0.9247     1.00000            0.86483       0.00000       0.00000     0.00000     0.00000     0.00000     0.00000     0.00000       0.00000     0.00000     0.00000     0.00000     0.00000     0.00000
  15   9   1   0     1       2.6081       5.2140        0.0000       -0.1403     1.00000            0.86483       0.00000       0.00000     0.00000     0.00000     0.00000     0.00000     0.00000       0.00000     0.00000     0.00000     0.00000     0.00000     0.00000
  12  10   8   0     1      13.5403       4.2524        0.0000        0.9074     1.00000            0.86624       0.00000       0.00000     0.00000     0.00000     0.00000     0.00000     0.00000       0.00000     0.00000     0.00000     0.00000     0.00000     0.00000
  16   6   4   0     1       4.9083       0.8666        0.0000        0.4996     1.00000            0.86624       0.00000       0.00000     0.00000     0.00000     0.00000     0.00000     0.00000       0.00000     0.00000     0.00000     0.00000     0.00000     0.00000
  14  10   4   0     1    1167.5333    1195.2186        0.0000       -1.5997     1.00000            0.87184       0.00000       0.00000     0.00000     0.00000     0.00000     0.00000     0.00000       0.00000     0.00000     0.00000     0.00000     0.00000     0.00000
  13  11   5   0     1     218.7551     232.2722        0.0000       -0.9081     1.00000            0.87602       0.00000       0.00000     0.00000     0.00000     0.00000     0.00000     0.00000       0.00000     0.00000     0.00000     0.00000     0.00000     0.00000
  15   9   3   0     1     267.0351     264.5546        0.0000        0.1603     1.00000            0.87602       0.00000       0.00000     0.00000     0.00000     0.00000     0.00000     0.00000       0.00000     0.00000     0.00000     0.00000     0.00000     0.00000
  17   5   1   0     1     125.0758     117.7501        0.0000        1.3458     1.00000            0.87602       0.00000       0.00000     0.00000     0.00000     0.00000     0.00000     0.00000       0.00000     0.00000     0.00000     0.00000     0.00000     0.00000
  16   8   0   0     1     471.4993     527.5313        0.0000       -1.1231     1.00000            0.88295       0.00000       0.00000     0.00000     0.00000     0.00000     0.00000     0.00000       0.00000     0.00000     0.00000     0.00000     0.00000     0.00000
  15   7   7   0     1     651.6143     626.8080        0.0000        1.6262     1.00000            0.88708       0.00000       0.00000     0.00000     0.00000     0.00000     0.00000     0.00000       0.00000     0.00000     0.00000     0.00000     0.00000     0.00000
  17   5   3   0     1     699.3832     703.2380        0.0000       -0.1942     1.00000            0.88708       0.00000       0.00000     0.00000     0.00000     0.00000     0.00000     0.00000       0.00000     0.00000     0.00000     0.00000     0.00000     0.00000
  11  11   9   0     1     196.8183     199.0089        0.0000       -0.2228     1.00000            0.88708       0.00000       0.00000     0.00000     0.00000     0.00000     0.00000     0.00000       0.00000     0.00000     0.00000     0.00000     0.00000     0.00000
  16   8   2   0     1      17.5671       7.2754        0.0000        1.2003     1.00000            0.88845       0.00000       0.00000     0.00000     0.00000     0.00000     0.00000     0.00000       0.00000     0.00000     0.00000     0.00000     0.00000     0.00000
  14   8   8   0     1       9.3270      13.8361        0.0000       -0.5735     1.00000            0.88845       0.00000       0.00000     0.00000     0.00000     0.00000     0.00000     0.00000       0.00000     0.00000     0.00000     0.00000     0.00000     0.00000
  12  12   6   0     1       6.8138       0.0473        0.0000        0.7428     1.00000            0.88845       0.00000       0.00000     0.00000     0.00000     0.00000     0.00000     0.00000       0.00000     0.00000     0.00000     0.00000     0.00000     0.00000
  16   6   6   0     1     200.7956     185.6477        0.0000        1.9223     1.00000            0.89392       0.00000       0.00000     0.00000     0.00000     0.00000     0.00000     0.00000       0.00000     0.00000     0.00000     0.00000     0.00000     0.00000
  18   2   0   0     1      24.2069       7.5834        0.0000        1.6106     1.00000            0.89392       0.00000       0.00000     0.00000     0.00000     0.00000     0.00000     0.00000       0.00000     0.00000     0.00000     0.00000     0.00000     0.00000
  15   9   5   0     1    1035.1714    1177.2013        0.0000       -0.8892     1.00000            0.89800       0.00000       0.00000     0.00000     0.00000     0.00000     0.00000     0.00000       0.00000     0.00000     0.00000     0.00000     0.00000     0.00000
  13   9   9   0     1     118.5448     100.4033        0.0000        1.1738     1.00000            0.89800       0.00000       0.00000     0.00000     0.00000     0.00000     0.00000     0.00000       0.00000     0.00000     0.00000     0.00000     0.00000     0.00000
  14  10   6   0     1      69.1974      71.2573        0.0000       -0.2813     1.00000            0.89935       0.00000       0.00000     0.00000     0.00000     0.00000     0.00000     0.00000       0.00000     0.00000     0.00000     0.00000     0.00000     0.00000
  18   2   2   0     1      70.0710      82.1123        0.0000       -1.0272     1.00000            0.89935       0.00000       0.00000     0.00000     0.00000     0.00000     0.00000     0.00000       0.00000     0.00000     0.00000     0.00000     0.00000     0.00000
  16   8   4   0     1      34.1798      38.1493        0.0000       -0.4928     1.00000            0.90475       0.00000       0.00000     0.00000     0.00000     0.00000     0.00000     0.00000       0.00000     0.00000     0.00000     0.00000     0.00000     0.00000
  17   7   1   0     1    1108.8405    1183.8818        0.0000       -1.4553     1.00000            0.90878       0.00000       0.00000     0.00000     0.00000     0.00000     0.00000     0.00000       0.00000     0.00000     0.00000     0.00000     0.00000     0.00000
  17   5   5   0     1      39.7098      25.1513        0.0000        0.9515     1.00000            0.90878       0.00000       0.00000     0.00000     0.00000     0.00000     0.00000     0.00000       0.00000     0.00000     0.00000     0.00000     0.00000     0.00000
  13  11   7   0     1    1245.7976    1333.4946        0.0000       -5.0675     1.00000            0.90878       0.00000       0.00000     0.00000     0.00000     0.00000     0.00000     0.00000       0.00000     0.00000     0.00000     0.00000     0.00000     0.00000
  13  13   1   0     1     790.6947     791.0835        0.0000       -0.0231     1.00000            0.90878       0.00000       0.00000     0.00000     0.00000     0.00000     0.00000     0.00000       0.00000     0.00000     0.00000     0.00000     0.00000     0.00000
  14  12   2   0     1     121.2231     113.2439        0.0000        0.9119     1.00000            0.91546       0.00000       0.00000     0.00000     0.00000     0.00000     0.00000     0.00000       0.00000     0.00000     0.00000     0.00000     0.00000     0.00000
  18   4   2   0     1      46.5794      32.6019        0.0000        1.4112     1.00000            0.91546       0.00000       0.00000     0.00000     0.00000     0.00000     0.00000     0.00000       0.00000     0.00000     0.00000     0.00000     0.00000     0.00000
  12  10  10   0     1     632.8853     639.5851        0.0000       -0.3219     1.00000            0.91546       0.00000       0.00000     0.00000     0.00000     0.00000     0.00000     0.00000       0.00000     0.00000     0.00000     0.00000     0.00000     0.00000
  13  13   3   0     1     252.1584     244.1291        0.0000        0.8576     1.00000            0.91944       0.00000       0.00000     0.00000     0.00000     0.00000     0.00000     0.00000       0.00000     0.00000     0.00000     0.00000     0.00000     0.00000
  17   7   3   0     1     321.9037     289.9277        0.0000        2.3150     1.00000            0.91944       0.00000       0.00000     0.00000     0.00000     0.00000     0.00000     0.00000       0.00000     0.00000     0.00000     0.00000     0.00000     0.00000
  15  11   1   0     1     340.2429     335.3903        0.0000        0.4326     1.00000            0.91944       0.00000       0.00000     0.00000     0.00000     0.00000     0.00000     0.00000       0.00000     0.00000     0.00000     0.00000     0.00000     0.00000
  12  12   8   0     1     408.8684     363.3996        0.0000        3.0265     1.00000            0.92604       0.00000       0.00000     0.00000     0.00000     0.00000     0.00000     0.00000       0.00000     0.00000     0.00000     0.00000     0.00000     0.00000
  15  11   3   0     1     230.5712     221.2976        0.0000        1.1360     1.00000            0.92998       0.00000       0.00000     0.00000     0.00000     0.00000     0.00000     0.00000       0.00000     0.00000     0.00000     0.00000     0.00000     0.00000
  15   9   7   0     1     211.3878     228.3190        0.0000       -2.0877     1.00000            0.92998       0.00000       0.00000     0.00000     0.00000     0.00000     0.00000     0.00000       0.00000     0.00000     0.00000     0.00000     0.00000     0.00000
  16   8   6   0     1       0.9510       0.4341        0.0000        0.0551     1.00000            0.93129       0.00000       0.00000     0.00000     0.00000     0.00000     0.00000     0.00000       0.00000     0.00000     0.00000     0.00000     0.00000     0.00000
  14  12   4   0     1       3.2415       8.7314        0.0000       -0.6460     1.00000            0.93129       0.00000       0.00000     0.00000     0.00000     0.00000     0.00000     0.00000       0.00000     0.00000     0.00000     0.00000     0.00000     0.00000
  18   4   4   0     1      11.4682       2.1585        0.0000        1.0287     1.00000            0.93129       0.00000       0.00000     0.00000     0.00000     0.00000     0.00000     0.00000       0.00000     0.00000     0.00000     0.00000     0.00000     0.00000
  14  10   8   0     1     478.7053     460.1086        0.0000        1.4669     1.00000            0.93651       0.00000       0.00000     0.00000     0.00000     0.00000     0.00000     0.00000       0.00000     0.00000     0.00000     0.00000     0.00000     0.00000
  18   6   0   0     1     386.9393     409.2355        0.0000       -2.2405     1.00000            0.93651       0.00000       0.00000     0.00000     0.00000     0.00000     0.00000     0.00000       0.00000     0.00000     0.00000     0.00000     0.00000     0.00000
  16  10   2   0     1      96.3516      86.1766        0.0000        1.5713     1.00000            0.93651       0.00000       0.00000     0.00000     0.00000     0.00000     0.00000     0.00000       0.00000     0.00000     0.00000     0.00000     0.00000     0.00000
  17   7   5   0     1       9.6315       1.6068        0.0000        0.7465     1.00000            0.94040       0.00000       0.00000     0.00000     0.00000     0.00000     0.00000     0.00000       0.00000     0.00000     0.00000     0.00000     0.00000     0.00000
  19   1   1   0     1     376.4738     397.3083        0.0000       -1.8577     1.00000            0.94040       0.00000       0.00000     0.00000     0.00000     0.00000     0.00000     0.00000       0.00000     0.00000     0.00000     0.00000     0.00000     0.00000
  13  13   5   0     1      10.4966       8.9302        0.0000        0.1542     1.00000            0.94040       0.00000       0.00000     0.00000     0.00000     0.00000     0.00000     0.00000       0.00000     0.00000     0.00000     0.00000     0.00000     0.00000
  11  11  11   0     1     112.0977      94.6713        0.0000        2.6107     1.00000            0.94040       0.00000       0.00000     0.00000     0.00000     0.00000     0.00000     0.00000       0.00000     0.00000     0.00000     0.00000     0.00000     0.00000
  18   6   2   0     1      85.2351     107.1627        0.0000       -1.5416     1.00000            0.94170       0.00000       0.00000     0.00000     0.00000     0.00000     0.00000     0.00000       0.00000     0.00000     0.00000     0.00000     0.00000     0.00000
  19   3   1   0     1     305.3999     326.5625        0.0000       -1.9493     1.00000            0.95071       0.00000       0.00000     0.00000     0.00000     0.00000     0.00000     0.00000       0.00000     0.00000     0.00000     0.00000     0.00000     0.00000
  17   9   1   0     1     359.4543     362.8778        0.0000       -0.2975     1.00000            0.95071       0.00000       0.00000     0.00000     0.00000     0.00000     0.00000     0.00000       0.00000     0.00000     0.00000     0.00000     0.00000     0.00000
  13  11   9   0     1     427.5390     454.8293        0.0000       -2.4193     1.00000            0.95071       0.00000       0.00000     0.00000     0.00000     0.00000     0.00000     0.00000       0.00000     0.00000     0.00000     0.00000     0.00000     0.00000
  15  11   5   0     1       4.1747       1.5115        0.0000        0.3971     1.00000            0.95071       0.00000       0.00000     0.00000     0.00000     0.00000     0.00000     0.00000       0.00000     0.00000     0.00000     0.00000     0.00000     0.00000
  16  10   4   0     1       5.4459       4.9613        0.0000        0.0459     1.00000            0.95199       0.00000       0.00000     0.00000     0.00000     0.00000     0.00000     0.00000       0.00000     0.00000     0.00000     0.00000     0.00000     0.00000
  18   6   4   0     1      59.6674      59.0251        0.0000        0.0705     1.00000            0.95709       0.00000       0.00000     0.00000     0.00000     0.00000     0.00000     0.00000       0.00000     0.00000     0.00000     0.00000     0.00000     0.00000
  14  12   6   0     1      43.3857      46.8267        0.0000       -0.3737     1.00000            0.95709       0.00000       0.00000     0.00000     0.00000     0.00000     0.00000     0.00000       0.00000     0.00000     0.00000     0.00000     0.00000     0.00000
  19   3   3   0     1      23.8039      26.8524        0.0000       -0.3318     1.00000            0.96090       0.00000       0.00000     0.00000     0.00000     0.00000     0.00000     0.00000       0.00000     0.00000     0.00000     0.00000     0.00000     0.00000
  17   9   3   0     1      48.7587      43.2590        0.0000        0.7112     1.00000            0.96090       0.00000       0.00000     0.00000     0.00000     0.00000     0.00000     0.00000       0.00000     0.00000     0.00000     0.00000     0.00000     0.00000
  16   8   8   0     1      29.3063      10.2214        0.0000        1.5081     1.00000            0.96722       0.00000       0.00000     0.00000     0.00000     0.00000     0.00000     0.00000       0.00000     0.00000     0.00000     0.00000     0.00000     0.00000
  17   7   7   0     1    1601.5154    2313.8618        0.0000       -1.1327     1.00000            0.97099       0.00000       0.00000     0.00000     0.00000     0.00000     0.00000     0.00000       0.00000     0.00000     0.00000     0.00000     0.00000     0.00000
  13  13   7   0     1    1176.0896    1659.6066        0.0000       -1.1662     1.00000            0.97099       0.00000       0.00000     0.00000     0.00000     0.00000     0.00000     0.00000       0.00000     0.00000     0.00000     0.00000     0.00000     0.00000
  19   5   1   0     1       0.8334       0.0275        0.0000        0.0395     1.00000            0.97099       0.00000       0.00000     0.00000     0.00000     0.00000     0.00000     0.00000       0.00000     0.00000     0.00000     0.00000     0.00000     0.00000
  15   9   9   0     1      10.9864      13.9028        0.0000       -0.3616     1.00000            0.97099       0.00000       0.00000     0.00000     0.00000     0.00000     0.00000     0.00000       0.00000     0.00000     0.00000     0.00000     0.00000     0.00000
  12  12  10   0     1      14.4074      13.0160        0.0000        0.1223     1.00000            0.97225       0.00000       0.00000     0.00000     0.00000     0.00000     0.00000     0.00000       0.00000     0.00000     0.00000     0.00000     0.00000     0.00000

     -----------------------------------------------------
     R-Factors and Chi2 for Integrated Intensity Pattern #  1
     -----------------------------------------------------
 => Phase:  1
 =>    RF2 -factor :   11.3    
 =>    RF2w-factor :   11.7    
 =>    RF  -factor :   6.61    
 =>    Chi2(Intens):   21.0    
 =>  N_eff Reflect.:    220 with I >  0.00 sigma

     -----------------------------------------------------------------
      SYMBOLIC NAMES AND FINAL VALUES AND SIGMA OF REFINED PARAMETERS:
     -----------------------------------------------------------------


 ------------------------------------------------------------------
 => Number of bytes for floating point variables: 4
 => Dimensions of dynamic allocated arrays in this run of FullProf:
 ------------------------------------------------------------------

 => Total approximate array memory (dynamic + static): 132451053 bytes

    MaxPOINT=    80000 Max.num. of points(+int. Inten.)/diffraction pattern       
    MaxREFLT=    25000 Max.num. of reflections/diffraction pattern               
    MaxPARAM=      500 Max.num. of refinable parameters                          
    MaxOVERL=     9000 Max.num. of overlapping reflections                       

 ----------------------------------------------------------
 => Number of bytes for floating point arrays: 4
 => Dimensions of fixed arrays in this release of FullProf:
 ----------------------------------------------------------

    NPATT   =       80 Max.num. of powder diffraction patterns                    
    NATS    =      830 Max.num. of atoms (all kind) in asymmetric unit            
    MPAR    =     1800 Max.num. of non atomic parameters/phase                    
    IEXCL   =       30 Max.num. of excluded regions                               
    IBACP   =      377 Max.num. of background points for interpolation            
    NPHT    =       16 Max.num. of phases                                         
    NMAGM   =        8 Max.num. of rotation-matrices sets for magnetic structure  
    NBASIS  =       12 Max.num. of basis functions associated to a single atom    
    NIREPS  =        9 Max.num. of irreducible representations to be combined     
    N_EQ    =      384 Max.num. of user-supplied symmetry operators/propagation vectors
    NGL     =      400 Max.num. of global parameters/diffraction pattern          
    N_LINC  =       50 Max.num. of global linear restraints                        
    NAT_P   =       80 Max.num. of atomic parameters per atom                     
    NCONST  =     3500 Max.num. of slack constraints per phase                    
    N_SPE   =       30 Max.num. of different chemical species                     
    N_FORM  =       60 Max.num. of scattering factor values in a table            
    NPR     =      150 Max.num. of points defining a numerical profile            
    INPR    =       25 Max.num. of different numerical peak shapes                
    NPRC    =      150 Max.num. of terms in the table for correcting intensities  
    NSOL    =       10 Max.num. of solutions to be stored in Montecarlo searchs   

 
              CPU Time:     0.094 seconds
                            0.002 minutes

 => Run finished at:     Date: 01/07/2026  Time: 21:31:56.224                              
