

        **********************************************************
        ** PROGRAM FullProf.2k (Version 7.95 - Jan2023-ILL JRC) **
        **********************************************************
                       M U L T I -- P A T T E R N                 
            Rietveld, Profile Matching & Integrated Intensity     
                 Refinement of X-ray and/or Neutron Data


    Date: 08/06/2026  Time: 14:28:36.829                              

 => PCR file code: arg_si
 => DAT file code: arg_si.dat           -> Relative contribution: 1.0000                                                            

 ==> CONDITIONS OF THIS RUN FOR PATTERN No.:  1

 => Global Refinement of neutron powder data                                                                                        
 => Neutron Time-Of-Flight data                                                                                                     
 => Abcisa variable is T.O.F. in microsecs
 => Title:  Backscattering Bank (2theta= 144.845)  Si- Argonne

 => Number of phases:    1
 => Number of excluded regions:    2
 => Number of scattering factors supplied:    0
 => Conventional weights: w=1.0/Variance(yobs)
 => Asymmetry correction as in J.Appl.Cryst. 26,128(1993)
 => Background adjusted by 12/18-terms cosine Fourier series 
 => The    9th default profile function was selected
 => T.O.F Profile Function #1 
    Decay double Exponential convoluted with pseudo-Voigt:
    Omega(DT) = (1-eta)N {Exp(u).Erfc(y)+ Exp(v).Erfc(z)} +  
                2N eta/pi{-Im[Exp(p)E1(p)]-Im[Exp(q)E1(q)]}  

 ==> INPUT/OUTPUT OPTIONS:

 => Output Obs and Calc intensities on last cycle
 => Generate file *.PRF for plot
 => Output Integrated Intensities
 => Generate new input file *.PCR

 => Data read from GSAS file for pattern:  1
 => Plot pattern at each cycle
 => Absorption correction type: 2
 => Base of peaks: 2.0*HW*   30.00

 => Number of cycles:   50
 => Relaxation factors ==>    for coordinates:  0.02
 => for anisotropic temperature factors:  0.02
 => for halfwidth/strain/size parameters:  0.02
 => for lattice constants and propagation vectors:  0.02
 => EPS-value for convergence:    0.1

 => Excluded regions for Pattern#  1
    From     to
   1000.1000   2000.0000
  29999.0000  40000.0000

 => Number of Least-Squares parameters varied:    16

 =>--------------------------->
 =>------->  PATTERN number:  1
 =>--------------------------->
 => Global parameters and codes ==>
 => Zero-point:    -8.5723  101.0000
 => Background parameters and codes for cosine Fourier series ==>
  154.32      1.3400      37.000      12.332      17.706      4.7850    
       21.00       31.00       41.00       61.00       71.00       81.00
  6.8080      0.0000      0.0000      0.0000      0.0000      0.0000    
       91.00        0.00        0.00        0.00        0.00        0.00
  0.0000      0.0000      0.0000      0.0000      0.0000      0.0000    
        0.00        0.00        0.00        0.00        0.00        0.00
 => D-spacing to T.O.F. coefficient dtt1 and code:   7476.910     0.000
 => D-spacing to T.O.F. coefficient dtt2 and code:     -1.540     0.000
 => D-spacing to T.O.F. coefficient dtt_1OverD and code:      0.000     0.000
 => T.O.F. 2theta average detector angle      :    144.845

 => Reading Intensity data  =>>


 => Heading of GSAS file:
     Si Std                                                                         
    BANK 1  5600 1400 CONST   2000.     5.     0.     0. ALT                        
 => Number of items read in BANK line:  9
 -> IBANK,NCHAN,NREC:     1 5600 1400
 -> BINTYP          : CONST   
 -> COEFFS          :       2000.000         5.000         0.000         0.000
 -> DATTYP          : ALT     
 ==> T.O.F. range, and number of points:
    TOFmin:    2000.000000  TOFmax:   29995.000000
    No. of points:   5600
 --------------------------------------------------------------------------------
 => Phase  No. 1
      Standard-Si                                                           
 --------------------------------------------------------------------------------
 =>-------> Pattern#  1
 => Crystal Structure Refinement
 => Preferred orientation vector:   0.0000  0.0000  1.0000

 =>-------> Data for PHASE: 1
 => Number of atoms:    1
 => Number of distance  constraints:    0
 => Number of angle     constraints:    0

 => Symmetry information on space group: F d -3 m            
 -> The multiplicity of the general position is: 192
 -> The space group is Centric (-1 at origin)   
 -> Lattice type  F: { 000;  0  1/2 1/2; 1/2  0  1/2; 1/2 1/2  0 }+
 -> Reduced set of symmetry operators:

  No.  IT   Symmetry symbol    Rotation part     Associated Translation
   1: ( 1)   1            -->     ( x, y, z) + {  0.0000  0.0000  0.0000}
   2: ( 4)   2 ( x, 0, 0) -->     ( x,-y,-z) + {  0.0000  0.2500  0.2500}
   3: ( 3)   2 ( 0, y, 0) -->     (-x, y,-z) + {  0.2500  0.0000  0.2500}
   4: ( 2)   2 ( 0, 0, z) -->     (-x,-y, z) + {  0.2500  0.2500  0.0000}
   5: ( 9)  3- ( x, x, x) -->     ( y, z, x) + {  0.0000  0.0000  0.0000}
   6: (12)  3- (-x, x,-x) -->     (-y,-z, x) + {  0.2500  0.2500  0.0000}
   7: (11)  3- (-x,-x, x) -->     ( y,-z,-x) + {  0.0000  0.2500  0.2500}
   8: (10)  3- ( x,-x,-x) -->     (-y, z,-x) + {  0.2500  0.0000  0.2500}
   9: ( 5)  3+ ( x, x, x) -->     ( z, x, y) + {  0.0000  0.0000  0.0000}
  10: ( 8)  3+ (-x,-x, x) -->     (-z, x,-y) + {  0.2500  0.0000  0.2500}
  11: ( 7)  3+ ( x,-x,-x) -->     (-z,-x, y) + {  0.2500  0.2500  0.0000}
  12: ( 6)  3+ (-x, x,-x) -->     ( z,-x,-y) + {  0.0000  0.2500  0.2500}
  13: (14)   2 ( x,-x, 0) -->     (-y,-x,-z) + {  0.0000  0.0000  0.0000}
  14: (15)  4- ( 0, 0, z) -->     ( y,-x, z) + {  0.7500  0.0000  0.7500}
  15: (16)  4+ ( 0, 0, z) -->     (-y, x, z) + {  0.0000  0.7500  0.7500}
  16: (13)   2 ( x, x, 0) -->     ( y, x,-z) + {  0.7500  0.7500  0.0000}
  17: (24)   2 (-x, 0, x) -->     (-z,-y,-x) + {  0.0000  0.0000  0.0000}
  18: (21)  4+ ( 0, y, 0) -->     ( z, y,-x) + {  0.7500  0.7500  0.0000}
  19: (22)   2 ( x, 0, x) -->     ( z,-y, x) + {  0.7500  0.0000  0.7500}
  20: (23)  4- ( 0, y, 0) -->     (-z, y, x) + {  0.0000  0.7500  0.7500}
  21: (19)   2 ( 0, y,-y) -->     (-x,-z,-y) + {  0.0000  0.0000  0.0000}
  22: (18)   2 ( 0, y, y) -->     (-x, z, y) + {  0.0000  0.7500  0.7500}
  23: (17)  4- ( x, 0, 0) -->     ( x, z,-y) + {  0.7500  0.7500  0.0000}
  24: (20)  4+ ( x, 0, 0) -->     ( x,-z, y) + {  0.7500  0.0000  0.7500}


        Information on Space Group: 
        --------------------------- 

 =>   Number of Space group: 227
 =>  Hermann-Mauguin Symbol: F d -3 m
 =>             Hall Symbol: -F 4vw 2vw 3
 =>            Setting Type: IT (Generated from Hermann-Mauguin symbol)
 =>          Crystal System: Cubic
 =>              Laue Class: m-3m
 =>             Point Group: m-3m
 =>         Bravais Lattice: F
 =>          Lattice Symbol: cF
 =>  Reduced Number of S.O.:  24
 =>    General multiplicity: 192
 =>          Centrosymmetry: Centric (-1 at origin)
 =>  Generators (exc. -1&L):   3
 =>         Asymmetric unit: -0.125 <= x <=  0.375
                             -0.125 <= y <=  0.000
                             -0.250 <= z <=  0.000
 => Centring vectors:  3
 => Latt( 1): (1/2,1/2,0)                          => Latt( 2): (1/2,0,1/2)                         
 => Latt( 3): (0,1/2,1/2)                                                                           

 => List of all Symmetry Operators and Symmetry Symbols

 => SYMM(  1): x,y,z                             Symbol: 1
 => SYMM(  2): x,-y+1/4,-z+1/4                   Symbol: 2 x,1/8,1/8
 => SYMM(  3): -x+1/4,y,-z+1/4                   Symbol: 2 1/8,y,1/8
 => SYMM(  4): -x+1/4,-y+1/4,z                   Symbol: 2 1/8,1/8,z
 => SYMM(  5): y,z,x                             Symbol: 3- x,x,x
 => SYMM(  6): -y+1/4,-z+1/4,x                   Symbol: 3+ x,-x+1/4,x
 => SYMM(  7): y,-z+1/4,-x+1/4                   Symbol: 3+ x,x,-x+1/4
 => SYMM(  8): -y+1/4,z,-x+1/4                   Symbol: 3- x,-x+1/4,-x+1/4
 => SYMM(  9): z,x,y                             Symbol: 3+ x,x,x
 => SYMM( 10): -z+1/4,x,-y+1/4                   Symbol: 3- x,x,-x+1/4
 => SYMM( 11): -z+1/4,-x+1/4,y                   Symbol: 3+ x,-x+1/4,-x+1/4
 => SYMM( 12): z,-x+1/4,-y+1/4                   Symbol: 3- x,-x+1/4,x
 => SYMM( 13): y,x,z                             Symbol: m x,x,z
 => SYMM( 14): -y+1/4,x,-z+1/4                   Symbol: -4- 1/8,1/8,z; 1/8,1/8,1/8
 => SYMM( 15): y,-x+1/4,-z+1/4                   Symbol: -4+ 1/8,1/8,z; 1/8,1/8,1/8
 => SYMM( 16): -y+1/4,-x+1/4,z                   Symbol: m x,-x+1/4,z
 => SYMM( 17): z,y,x                             Symbol: m x,y,x
 => SYMM( 18): -z+1/4,-y+1/4,x                   Symbol: -4+ 1/8,y,1/8; 1/8,1/8,1/8
 => SYMM( 19): -z+1/4,y,-x+1/4                   Symbol: m x,y,-x+1/4
 => SYMM( 20): z,-y+1/4,-x+1/4                   Symbol: -4- 1/8,y,1/8; 1/8,1/8,1/8
 => SYMM( 21): x,z,y                             Symbol: m x,y,y
 => SYMM( 22): x,-z+1/4,-y+1/4                   Symbol: m x,y,-y+1/4
 => SYMM( 23): -x+1/4,-z+1/4,y                   Symbol: -4- x,1/8,1/8; 1/8,1/8,1/8
 => SYMM( 24): -x+1/4,z,-y+1/4                   Symbol: -4+ x,1/8,1/8; 1/8,1/8,1/8
 => SYMM( 25): -x,-y,-z                          Symbol: -1 0,0,0
 => SYMM( 26): -x,y+3/4,z+3/4                    Symbol: g (0,3/4,3/4) 0,y,z
 => SYMM( 27): x+3/4,-y,z+3/4                    Symbol: g (3/4,0,3/4) x,0,z
 => SYMM( 28): x+3/4,y+3/4,-z                    Symbol: g (3/4,3/4,0) x,y,0
 => SYMM( 29): -y,-z,-x                          Symbol: -3- x,x,x; 0,0,0
 => SYMM( 30): y+3/4,z+3/4,-x                    Symbol: -3+ x,-x+3/4,x-3/2; 3/4,0,-3/4
 => SYMM( 31): -y,z+3/4,x+3/4                    Symbol: -3+ x,x+3/2,-x-3/4; -3/4,3/4,0
 => SYMM( 32): y+3/4,-z,x+3/4                    Symbol: -3- x,-x-3/4,-x+3/4; 0,-3/4,3/4
 => SYMM( 33): -z,-x,-y                          Symbol: -3+ x,x,x; 0,0,0
 => SYMM( 34): z+3/4,-x,y+3/4                    Symbol: -3- x,x-3/2,-x+3/4; 3/4,-3/4,0
 => SYMM( 35): z+3/4,x+3/4,-y                    Symbol: -3+ x,-x+3/4,-x-3/4; 0,3/4,-3/4
 => SYMM( 36): -z,x+3/4,y+3/4                    Symbol: -3- x,-x-3/4,x+3/2; -3/4,0,3/4
 => SYMM( 37): -y,-x,-z                          Symbol: 2 x,-x,0
 => SYMM( 38): y+3/4,-x,z+3/4                    Symbol: 4- (0,0,3/4) 3/8,-3/8,z
 => SYMM( 39): -y,x+3/4,z+3/4                    Symbol: 4+ (0,0,3/4) -3/8,3/8,z
 => SYMM( 40): y+3/4,x+3/4,-z                    Symbol: 2 (3/4,3/4,0) x,x,0
 => SYMM( 41): -z,-y,-x                          Symbol: 2 x,0,-x
 => SYMM( 42): z+3/4,y+3/4,-x                    Symbol: 4+ (0,3/4,0) 3/8,y,-3/8
 => SYMM( 43): z+3/4,-y,x+3/4                    Symbol: 2 (3/4,0,3/4) x,0,x
 => SYMM( 44): -z,y+3/4,x+3/4                    Symbol: 4- (0,3/4,0) -3/8,y,3/8
 => SYMM( 45): -x,-z,-y                          Symbol: 2 0,y,-y
 => SYMM( 46): -x,z+3/4,y+3/4                    Symbol: 2 (0,3/4,3/4) 0,y,y
 => SYMM( 47): x+3/4,z+3/4,-y                    Symbol: 4- (3/4,0,0) x,3/8,-3/8
 => SYMM( 48): x+3/4,-z,y+3/4                    Symbol: 4+ (3/4,0,0) x,-3/8,3/8
 => SYMM( 49): x+1/2,y+1/2,z                     Symbol: t (1/2,1/2,0)
 => SYMM( 50): x+1/2,-y+3/4,-z+1/4               Symbol: 2 (1/2,0,0) x,3/8,1/8
 => SYMM( 51): -x+3/4,y+1/2,-z+1/4               Symbol: 2 (0,1/2,0) 3/8,y,1/8
 => SYMM( 52): -x+3/4,-y+3/4,z                   Symbol: 2 3/8,3/8,z
 => SYMM( 53): y+1/2,z+1/2,x                     Symbol: 3- (1/3,1/3,1/3) x,x-1/6,x-1/3
 => SYMM( 54): -y+3/4,-z+3/4,x                   Symbol: 3+ x,-x+3/4,x
 => SYMM( 55): y+1/2,-z+3/4,-x+1/4               Symbol: 3+ (1/3,1/3,-1/3) x,x-1/6,-x+7/12
 => SYMM( 56): -y+3/4,z+1/2,-x+1/4               Symbol: 3- x,-x+3/4,-x+1/4
 => SYMM( 57): z+1/2,x+1/2,y                     Symbol: 3+ (1/3,1/3,1/3) x,x+1/6,x-1/6
 => SYMM( 58): -z+3/4,x+1/2,-y+1/4               Symbol: 3- (1/3,1/3,-1/3) x,x+1/6,-x+5/12
 => SYMM( 59): -z+3/4,-x+3/4,y                   Symbol: 3+ x,-x+3/4,-x+3/4
 => SYMM( 60): z+1/2,-x+3/4,-y+1/4               Symbol: 3- x,-x+3/4,x-1/2
 => SYMM( 61): y+1/2,x+1/2,z                     Symbol: n (1/2,1/2,0) x,x,z
 => SYMM( 62): -y+3/4,x+1/2,-z+1/4               Symbol: -4- 1/8,5/8,z; 1/8,5/8,1/8
 => SYMM( 63): y+1/2,-x+3/4,-z+1/4               Symbol: -4+ 5/8,1/8,z; 5/8,1/8,1/8
 => SYMM( 64): -y+3/4,-x+3/4,z                   Symbol: m x,-x+3/4,z
 => SYMM( 65): z+1/2,y+1/2,x                     Symbol: g (1/4,1/2,1/4) x,y,x-1/4
 => SYMM( 66): -z+3/4,-y+3/4,x                   Symbol: -4+ 3/8,y,3/8; 3/8,3/8,3/8
 => SYMM( 67): -z+3/4,y+1/2,-x+1/4               Symbol: g (1/4,1/2,-1/4) x,y,-x+1/2
 => SYMM( 68): z+1/2,-y+3/4,-x+1/4               Symbol: -4- 3/8,y,-1/8; 3/8,3/8,-1/8
 => SYMM( 69): x+1/2,z+1/2,y                     Symbol: g (1/2,1/4,1/4) x,y,y-1/4
 => SYMM( 70): x+1/2,-z+3/4,-y+1/4               Symbol: g (1/2,1/4,-1/4) x,y,-y+1/2
 => SYMM( 71): -x+3/4,-z+3/4,y                   Symbol: -4- x,3/8,3/8; 3/8,3/8,3/8
 => SYMM( 72): -x+3/4,z+1/2,-y+1/4               Symbol: -4+ x,3/8,-1/8; 3/8,3/8,-1/8
 => SYMM( 73): -x+1/2,-y+1/2,-z                  Symbol: -1 1/4,1/4,0
 => SYMM( 74): -x+1/2,y+1/4,z+3/4                Symbol: d (0,1/4,3/4) 1/4,y,z
 => SYMM( 75): x+1/4,-y+1/2,z+3/4                Symbol: g (1/4,0,3/4) x,1/4,z
 => SYMM( 76): x+1/4,y+1/4,-z                    Symbol: d (1/4,1/4,0) x,y,0
 => SYMM( 77): -y+1/2,-z+1/2,-x                  Symbol: -3- x,x+1/2,x; 0,1/2,0
 => SYMM( 78): y+1/4,z+1/4,-x                    Symbol: -3+ x,-x+1/4,x-1/2; 1/4,0,-1/4
 => SYMM( 79): -y+1/2,z+1/4,x+3/4                Symbol: -3+ x,x+1,-x+1/4; -1/4,3/4,1/2
 => SYMM( 80): y+1/4,-z+1/2,x+3/4                Symbol: -3- x,-x-1/4,-x+3/4; 0,-1/4,3/4
 => SYMM( 81): -z+1/2,-x+1/2,-y                  Symbol: -3+ x,x-1/2,x-1/2; 1/2,0,0
 => SYMM( 82): z+1/4,-x+1/2,y+3/4                Symbol: -3- x,x-1,-x+5/4; 3/4,-1/4,1/2
 => SYMM( 83): z+1/4,x+1/4,-y                    Symbol: -3+ x,-x+1/4,-x-1/4; 0,1/4,-1/4
 => SYMM( 84): -z+1/2,x+1/4,y+3/4                Symbol: -3- x,-x-1/4,x+1; -1/4,0,3/4
 => SYMM( 85): -y+1/2,-x+1/2,-z                  Symbol: 2 x,-x+1/2,0
 => SYMM( 86): y+1/4,-x+1/2,z+3/4                Symbol: 4- (0,0,3/4) 3/8,1/8,z
 => SYMM( 87): -y+1/2,x+1/4,z+3/4                Symbol: 4+ (0,0,3/4) 1/8,3/8,z
 => SYMM( 88): y+1/4,x+1/4,-z                    Symbol: 2 (1/4,1/4,0) x,x,0
 => SYMM( 89): -z+1/2,-y+1/2,-x                  Symbol: 2 (1/4,0,-1/4) x,1/4,-x+1/4
 => SYMM( 90): z+1/4,y+1/4,-x                    Symbol: 4+ (0,1/4,0) 1/8,y,-1/8
 => SYMM( 91): z+1/4,-y+1/2,x+3/4                Symbol: 2 (1/2,0,1/2) x,1/4,x+1/4
 => SYMM( 92): -z+1/2,y+1/4,x+3/4                Symbol: 4- (0,1/4,0) -1/8,y,5/8
 => SYMM( 93): -x+1/2,-z+1/2,-y                  Symbol: 2 (0,1/4,-1/4) 1/4,y,-y+1/4
 => SYMM( 94): -x+1/2,z+1/4,y+3/4                Symbol: 2 (0,1/2,1/2) 1/4,y,y+1/4
 => SYMM( 95): x+1/4,z+1/4,-y                    Symbol: 4- (1/4,0,0) x,1/8,-1/8
 => SYMM( 96): x+1/4,-z+1/2,y+3/4                Symbol: 4+ (1/4,0,0) x,-1/8,5/8
 => SYMM( 97): x+1/2,y,z+1/2                     Symbol: t (1/2,0,1/2)
 => SYMM( 98): x+1/2,-y+1/4,-z+3/4               Symbol: 2 (1/2,0,0) x,1/8,3/8
 => SYMM( 99): -x+3/4,y,-z+3/4                   Symbol: 2 3/8,y,3/8
 => SYMM(100): -x+3/4,-y+1/4,z+1/2               Symbol: 2 (0,0,1/2) 3/8,1/8,z
 => SYMM(101): y+1/2,z,x+1/2                     Symbol: 3- (1/3,1/3,1/3) x,x-1/6,x+1/6
 => SYMM(102): -y+3/4,-z+1/4,x+1/2               Symbol: 3+ (1/3,-1/3,1/3) x,-x+5/12,x+1/6
 => SYMM(103): y+1/2,-z+1/4,-x+3/4               Symbol: 3+ x,x-1/2,-x+3/4
 => SYMM(104): -y+3/4,z,-x+3/4                   Symbol: 3- x,-x+3/4,-x+3/4
 => SYMM(105): z+1/2,x,y+1/2                     Symbol: 3+ (1/3,1/3,1/3) x,x-1/3,x-1/6
 => SYMM(106): -z+3/4,x,-y+3/4                   Symbol: 3- x,x,-x+3/4
 => SYMM(107): -z+3/4,-x+1/4,y+1/2               Symbol: 3+ x,-x+1/4,-x+3/4
 => SYMM(108): z+1/2,-x+1/4,-y+3/4               Symbol: 3- (1/3,-1/3,1/3) x,-x+7/12,x-1/6
 => SYMM(109): y+1/2,x,z+1/2                     Symbol: g (1/4,1/4,1/2) x,x-1/4,z
 => SYMM(110): -y+3/4,x,-z+3/4                   Symbol: -4- 3/8,3/8,z; 3/8,3/8,3/8
 => SYMM(111): y+1/2,-x+1/4,-z+3/4               Symbol: -4+ 3/8,-1/8,z; 3/8,-1/8,3/8
 => SYMM(112): -y+3/4,-x+1/4,z+1/2               Symbol: g (1/4,-1/4,1/2) x,-x+1/2,z
 => SYMM(113): z+1/2,y,x+1/2                     Symbol: n (1/2,0,1/2) x,y,x
 => SYMM(114): -z+3/4,-y+1/4,x+1/2               Symbol: -4+ 1/8,y,5/8; 1/8,1/8,5/8
 => SYMM(115): -z+3/4,y,-x+3/4                   Symbol: m x,y,-x+3/4
 => SYMM(116): z+1/2,-y+1/4,-x+3/4               Symbol: -4- 5/8,y,1/8; 5/8,1/8,1/8
 => SYMM(117): x+1/2,z,y+1/2                     Symbol: g (1/2,1/4,1/4) x,y,y+1/4
 => SYMM(118): x+1/2,-z+1/4,-y+3/4               Symbol: g (1/2,-1/4,1/4) x,y,-y+1/2
 => SYMM(119): -x+3/4,-z+1/4,y+1/2               Symbol: -4- x,-1/8,3/8; 3/8,-1/8,3/8
 => SYMM(120): -x+3/4,z,-y+3/4                   Symbol: -4+ x,3/8,3/8; 3/8,3/8,3/8
 => SYMM(121): -x+1/2,-y,-z+1/2                  Symbol: -1 1/4,0,1/4
 => SYMM(122): -x+1/2,y+3/4,z+1/4                Symbol: g (0,3/4,1/4) 1/4,y,z
 => SYMM(123): x+1/4,-y,z+1/4                    Symbol: d (1/4,0,1/4) x,0,z
 => SYMM(124): x+1/4,y+3/4,-z+1/2                Symbol: d (1/4,3/4,0) x,y,1/4
 => SYMM(125): -y+1/2,-z,-x+1/2                  Symbol: -3- x,x-1/2,x-1/2; 1/2,0,0
 => SYMM(126): y+1/4,z+3/4,-x+1/2                Symbol: -3+ x,-x+5/4,x-1; 3/4,1/2,-1/4
 => SYMM(127): -y+1/2,z+3/4,x+1/4                Symbol: -3+ x,x+1,-x-1/4; -1/4,3/4,0
 => SYMM(128): y+1/4,-z,x+1/4                    Symbol: -3- x,-x-1/4,-x+1/4; 0,-1/4,1/4
 => SYMM(129): -z+1/2,-x,-y+1/2                  Symbol: -3+ x,x,x+1/2; 0,0,1/2
 => SYMM(130): z+1/4,-x,y+1/4                    Symbol: -3- x,x-1/2,-x+1/4; 1/4,-1/4,0
 => SYMM(131): z+1/4,x+3/4,-y+1/2                Symbol: -3+ x,-x+3/4,-x-1/4; 0,3/4,-1/4
 => SYMM(132): -z+1/2,x+3/4,y+1/4                Symbol: -3- x,-x+1/4,x+1; -1/4,1/2,3/4
 => SYMM(133): -y+1/2,-x,-z+1/2                  Symbol: 2 (1/4,-1/4,0) x,-x+1/4,1/4
 => SYMM(134): y+1/4,-x,z+1/4                    Symbol: 4- (0,0,1/4) 1/8,-1/8,z
 => SYMM(135): -y+1/2,x+3/4,z+1/4                Symbol: 4+ (0,0,1/4) -1/8,5/8,z
 => SYMM(136): y+1/4,x+3/4,-z+1/2                Symbol: 2 (1/2,1/2,0) x,x+1/4,1/4
 => SYMM(137): -z+1/2,-y,-x+1/2                  Symbol: 2 x,0,-x+1/2
 => SYMM(138): z+1/4,y+3/4,-x+1/2                Symbol: 4+ (0,3/4,0) 3/8,y,1/8
 => SYMM(139): z+1/4,-y,x+1/4                    Symbol: 2 (1/4,0,1/4) x,0,x
 => SYMM(140): -z+1/2,y+3/4,x+1/4                Symbol: 4- (0,3/4,0) 1/8,y,3/8
 => SYMM(141): -x+1/2,-z,-y+1/2                  Symbol: 2 (0,-1/4,1/4) 1/4,y,-y+1/4
 => SYMM(142): -x+1/2,z+3/4,y+1/4                Symbol: 2 (0,1/2,1/2) 1/4,y,y-1/4
 => SYMM(143): x+1/4,z+3/4,-y+1/2                Symbol: 4- (1/4,0,0) x,5/8,-1/8
 => SYMM(144): x+1/4,-z,y+1/4                    Symbol: 4+ (1/4,0,0) x,-1/8,1/8
 => SYMM(145): x,y+1/2,z+1/2                     Symbol: t (0,1/2,1/2)
 => SYMM(146): x,-y+3/4,-z+3/4                   Symbol: 2 x,3/8,3/8
 => SYMM(147): -x+1/4,y+1/2,-z+3/4               Symbol: 2 (0,1/2,0) 1/8,y,3/8
 => SYMM(148): -x+1/4,-y+3/4,z+1/2               Symbol: 2 (0,0,1/2) 1/8,3/8,z
 => SYMM(149): y,z+1/2,x+1/2                     Symbol: 3- (1/3,1/3,1/3) x,x+1/3,x+1/6
 => SYMM(150): -y+1/4,-z+3/4,x+1/2               Symbol: 3+ x,-x+1/4,x+1/2
 => SYMM(151): y,-z+3/4,-x+3/4                   Symbol: 3+ x,x,-x+3/4
 => SYMM(152): -y+1/4,z+1/2,-x+3/4               Symbol: 3- (-1/3,1/3,1/3) x,-x+7/12,-x+5/12
 => SYMM(153): z,x+1/2,y+1/2                     Symbol: 3+ (1/3,1/3,1/3) x,x+1/6,x+1/3
 => SYMM(154): -z+1/4,x+1/2,-y+3/4               Symbol: 3- x,x+1/2,-x+1/4
 => SYMM(155): -z+1/4,-x+3/4,y+1/2               Symbol: 3+ (-1/3,1/3,1/3) x,-x+5/12,-x+7/12
 => SYMM(156): z,-x+3/4,-y+3/4                   Symbol: 3- x,-x+3/4,x
 => SYMM(157): y,x+1/2,z+1/2                     Symbol: g (1/4,1/4,1/2) x,x+1/4,z
 => SYMM(158): -y+1/4,x+1/2,-z+3/4               Symbol: -4- -1/8,3/8,z; -1/8,3/8,3/8
 => SYMM(159): y,-x+3/4,-z+3/4                   Symbol: -4+ 3/8,3/8,z; 3/8,3/8,3/8
 => SYMM(160): -y+1/4,-x+3/4,z+1/2               Symbol: g (-1/4,1/4,1/2) x,-x+1/2,z
 => SYMM(161): z,y+1/2,x+1/2                     Symbol: g (1/4,1/2,1/4) x,y,x+1/4
 => SYMM(162): -z+1/4,-y+3/4,x+1/2               Symbol: -4+ -1/8,y,3/8; -1/8,3/8,3/8
 => SYMM(163): -z+1/4,y+1/2,-x+3/4               Symbol: g (-1/4,1/2,1/4) x,y,-x+1/2
 => SYMM(164): z,-y+3/4,-x+3/4                   Symbol: -4- 3/8,y,3/8; 3/8,3/8,3/8
 => SYMM(165): x,z+1/2,y+1/2                     Symbol: n (0,1/2,1/2) x,y,y
 => SYMM(166): x,-z+3/4,-y+3/4                   Symbol: m x,y,-y+3/4
 => SYMM(167): -x+1/4,-z+3/4,y+1/2               Symbol: -4- x,1/8,5/8; 1/8,1/8,5/8
 => SYMM(168): -x+1/4,z+1/2,-y+3/4               Symbol: -4+ x,5/8,1/8; 1/8,5/8,1/8
 => SYMM(169): -x,-y+1/2,-z+1/2                  Symbol: -1 0,1/4,1/4
 => SYMM(170): -x,y+1/4,z+1/4                    Symbol: d (0,1/4,1/4) 0,y,z
 => SYMM(171): x+3/4,-y+1/2,z+1/4                Symbol: d (3/4,0,1/4) x,1/4,z
 => SYMM(172): x+3/4,y+1/4,-z+1/2                Symbol: g (3/4,1/4,0) x,y,1/4
 => SYMM(173): -y,-z+1/2,-x+1/2                  Symbol: -3- x,x,x+1/2; 0,0,1/2
 => SYMM(174): y+3/4,z+1/4,-x+1/2                Symbol: -3+ x,-x+3/4,x-1; 3/4,0,-1/4
 => SYMM(175): -y,z+1/4,x+1/4                    Symbol: -3+ x,x+1/2,-x-1/4; -1/4,1/4,0
 => SYMM(176): y+3/4,-z+1/2,x+1/4                Symbol: -3- x,-x+1/4,-x+5/4; 1/2,-1/4,3/4
 => SYMM(177): -z,-x+1/2,-y+1/2                  Symbol: -3+ x,x+1/2,x; 0,1/2,0
 => SYMM(178): z+3/4,-x+1/2,y+1/4                Symbol: -3- x,x-1,-x+3/4; 3/4,-1/4,0
 => SYMM(179): z+3/4,x+1/4,-y+1/2                Symbol: -3+ x,-x+5/4,-x+1/4; 1/2,3/4,-1/4
 => SYMM(180): -z,x+1/4,y+1/4                    Symbol: -3- x,-x-1/4,x+1/2; -1/4,0,1/4
 => SYMM(181): -y,-x+1/2,-z+1/2                  Symbol: 2 (-1/4,1/4,0) x,-x+1/4,1/4
 => SYMM(182): y+3/4,-x+1/2,z+1/4                Symbol: 4- (0,0,1/4) 5/8,-1/8,z
 => SYMM(183): -y,x+1/4,z+1/4                    Symbol: 4+ (0,0,1/4) -1/8,1/8,z
 => SYMM(184): y+3/4,x+1/4,-z+1/2                Symbol: 2 (1/2,1/2,0) x,x-1/4,1/4
 => SYMM(185): -z,-y+1/2,-x+1/2                  Symbol: 2 (-1/4,0,1/4) x,1/4,-x+1/4
 => SYMM(186): z+3/4,y+1/4,-x+1/2                Symbol: 4+ (0,1/4,0) 5/8,y,-1/8
 => SYMM(187): z+3/4,-y+1/2,x+1/4                Symbol: 2 (1/2,0,1/2) x,1/4,x-1/4
 => SYMM(188): -z,y+1/4,x+1/4                    Symbol: 4- (0,1/4,0) -1/8,y,1/8
 => SYMM(189): -x,-z+1/2,-y+1/2                  Symbol: 2 0,y,-y+1/2
 => SYMM(190): -x,z+1/4,y+1/4                    Symbol: 2 (0,1/4,1/4) 0,y,y
 => SYMM(191): x+3/4,z+1/4,-y+1/2                Symbol: 4- (3/4,0,0) x,3/8,1/8
 => SYMM(192): x+3/4,-z+1/2,y+1/4                Symbol: 4+ (3/4,0,0) x,1/8,3/8

 => Special Wyckoff Positions for F d -3 m
 
    Multp     Site        Representative Coordinates (centring translations excluded)
     96       h              0,y,-y              0,-y+1/4,y+1/4      1/4,y,y+1/4                             
                             1/4,-y+1/4,-y       y,-y,0              -y+1/4,y+1/4,0                          
                             y,y+1/4,1/4         -y+1/4,-y,1/4       -y,0,y                                  
                             y+1/4,0,-y+1/4      y+1/4,1/4,y         -y,1/4,-y+1/4                           
                             y,0,-y              -y+1/4,0,y+1/4      y,1/4,y+1/4                             
                             -y+1/4,1/4,-y       -y,y,0              y+1/4,-y+1/4,0                          
                             y+1/4,y,1/4         -y,-y+1/4,1/4       0,-y,y                                  
                             0,y+1/4,-y+1/4      1/4,y+1/4,y         1/4,-y,-y+1/4                           
 
     96       g              x,x,z               x,-x+1/4,-z+1/4     -x+1/4,x,-z+1/4                         
                             -x+1/4,-x+1/4,z     x,z,x               -x+1/4,-z+1/4,x                         
                             x,-z+1/4,-x+1/4     -x+1/4,z,-x+1/4     z,x,x                                   
                             -z+1/4,x,-x+1/4     -z+1/4,-x+1/4,x     z,-x+1/4,-x+1/4                         
                             -x,-x,-z            -x,x+3/4,z+3/4      x+3/4,-x,z+3/4                          
                             x+3/4,x+3/4,-z      -x,-z,-x            x+3/4,z+3/4,-x                          
                             -x,z+3/4,x+3/4      x+3/4,-z,x+3/4      -z,-x,-x                                
                             z+3/4,-x,x+3/4      z+3/4,x+3/4,-x      -z,x+3/4,x+3/4                          
 
     48       f              x,1/8,1/8           -x+1/4,1/8,1/8      1/8,1/8,x                               
                             1/8,1/8,-x+1/4      1/8,x,1/8           1/8,-x+1/4,1/8                          
                             -x,7/8,7/8          x+3/4,7/8,7/8       7/8,7/8,-x                              
                             7/8,7/8,x+3/4       7/8,-x,7/8          7/8,x+3/4,7/8                           
 
     32       e              x,x,x               x,-x+1/4,-x+1/4     -x+1/4,x,-x+1/4                         
                             -x+1/4,-x+1/4,x     -x,-x,-x            -x,x+3/4,x+3/4                          
                             x+3/4,-x,x+3/4      x+3/4,x+3/4,-x                                              
 
     16       d              1/2,1/2,1/2         1/2,3/4,3/4         3/4,1/2,3/4                             
                             3/4,3/4,1/2                                                                     
 
     16       c              0,0,0               0,1/4,1/4           1/4,0,1/4                               
                             1/4,1/4,0                                                                       
 
      8       b              3/8,3/8,3/8         5/8,5/8,5/8                                                 
 
      8       a              1/8,1/8,1/8         7/8,7/8,7/8                                                 
 

 => Initial parameters ==>
 Atom    Ntyp                  X         Y         Z         B         occ.         in  fin  Spc  Mult
                             B11       B22       B33       B12       B13       B23
 Si     SI                 0.12500   0.12500   0.12500   0.54095   1.00000           0    0    0    8
                 Codes:    0.00000   0.00000   0.00000 111.00000   0.00000

 => IT IS ASSUMED THAT THE FIRST GIVEN SITE IS FULLY OCCUPIED 
    OR THE FIRST AND SECOND ATOMS ARE IN THE SAME SITE WITH TOTAL FULL OCCUPATION
  (if this is not the case, change the order of atoms to obtain correct values for the content of the unit cell)
    The given occupation factors have been obtained mutiplying m/M by  24.0000
      -> Atom: SI  ,  Chemical element: SI  Atomic Mass:    28.0860
 => The given value of ATZ is     129420.29 the program has calculated:      129420.29
    The value of ATZ given in the input PCR file will be used for quantitative analysis
 => The chemical content of the unit cell is: 
       8.0000 SI     
 => The normalized site occupation numbers in % are: 
     100.0000 Si       
 => The density (volumic mass) of the compound is:    2.327 g/cm3

 =>-------> PROFILE PARAMETERS FOR PATTERN:  1

 => Overall scale factor:   0.662018    
 => T.O.F. Extinction parameter:   0.0000
 => Overall temperature factor:      0.00000
 => T.O.F. Gaussian variances Sig-2, Sig-1, Sig-0, Sig-Q:      0.00000    29.64920     5.07900     0.00000
 => T.O.F. Isotropic Gaussian strain parameter (G-strain):       0.0000
 => T.O.F. Iso-Gaussian and Aniso-Lor (platelets/needles) Size parameters (G-Size,Ani-LorSiz)  :      0.00000     0.00000
 => T.O.F. Lorentzian FWHM Gam-2, Gam-1, Gam-0:      0.00000     0.00000     0.00000
 => T.O.F. Isotropic Lorentzian strain and size parameters (LStr,LSiz):      0.00000     0.00000
 => Direct cell parameters:    5.4324   5.4324   5.4324  90.0000  90.0000  90.0000
 => Preferred orientation parameters:   0.0000  0.0000
 => T.O.F. Peak shape parameter alpha0,beta0,alpha1,beta1/kappa,alpha-q,beta-Q:      0.00000     0.03802     0.23542     0.01090     0.00000     0.00000
 => Model-dependent Strain parameters s2,s1,s0:      0.00000     0.00000     0.00000


 ==> CODEWORDS FOR PROFILE PARAMETERS of PATTERN#  1

 => Codeword -Overall scale factor:   11.0000    
 => Codeword  - T.O.F. Extinction parameter:   0.0000
 => Codeword  - Overall temperature factor:      0.00000
 => Codewords - T.O.F. Gaussian variances Sig-2, Sig-1, Sig-0, Sig-Q:      0.00000   121.00000   131.00000     0.00000
 => Codewords - T.O.F. Isotropic Gaussian strain parameter (G-strain):       0.0000
 => Codewords - T.O.F. Iso-Gaussian and Aniso-Lor (platelets/needles) Size parameters (G-Size,Ani-LorSize)  :      0.00000     0.00000
 => Codewords - T.O.F. Lorentzian FWHM Gam-2, Gam-1, Gam-0:      0.00000     0.00000     0.00000
 => Codewords - T.O.F. Isotropic Lorentzian strain and size parameters (LStr,LSiz):      0.00000     0.00000
 => Codewords - Direct cell parameters:   51.0000  51.0000  51.0000   0.0000   0.0000   0.0000
 => Codewords - Preferred orientation parameters:   0.0000  0.0000
 => Codewords - T.O.F. Peak shape parameter alpha0,beta0,alpha1,beta1/kappa,alpha-q,beta-Q:      0.00000   141.00000   151.00000   161.00000     0.00000     0.00000
=> Codewords - Model-dependent Strain parameters s2,s1,s0:      0.00000     0.00000     0.00000


 => Cell constraints according to Laue symmetry: m-3m 

        Metric information:
        -------------------

 => Direct cell parameters:

         a =       5.4324      b =       5.4324      c =       5.4324
     alpha =       90.000   beta =       90.000  gamma =       90.000
                        Direct Cell Volume =     160.3137

 => Reciprocal cell parameters:

         a*=     0.184081      b*=     0.184081      c*=     0.184081
     alpha*=       90.000   beta*=       90.000  gamma*=       90.000
                    Reciprocal Cell Volume =   0.00623777

 => Direct and Reciprocal Metric Tensors:

                   GD                                       GR
     29.5108      0.0000      0.0000          0.033886    0.000000    0.000000
      0.0000     29.5108      0.0000          0.000000    0.033886    0.000000
      0.0000      0.0000     29.5108          0.000000    0.000000    0.033886

 =>  Cartesian frame: x // a; z is along c*; y is within the ab-plane   

     Crystal_to_Orthonormal_Matrix              Orthonormal_to_Crystal Matrix
              Cr_Orth_cel                               Orth_Cr_cel  
      5.4324      0.0000      0.0000          0.184081   -0.000000   -0.000000
      0.0000      5.4324      0.0000          0.000000    0.184081   -0.000000
      0.0000      0.0000      5.4324          0.000000    0.000000    0.184081

     Busing-Levy B-matrix: Hc=B.H            Inverse of the Busing-Levy B-matrix
                BL_M                                      BL_Minv  
    0.184081    0.000000    0.000000            5.4324     -0.0000     -0.0000
    0.000000    0.184081   -0.000000            0.0000      5.4324      0.0000
    0.000000    0.000000    0.184081            0.0000      0.0000      5.4324

 => Laue symmetry m-3m  will be used to generate HKL for pattern#   1
 => Reflections generated between S(1/d)min:  0.2493 A-1 and S(1/d)max:  4.5979 A-1
 =>                                    dmax:  4.0117 A   and      dmin:  0.2175 A
 => The number of reflections generated is:    435
 => The max. scatt. variable (gen.ref.) is:     29995.0000
 => Scattering coefficients from internal table

 => Scattering lengths:

 SI     0.4149

     --------------------------------------------------------------
      SYMBOLIC NAMES AND INITIAL VALUES OF PARAMETERS TO BE VARIED:
     --------------------------------------------------------------

      ->  Parameter number    1   -> Symbolic Name:                                     Scale_ph1_pat1    0.66201848    
      ->  Parameter number    2   -> Symbolic Name:                                         Bck_0_pat1     154.31599    
      ->  Parameter number    3   -> Symbolic Name:                                         Bck_1_pat1     1.3400000    
      ->  Parameter number    4   -> Symbolic Name:                                         Bck_2_pat1     37.000000    
      ->  Parameter number    5   -> Symbolic Name:                                    Cell_A_ph1_pat1     5.4323812    
      ->  Parameter number    6   -> Symbolic Name:                                         Bck_3_pat1     12.332000    
      ->  Parameter number    7   -> Symbolic Name:                                         Bck_4_pat1     17.705999    
      ->  Parameter number    8   -> Symbolic Name:                                         Bck_5_pat1     4.7849998    
      ->  Parameter number    9   -> Symbolic Name:                                         Bck_6_pat1     6.8080001    
      ->  Parameter number   10   -> Symbolic Name:                                          Zero_pat1    -8.5722799    
      ->  Parameter number   11   -> Symbolic Name:                                        Biso_Si_ph1    0.54095000    
      ->  Parameter number   12   -> Symbolic Name:                                     Sig-1_ph1_pat1     29.649200    
      ->  Parameter number   13   -> Symbolic Name:                                     Sig-0_ph1_pat1     5.0790000    
      ->  Parameter number   14   -> Symbolic Name:                                     Beta0_ph1_pat1    0.38020000E-01
      ->  Parameter number   15   -> Symbolic Name:                                    Alpha1_ph1_pat1    0.23542200    
      ->  Parameter number   16   -> Symbolic Name:                                     Beta1_ph1_pat1    0.10902000E-01
  
 
 => No optimization for routine tasks
 ++++++++++++++++++++++++++++++++++++++++++++++++++++++++++++++++++++++++++++++++++++++++++++++++++++++++++++++++++++++++

 => CYCLE No.:    1
 ---------------------------------------------------------------------------------------
 => Phase  1 Name: Standard-Si                                                           
 ---------------------------------------------------------------------------------------
 => New parameters, shifts, and standard deviations

 Atom        x       dx      sx       y       dy      sy       z       dz      sz       B       dB      sB      occ.    docc.   socc.

 Si       0.12500 0.00000 0.00000  0.12500 0.00000 0.00000  0.12500 0.00000 0.00000  0.54095 0.00000 0.00478  1.00000 0.00000 0.00000

 ==> PROFILE PARAMETERS FOR PATTERN#  1

 => Overall scale factor       :      0.662018597     0.000000135     0.002023790
 => T.O.F. Extinction parameter:     0.000000    0.000000    0.000000
 => Overall temperature  factor:     0.000000    0.000000    0.000000
 => T.O.F. Gaussian variances Sig-2, Sig-1, Sig-0: 
         0.000000    0.000000    0.000000
        29.648376   -0.000823    0.996512
         5.079024    0.000024    0.487327

 => T.O.F. Gaussian variance Sig-Q:     0.000000    0.000000    0.000000
 => T.O.F. Isotropic Gaussian strain parameter (G-strain)::      0.00000     0.00000     0.00000
 => T.O.F. Isotropic Gaussian  Size  parameter (G-size)  ::      0.00000     0.00000     0.00000
 => T.O.F. Anisotropic Lorentzian  Size  parameter (Ani-LorSize)  ::      0.00000     0.00000     0.00000
 => T.O.F. Lorentzian FWHM Gam-2, Gam-1, Gam-0: 
         0.000000    0.000000    0.000000
         0.000000    0.000000    0.000000
         0.000000    0.000000    0.000000

 => T.O.F. Isotropic Lorentzian strain and size parameters (LStr,LSiz): 
         0.000000    0.000000    0.000000
         0.000000    0.000000    0.000000

 => Model-dependent Strain parameters s2,s1,s0: 
         0.000000    0.000000    0.000000
         0.000000    0.000000    0.000000
         0.000000    0.000000    0.000000

 => Direct cell parameters: 
        5.432381    0.000000    0.000083
        5.432381    0.000000    0.000083
        5.432381    0.000000    0.000083
       90.000000    0.000000    0.000000
       90.000000    0.000000    0.000000
       90.000000    0.000000    0.000000

 => Preferred orientation parameters: 
         0.000000    0.000000    0.000000
         0.000000    0.000000    0.000000

 => T.O.F. Peak shape parameter a0,b0,a1,b1/kappa: 
        0.000000    0.000000    0.000000
        0.038020   -0.000000    0.000211
        0.235418   -0.000004    0.005183
        0.010902    0.000000    0.000206

 => Absorption parameters: 
       0.000000  0.000000  0.000000
       0.000000  0.000000  0.000000

 ==> GLOBAL PARAMETERS FOR PATTERN#  1


 => Zero-point:    -8.5723    0.0000    0.0888
 =>  Cosine Fourier Background Parameters ==>
       154.32    -0.12054E-04 0.66900    
       1.3400     0.40802E-05  1.1746    
       37.000     0.93378E-05  1.0290    
       12.332     0.68962E-05 0.94645    
       17.706     0.25108E-05 0.92151    
       4.7850    -0.11123E-04 0.76596    
       6.8080    -0.56906E-05 0.53147    
       0.0000      0.0000      0.0000    
       0.0000      0.0000      0.0000    
       0.0000      0.0000      0.0000    
       0.0000      0.0000      0.0000    
       0.0000      0.0000      0.0000    
       0.0000      0.0000      0.0000    
       0.0000      0.0000      0.0000    
       0.0000      0.0000      0.0000    
       0.0000      0.0000      0.0000    
       0.0000      0.0000      0.0000    
       0.0000      0.0000      0.0000    

 => T.O.F.- dtt1       (    TOFo=dtt1*dsp     ):   7476.91      0.00      0.00
 => T.O.F.- dtt2       (TOF=TOFo+dtt2*dsp*dsp ):     -1.54      0.00      0.00
 => T.O.F.- dtt_1OverD (TOF=TOF+dtt_1overD/dsp):      0.00      0.00      0.00

 ==> RELIABILITY FACTORS WITH ALL NON-EXCLUDED POINTS FOR PATTERN:  1

 => R-Factors:   8.73      6.36     Chi2:  3.03     DW-Stat.:  0.9736   Patt#:  1
 => Expected :            3.66                                1.9228
 => Deviance : 0.322E+05     Dev*:   5.757    
 => GoF-index:  1.7         Sqrt(Residual/N)
 => N-P+C:  5584

 =>    SumYdif       SumYobs      SumYcal      SumwYobsSQ     Residual    Condition
     0.1289E+06    0.1477E+07    0.1455E+07    0.4176E+07    0.1691E+05    0.7134E+14


 => Conventional Rietveld Rp,Rwp,Re and Chi2:   20.1      12.4      7.15      3.028    
 => (Values obtained using Ynet, but true sigma(y))
 =>  SumYnet, Sum(w Ynet**2):     0.6424E+06    0.1092E+07


 ==> RELIABILITY FACTORS FOR POINTS WITH BRAGG CONTRIBUTIONS FOR PATTERN:  1

 => R-Factors:   5.93      5.83     Chi2:  4.41     DW-Stat.:  1.2001   Patt#:
 => Expected :            2.77                                1.8991
 => Deviance : 0.130E+05     Dev*:   4.174    
 => GoF-index:  2.1         Sqrt(Residual/N)
 => N-P+C:  3108

 =>    SumYdif       SumYobs      SumYcal      SumwYobsSQ     Residual    Condition
     0.6423E+05    0.1083E+07    0.1069E+07    0.4042E+07    0.1372E+05    0.7134E+14


 => Conventional Rietveld Rp,Rwp,Re and Chi2:   10.1      11.2      5.34      4.413    
 => (Values obtained using Ynet, but true sigma(y))
 =>  SumYnet, Sum(w Ynet**2):     0.6343E+06    0.1089E+07


 => Global user-weigthed Chi2 (Bragg contrib.):   4.41    

 => ---------> Pattern#  1
 => Phase:  1
 =>    Bragg R-factor:  2.04    
 =>    RF-factor     :  11.8    
 ++++++++++++++++++++++++++++++++++++++++++++++++++++++++++++++++++++++++++++++++++++++++++++++++++++++++++++++++++++++++

 => CYCLE No.:    2
 ---------------------------------------------------------------------------------------
 => Phase  1 Name: Standard-Si                                                           
 ---------------------------------------------------------------------------------------
 => New parameters, shifts, and standard deviations

 Atom        x       dx      sx       y       dy      sy       z       dz      sz       B       dB      sB      occ.    docc.   socc.

 Si       0.12500 0.00000 0.00000  0.12500 0.00000 0.00000  0.12500 0.00000 0.00000  0.54095 0.00000 0.00478  1.00000 0.00000 0.00000

 ==> PROFILE PARAMETERS FOR PATTERN#  1

 => Overall scale factor       :      0.662018716     0.000000135     0.002023792
 => T.O.F. Extinction parameter:     0.000000    0.000000    0.000000
 => Overall temperature  factor:     0.000000    0.000000    0.000000
 => T.O.F. Gaussian variances Sig-2, Sig-1, Sig-0: 
         0.000000    0.000000    0.000000
        29.647560   -0.000816    0.996497
         5.079047    0.000024    0.487325

 => T.O.F. Gaussian variance Sig-Q:     0.000000    0.000000    0.000000
 => T.O.F. Isotropic Gaussian strain parameter (G-strain)::      0.00000     0.00000     0.00000
 => T.O.F. Isotropic Gaussian  Size  parameter (G-size)  ::      0.00000     0.00000     0.00000
 => T.O.F. Anisotropic Lorentzian  Size  parameter (Ani-LorSize)  ::      0.00000     0.00000     0.00000
 => T.O.F. Lorentzian FWHM Gam-2, Gam-1, Gam-0: 
         0.000000    0.000000    0.000000
         0.000000    0.000000    0.000000
         0.000000    0.000000    0.000000

 => T.O.F. Isotropic Lorentzian strain and size parameters (LStr,LSiz): 
         0.000000    0.000000    0.000000
         0.000000    0.000000    0.000000

 => Model-dependent Strain parameters s2,s1,s0: 
         0.000000    0.000000    0.000000
         0.000000    0.000000    0.000000
         0.000000    0.000000    0.000000

 => Direct cell parameters: 
        5.432381    0.000000    0.000083
        5.432381    0.000000    0.000083
        5.432381    0.000000    0.000083
       90.000000    0.000000    0.000000
       90.000000    0.000000    0.000000
       90.000000    0.000000    0.000000

 => Preferred orientation parameters: 
         0.000000    0.000000    0.000000
         0.000000    0.000000    0.000000

 => T.O.F. Peak shape parameter a0,b0,a1,b1/kappa: 
        0.000000    0.000000    0.000000
        0.038020   -0.000000    0.000211
        0.235413   -0.000004    0.005183
        0.010902    0.000000    0.000206

 => Absorption parameters: 
       0.000000  0.000000  0.000000
       0.000000  0.000000  0.000000

 ==> GLOBAL PARAMETERS FOR PATTERN#  1


 => Zero-point:    -8.5722    0.0000    0.0888
 =>  Cosine Fourier Background Parameters ==>
       154.32    -0.11891E-04 0.66900    
       1.3400     0.43084E-05  1.1746    
       37.000     0.92235E-05  1.0290    
       12.332     0.70775E-05 0.94645    
       17.706     0.22680E-05 0.92151    
       4.7850    -0.10939E-04 0.76596    
       6.8080    -0.57280E-05 0.53147    
       0.0000      0.0000      0.0000    
       0.0000      0.0000      0.0000    
       0.0000      0.0000      0.0000    
       0.0000      0.0000      0.0000    
       0.0000      0.0000      0.0000    
       0.0000      0.0000      0.0000    
       0.0000      0.0000      0.0000    
       0.0000      0.0000      0.0000    
       0.0000      0.0000      0.0000    
       0.0000      0.0000      0.0000    
       0.0000      0.0000      0.0000    

 => T.O.F.- dtt1       (    TOFo=dtt1*dsp     ):   7476.91      0.00      0.00
 => T.O.F.- dtt2       (TOF=TOFo+dtt2*dsp*dsp ):     -1.54      0.00      0.00
 => T.O.F.- dtt_1OverD (TOF=TOF+dtt_1overD/dsp):      0.00      0.00      0.00

 ==> RELIABILITY FACTORS WITH ALL NON-EXCLUDED POINTS FOR PATTERN:  1

 => R-Factors:   8.73      6.36     Chi2:  3.03     DW-Stat.:  0.9736   Patt#:  1
 => Expected :            3.66                                1.9228
 => Deviance : 0.322E+05     Dev*:   5.757    
 => GoF-index:  1.7         Sqrt(Residual/N)
 => N-P+C:  5584

 =>    SumYdif       SumYobs      SumYcal      SumwYobsSQ     Residual    Condition
     0.1290E+06    0.1477E+07    0.1455E+07    0.4176E+07    0.1691E+05    0.7134E+14


 => Conventional Rietveld Rp,Rwp,Re and Chi2:   20.1      12.4      7.15      3.028    
 => (Values obtained using Ynet, but true sigma(y))
 =>  SumYnet, Sum(w Ynet**2):     0.6424E+06    0.1092E+07


 ==> RELIABILITY FACTORS FOR POINTS WITH BRAGG CONTRIBUTIONS FOR PATTERN:  1

 => R-Factors:   5.93      5.83     Chi2:  4.41     DW-Stat.:  1.2001   Patt#:
 => Expected :            2.77                                1.8991
 => Deviance : 0.130E+05     Dev*:   4.174    
 => GoF-index:  2.1         Sqrt(Residual/N)
 => N-P+C:  3108

 =>    SumYdif       SumYobs      SumYcal      SumwYobsSQ     Residual    Condition
     0.6423E+05    0.1083E+07    0.1069E+07    0.4042E+07    0.1372E+05    0.7134E+14


 => Conventional Rietveld Rp,Rwp,Re and Chi2:   10.1      11.2      5.34      4.413    
 => (Values obtained using Ynet, but true sigma(y))
 =>  SumYnet, Sum(w Ynet**2):     0.6343E+06    0.1089E+07


 => Global user-weigthed Chi2 (Bragg contrib.):   4.41    

 => ---------> Pattern#  1
 => Phase:  1
 =>    Bragg R-factor:  2.04    
 =>    RF-factor     :  11.8    
 ++++++++++++++++++++++++++++++++++++++++++++++++++++++++++++++++++++++++++++++++++++++++++++++++++++++++++++++++++++++++

 => CYCLE No.:    3
 ---------------------------------------------------------------------------------------
 => Phase  1 Name: Standard-Si                                                           
 ---------------------------------------------------------------------------------------
 => New parameters, shifts, and standard deviations

 Atom        x       dx      sx       y       dy      sy       z       dz      sz       B       dB      sB      occ.    docc.   socc.

 Si       0.12500 0.00000 0.00000  0.12500 0.00000 0.00000  0.12500 0.00000 0.00000  0.54095 0.00000 0.00478  1.00000 0.00000 0.00000

 ==> PROFILE PARAMETERS FOR PATTERN#  1

 => Overall scale factor       :      0.662018836     0.000000135     0.002023793
 => T.O.F. Extinction parameter:     0.000000    0.000000    0.000000
 => Overall temperature  factor:     0.000000    0.000000    0.000000
 => T.O.F. Gaussian variances Sig-2, Sig-1, Sig-0: 
         0.000000    0.000000    0.000000
        29.646751   -0.000809    0.996485
         5.079071    0.000024    0.487322

 => T.O.F. Gaussian variance Sig-Q:     0.000000    0.000000    0.000000
 => T.O.F. Isotropic Gaussian strain parameter (G-strain)::      0.00000     0.00000     0.00000
 => T.O.F. Isotropic Gaussian  Size  parameter (G-size)  ::      0.00000     0.00000     0.00000
 => T.O.F. Anisotropic Lorentzian  Size  parameter (Ani-LorSize)  ::      0.00000     0.00000     0.00000
 => T.O.F. Lorentzian FWHM Gam-2, Gam-1, Gam-0: 
         0.000000    0.000000    0.000000
         0.000000    0.000000    0.000000
         0.000000    0.000000    0.000000

 => T.O.F. Isotropic Lorentzian strain and size parameters (LStr,LSiz): 
         0.000000    0.000000    0.000000
         0.000000    0.000000    0.000000

 => Model-dependent Strain parameters s2,s1,s0: 
         0.000000    0.000000    0.000000
         0.000000    0.000000    0.000000
         0.000000    0.000000    0.000000

 => Direct cell parameters: 
        5.432381    0.000000    0.000083
        5.432381    0.000000    0.000083
        5.432381    0.000000    0.000083
       90.000000    0.000000    0.000000
       90.000000    0.000000    0.000000
       90.000000    0.000000    0.000000

 => Preferred orientation parameters: 
         0.000000    0.000000    0.000000
         0.000000    0.000000    0.000000

 => T.O.F. Peak shape parameter a0,b0,a1,b1/kappa: 
        0.000000    0.000000    0.000000
        0.038019   -0.000000    0.000211
        0.235409   -0.000004    0.005182
        0.010902    0.000000    0.000206

 => Absorption parameters: 
       0.000000  0.000000  0.000000
       0.000000  0.000000  0.000000

 ==> GLOBAL PARAMETERS FOR PATTERN#  1


 => Zero-point:    -8.5722    0.0000    0.0888
 =>  Cosine Fourier Background Parameters ==>
       154.32    -0.11759E-04 0.66900    
       1.3400     0.44533E-05  1.1746    
       37.000     0.91996E-05  1.0290    
       12.332     0.69987E-05 0.94645    
       17.706     0.22098E-05 0.92151    
       4.7850    -0.10826E-04 0.76596    
       6.8080    -0.57578E-05 0.53147    
       0.0000      0.0000      0.0000    
       0.0000      0.0000      0.0000    
       0.0000      0.0000      0.0000    
       0.0000      0.0000      0.0000    
       0.0000      0.0000      0.0000    
       0.0000      0.0000      0.0000    
       0.0000      0.0000      0.0000    
       0.0000      0.0000      0.0000    
       0.0000      0.0000      0.0000    
       0.0000      0.0000      0.0000    
       0.0000      0.0000      0.0000    

 => T.O.F.- dtt1       (    TOFo=dtt1*dsp     ):   7476.91      0.00      0.00
 => T.O.F.- dtt2       (TOF=TOFo+dtt2*dsp*dsp ):     -1.54      0.00      0.00
 => T.O.F.- dtt_1OverD (TOF=TOF+dtt_1overD/dsp):      0.00      0.00      0.00

 ==> RELIABILITY FACTORS WITH ALL NON-EXCLUDED POINTS FOR PATTERN:  1

 => R-Factors:   8.73      6.36     Chi2:  3.03     DW-Stat.:  0.9736   Patt#:  1
 => Expected :            3.66                                1.9228
 => Deviance : 0.322E+05     Dev*:   5.757    
 => GoF-index:  1.7         Sqrt(Residual/N)
 => N-P+C:  5584

 =>    SumYdif       SumYobs      SumYcal      SumwYobsSQ     Residual    Condition
     0.1290E+06    0.1477E+07    0.1455E+07    0.4176E+07    0.1691E+05    0.7134E+14


 => Conventional Rietveld Rp,Rwp,Re and Chi2:   20.1      12.4      7.15      3.028    
 => (Values obtained using Ynet, but true sigma(y))
 =>  SumYnet, Sum(w Ynet**2):     0.6424E+06    0.1092E+07


 ==> RELIABILITY FACTORS FOR POINTS WITH BRAGG CONTRIBUTIONS FOR PATTERN:  1

 => R-Factors:   5.93      5.83     Chi2:  4.41     DW-Stat.:  1.2001   Patt#:
 => Expected :            2.77                                1.8991
 => Deviance : 0.130E+05     Dev*:   4.174    
 => GoF-index:  2.1         Sqrt(Residual/N)
 => N-P+C:  3108

 =>    SumYdif       SumYobs      SumYcal      SumwYobsSQ     Residual    Condition
     0.6423E+05    0.1083E+07    0.1069E+07    0.4042E+07    0.1372E+05    0.7134E+14


 => Conventional Rietveld Rp,Rwp,Re and Chi2:   10.1      11.2      5.34      4.413    
 => (Values obtained using Ynet, but true sigma(y))
 =>  SumYnet, Sum(w Ynet**2):     0.6343E+06    0.1089E+07


 => Global user-weigthed Chi2 (Bragg contrib.):   4.41    

 => ---------> Pattern#  1
 => Phase:  1
 =>    Bragg R-factor:  2.04    
 =>    RF-factor     :  11.8    
 ++++++++++++++++++++++++++++++++++++++++++++++++++++++++++++++++++++++++++++++++++++++++++++++++++++++++++++++++++++++++

 => CYCLE No.:    4
 ---------------------------------------------------------------------------------------
 => Phase  1 Name: Standard-Si                                                           
 ---------------------------------------------------------------------------------------
 => New parameters, shifts, and standard deviations

 Atom        x       dx      sx       y       dy      sy       z       dz      sz       B       dB      sB      occ.    docc.   socc.

 Si       0.12500 0.00000 0.00000  0.12500 0.00000 0.00000  0.12500 0.00000 0.00000  0.54095 0.00000 0.00478  1.00000 0.00000 0.00000

 ==> PROFILE PARAMETERS FOR PATTERN#  1

 => Overall scale factor       :      0.662018955     0.000000135     0.002023797
 => T.O.F. Extinction parameter:     0.000000    0.000000    0.000000
 => Overall temperature  factor:     0.000000    0.000000    0.000000
 => T.O.F. Gaussian variances Sig-2, Sig-1, Sig-0: 
         0.000000    0.000000    0.000000
        29.645950   -0.000801    0.996463
         5.079094    0.000024    0.487319

 => T.O.F. Gaussian variance Sig-Q:     0.000000    0.000000    0.000000
 => T.O.F. Isotropic Gaussian strain parameter (G-strain)::      0.00000     0.00000     0.00000
 => T.O.F. Isotropic Gaussian  Size  parameter (G-size)  ::      0.00000     0.00000     0.00000
 => T.O.F. Anisotropic Lorentzian  Size  parameter (Ani-LorSize)  ::      0.00000     0.00000     0.00000
 => T.O.F. Lorentzian FWHM Gam-2, Gam-1, Gam-0: 
         0.000000    0.000000    0.000000
         0.000000    0.000000    0.000000
         0.000000    0.000000    0.000000

 => T.O.F. Isotropic Lorentzian strain and size parameters (LStr,LSiz): 
         0.000000    0.000000    0.000000
         0.000000    0.000000    0.000000

 => Model-dependent Strain parameters s2,s1,s0: 
         0.000000    0.000000    0.000000
         0.000000    0.000000    0.000000
         0.000000    0.000000    0.000000

 => Direct cell parameters: 
        5.432381    0.000000    0.000083
        5.432381    0.000000    0.000083
        5.432381    0.000000    0.000083
       90.000000    0.000000    0.000000
       90.000000    0.000000    0.000000
       90.000000    0.000000    0.000000

 => Preferred orientation parameters: 
         0.000000    0.000000    0.000000
         0.000000    0.000000    0.000000

 => T.O.F. Peak shape parameter a0,b0,a1,b1/kappa: 
        0.000000    0.000000    0.000000
        0.038019   -0.000000    0.000211
        0.235405   -0.000004    0.005182
        0.010902    0.000000    0.000206

 => Absorption parameters: 
       0.000000  0.000000  0.000000
       0.000000  0.000000  0.000000

 ==> GLOBAL PARAMETERS FOR PATTERN#  1


 => Zero-point:    -8.5722    0.0000    0.0888
 =>  Cosine Fourier Background Parameters ==>
       154.32    -0.11654E-04 0.66900    
       1.3400     0.48120E-05  1.1746    
       37.000     0.89343E-05  1.0290    
       12.332     0.72897E-05 0.94645    
       17.706     0.19250E-05 0.92151    
       4.7850    -0.10642E-04 0.76596    
       6.8080    -0.57930E-05 0.53147    
       0.0000      0.0000      0.0000    
       0.0000      0.0000      0.0000    
       0.0000      0.0000      0.0000    
       0.0000      0.0000      0.0000    
       0.0000      0.0000      0.0000    
       0.0000      0.0000      0.0000    
       0.0000      0.0000      0.0000    
       0.0000      0.0000      0.0000    
       0.0000      0.0000      0.0000    
       0.0000      0.0000      0.0000    
       0.0000      0.0000      0.0000    

 => T.O.F.- dtt1       (    TOFo=dtt1*dsp     ):   7476.91      0.00      0.00
 => T.O.F.- dtt2       (TOF=TOFo+dtt2*dsp*dsp ):     -1.54      0.00      0.00
 => T.O.F.- dtt_1OverD (TOF=TOF+dtt_1overD/dsp):      0.00      0.00      0.00

 ==> RELIABILITY FACTORS WITH ALL NON-EXCLUDED POINTS FOR PATTERN:  1

 => R-Factors:   8.73      6.36     Chi2:  3.03     DW-Stat.:  0.9736   Patt#:  1
 => Expected :            3.66                                1.9228
 => Deviance : 0.322E+05     Dev*:   5.757    
 => GoF-index:  1.7         Sqrt(Residual/N)
 => N-P+C:  5584

 =>    SumYdif       SumYobs      SumYcal      SumwYobsSQ     Residual    Condition
     0.1290E+06    0.1477E+07    0.1455E+07    0.4176E+07    0.1691E+05    0.7134E+14


 => Conventional Rietveld Rp,Rwp,Re and Chi2:   20.1      12.4      7.15      3.028    
 => (Values obtained using Ynet, but true sigma(y))
 =>  SumYnet, Sum(w Ynet**2):     0.6424E+06    0.1092E+07


 ==> RELIABILITY FACTORS FOR POINTS WITH BRAGG CONTRIBUTIONS FOR PATTERN:  1

 => R-Factors:   5.93      5.83     Chi2:  4.41     DW-Stat.:  1.2001   Patt#:
 => Expected :            2.77                                1.8991
 => Deviance : 0.130E+05     Dev*:   4.174    
 => GoF-index:  2.1         Sqrt(Residual/N)
 => N-P+C:  3108

 =>    SumYdif       SumYobs      SumYcal      SumwYobsSQ     Residual    Condition
     0.6423E+05    0.1083E+07    0.1069E+07    0.4042E+07    0.1372E+05    0.7134E+14


 => Conventional Rietveld Rp,Rwp,Re and Chi2:   10.1      11.2      5.34      4.413    
 => (Values obtained using Ynet, but true sigma(y))
 =>  SumYnet, Sum(w Ynet**2):     0.6343E+06    0.1089E+07


 => Global user-weigthed Chi2 (Bragg contrib.):   4.41    

 => ---------> Pattern#  1
 => Phase:  1
 =>    Bragg R-factor:  2.04    
 =>    RF-factor     :  11.8    
 ++++++++++++++++++++++++++++++++++++++++++++++++++++++++++++++++++++++++++++++++++++++++++++++++++++++++++++++++++++++++

 => CYCLE No.:    5
 ---------------------------------------------------------------------------------------
 => Phase  1 Name: Standard-Si                                                           
 ---------------------------------------------------------------------------------------
 => New parameters, shifts, and standard deviations

 Atom        x       dx      sx       y       dy      sy       z       dz      sz       B       dB      sB      occ.    docc.   socc.

 Si       0.12500 0.00000 0.00000  0.12500 0.00000 0.00000  0.12500 0.00000 0.00000  0.54095 0.00000 0.00478  1.00000 0.00000 0.00000

 ==> PROFILE PARAMETERS FOR PATTERN#  1

 => Overall scale factor       :      0.662019074     0.000000135     0.002023798
 => T.O.F. Extinction parameter:     0.000000    0.000000    0.000000
 => Overall temperature  factor:     0.000000    0.000000    0.000000
 => T.O.F. Gaussian variances Sig-2, Sig-1, Sig-0: 
         0.000000    0.000000    0.000000
        29.645157   -0.000794    0.996453
         5.079117    0.000024    0.487317

 => T.O.F. Gaussian variance Sig-Q:     0.000000    0.000000    0.000000
 => T.O.F. Isotropic Gaussian strain parameter (G-strain)::      0.00000     0.00000     0.00000
 => T.O.F. Isotropic Gaussian  Size  parameter (G-size)  ::      0.00000     0.00000     0.00000
 => T.O.F. Anisotropic Lorentzian  Size  parameter (Ani-LorSize)  ::      0.00000     0.00000     0.00000
 => T.O.F. Lorentzian FWHM Gam-2, Gam-1, Gam-0: 
         0.000000    0.000000    0.000000
         0.000000    0.000000    0.000000
         0.000000    0.000000    0.000000

 => T.O.F. Isotropic Lorentzian strain and size parameters (LStr,LSiz): 
         0.000000    0.000000    0.000000
         0.000000    0.000000    0.000000

 => Model-dependent Strain parameters s2,s1,s0: 
         0.000000    0.000000    0.000000
         0.000000    0.000000    0.000000
         0.000000    0.000000    0.000000

 => Direct cell parameters: 
        5.432381    0.000000    0.000083
        5.432381    0.000000    0.000083
        5.432381    0.000000    0.000083
       90.000000    0.000000    0.000000
       90.000000    0.000000    0.000000
       90.000000    0.000000    0.000000

 => Preferred orientation parameters: 
         0.000000    0.000000    0.000000
         0.000000    0.000000    0.000000

 => T.O.F. Peak shape parameter a0,b0,a1,b1/kappa: 
        0.000000    0.000000    0.000000
        0.038019   -0.000000    0.000211
        0.235400   -0.000004    0.005182
        0.010902    0.000000    0.000206

 => Absorption parameters: 
       0.000000  0.000000  0.000000
       0.000000  0.000000  0.000000

 ==> GLOBAL PARAMETERS FOR PATTERN#  1


 => Zero-point:    -8.5722    0.0000    0.0888
 =>  Cosine Fourier Background Parameters ==>
       154.32    -0.11518E-04 0.66900    
       1.3400     0.50909E-05  1.1746    
       37.000     0.88270E-05  1.0290    
       12.332     0.73649E-05 0.94645    
       17.706     0.18156E-05 0.92151    
       4.7849    -0.10547E-04 0.76596    
       6.8080    -0.57561E-05 0.53148    
       0.0000      0.0000      0.0000    
       0.0000      0.0000      0.0000    
       0.0000      0.0000      0.0000    
       0.0000      0.0000      0.0000    
       0.0000      0.0000      0.0000    
       0.0000      0.0000      0.0000    
       0.0000      0.0000      0.0000    
       0.0000      0.0000      0.0000    
       0.0000      0.0000      0.0000    
       0.0000      0.0000      0.0000    
       0.0000      0.0000      0.0000    

 => T.O.F.- dtt1       (    TOFo=dtt1*dsp     ):   7476.91      0.00      0.00
 => T.O.F.- dtt2       (TOF=TOFo+dtt2*dsp*dsp ):     -1.54      0.00      0.00
 => T.O.F.- dtt_1OverD (TOF=TOF+dtt_1overD/dsp):      0.00      0.00      0.00

 ==> RELIABILITY FACTORS WITH ALL NON-EXCLUDED POINTS FOR PATTERN:  1

 => R-Factors:   8.73      6.36     Chi2:  3.03     DW-Stat.:  0.9736   Patt#:  1
 => Expected :            3.66                                1.9228
 => Deviance : 0.322E+05     Dev*:   5.757    
 => GoF-index:  1.7         Sqrt(Residual/N)
 => N-P+C:  5584

 =>    SumYdif       SumYobs      SumYcal      SumwYobsSQ     Residual    Condition
     0.1290E+06    0.1477E+07    0.1455E+07    0.4176E+07    0.1691E+05    0.7134E+14


 => Conventional Rietveld Rp,Rwp,Re and Chi2:   20.1      12.4      7.15      3.028    
 => (Values obtained using Ynet, but true sigma(y))
 =>  SumYnet, Sum(w Ynet**2):     0.6424E+06    0.1092E+07


 ==> RELIABILITY FACTORS FOR POINTS WITH BRAGG CONTRIBUTIONS FOR PATTERN:  1

 => R-Factors:   5.93      5.83     Chi2:  4.41     DW-Stat.:  1.2001   Patt#:
 => Expected :            2.77                                1.8991
 => Deviance : 0.130E+05     Dev*:   4.174    
 => GoF-index:  2.1         Sqrt(Residual/N)
 => N-P+C:  3108

 =>    SumYdif       SumYobs      SumYcal      SumwYobsSQ     Residual    Condition
     0.6423E+05    0.1083E+07    0.1069E+07    0.4042E+07    0.1372E+05    0.7134E+14


 => Conventional Rietveld Rp,Rwp,Re and Chi2:   10.1      11.2      5.34      4.413    
 => (Values obtained using Ynet, but true sigma(y))
 =>  SumYnet, Sum(w Ynet**2):     0.6343E+06    0.1089E+07


 => Global user-weigthed Chi2 (Bragg contrib.):   4.41    

 => ---------> Pattern#  1
 => Phase:  1
 =>    Bragg R-factor:  2.04    
 =>    RF-factor     :  11.8    
 ++++++++++++++++++++++++++++++++++++++++++++++++++++++++++++++++++++++++++++++++++++++++++++++++++++++++++++++++++++++++

 => CYCLE No.:    6
 ---------------------------------------------------------------------------------------
 => Phase  1 Name: Standard-Si                                                           
 ---------------------------------------------------------------------------------------
 => New parameters, shifts, and standard deviations

 Atom        x       dx      sx       y       dy      sy       z       dz      sz       B       dB      sB      occ.    docc.   socc.

 Si       0.12500 0.00000 0.00000  0.12500 0.00000 0.00000  0.12500 0.00000 0.00000  0.54095 0.00000 0.00478  1.00000 0.00000 0.00000

 ==> PROFILE PARAMETERS FOR PATTERN#  1

 => Overall scale factor       :      0.662019193     0.000000134     0.002023797
 => T.O.F. Extinction parameter:     0.000000    0.000000    0.000000
 => Overall temperature  factor:     0.000000    0.000000    0.000000
 => T.O.F. Gaussian variances Sig-2, Sig-1, Sig-0: 
         0.000000    0.000000    0.000000
        29.644369   -0.000787    0.996435
         5.079141    0.000024    0.487315

 => T.O.F. Gaussian variance Sig-Q:     0.000000    0.000000    0.000000
 => T.O.F. Isotropic Gaussian strain parameter (G-strain)::      0.00000     0.00000     0.00000
 => T.O.F. Isotropic Gaussian  Size  parameter (G-size)  ::      0.00000     0.00000     0.00000
 => T.O.F. Anisotropic Lorentzian  Size  parameter (Ani-LorSize)  ::      0.00000     0.00000     0.00000
 => T.O.F. Lorentzian FWHM Gam-2, Gam-1, Gam-0: 
         0.000000    0.000000    0.000000
         0.000000    0.000000    0.000000
         0.000000    0.000000    0.000000

 => T.O.F. Isotropic Lorentzian strain and size parameters (LStr,LSiz): 
         0.000000    0.000000    0.000000
         0.000000    0.000000    0.000000

 => Model-dependent Strain parameters s2,s1,s0: 
         0.000000    0.000000    0.000000
         0.000000    0.000000    0.000000
         0.000000    0.000000    0.000000

 => Direct cell parameters: 
        5.432381    0.000000    0.000083
        5.432381    0.000000    0.000083
        5.432381    0.000000    0.000083
       90.000000    0.000000    0.000000
       90.000000    0.000000    0.000000
       90.000000    0.000000    0.000000

 => Preferred orientation parameters: 
         0.000000    0.000000    0.000000
         0.000000    0.000000    0.000000

 => T.O.F. Peak shape parameter a0,b0,a1,b1/kappa: 
        0.000000    0.000000    0.000000
        0.038019   -0.000000    0.000211
        0.235396   -0.000004    0.005181
        0.010902    0.000000    0.000206

 => Absorption parameters: 
       0.000000  0.000000  0.000000
       0.000000  0.000000  0.000000

 ==> GLOBAL PARAMETERS FOR PATTERN#  1


 => Zero-point:    -8.5722    0.0000    0.0888
 =>  Cosine Fourier Background Parameters ==>
       154.32    -0.11276E-04 0.66900    
       1.3400     0.48353E-05  1.1746    
       37.000     0.91775E-05  1.0290    
       12.332     0.69249E-05 0.94645    
       17.706     0.22149E-05 0.92151    
       4.7849    -0.10670E-04 0.76596    
       6.8080    -0.56093E-05 0.53148    
       0.0000      0.0000      0.0000    
       0.0000      0.0000      0.0000    
       0.0000      0.0000      0.0000    
       0.0000      0.0000      0.0000    
       0.0000      0.0000      0.0000    
       0.0000      0.0000      0.0000    
       0.0000      0.0000      0.0000    
       0.0000      0.0000      0.0000    
       0.0000      0.0000      0.0000    
       0.0000      0.0000      0.0000    
       0.0000      0.0000      0.0000    

 => T.O.F.- dtt1       (    TOFo=dtt1*dsp     ):   7476.91      0.00      0.00
 => T.O.F.- dtt2       (TOF=TOFo+dtt2*dsp*dsp ):     -1.54      0.00      0.00
 => T.O.F.- dtt_1OverD (TOF=TOF+dtt_1overD/dsp):      0.00      0.00      0.00

 ==> RELIABILITY FACTORS WITH ALL NON-EXCLUDED POINTS FOR PATTERN:  1

 => R-Factors:   8.73      6.36     Chi2:  3.03     DW-Stat.:  0.9736   Patt#:  1
 => Expected :            3.66                                1.9228
 => Deviance : 0.322E+05     Dev*:   5.757    
 => GoF-index:  1.7         Sqrt(Residual/N)
 => N-P+C:  5584

 =>    SumYdif       SumYobs      SumYcal      SumwYobsSQ     Residual    Condition
     0.1290E+06    0.1477E+07    0.1455E+07    0.4176E+07    0.1691E+05    0.7134E+14


 => Conventional Rietveld Rp,Rwp,Re and Chi2:   20.1      12.4      7.15      3.028    
 => (Values obtained using Ynet, but true sigma(y))
 =>  SumYnet, Sum(w Ynet**2):     0.6424E+06    0.1092E+07


 ==> RELIABILITY FACTORS FOR POINTS WITH BRAGG CONTRIBUTIONS FOR PATTERN:  1

 => R-Factors:   5.93      5.83     Chi2:  4.41     DW-Stat.:  1.2001   Patt#:
 => Expected :            2.77                                1.8991
 => Deviance : 0.130E+05     Dev*:   4.174    
 => GoF-index:  2.1         Sqrt(Residual/N)
 => N-P+C:  3108

 =>    SumYdif       SumYobs      SumYcal      SumwYobsSQ     Residual    Condition
     0.6424E+05    0.1083E+07    0.1069E+07    0.4042E+07    0.1372E+05    0.7134E+14


 => Conventional Rietveld Rp,Rwp,Re and Chi2:   10.1      11.2      5.34      4.413    
 => (Values obtained using Ynet, but true sigma(y))
 =>  SumYnet, Sum(w Ynet**2):     0.6343E+06    0.1089E+07


 => Global user-weigthed Chi2 (Bragg contrib.):   4.41    

 => ---------> Pattern#  1
 => Phase:  1
 =>    Bragg R-factor:  2.04    
 =>    RF-factor     :  11.8    
 ++++++++++++++++++++++++++++++++++++++++++++++++++++++++++++++++++++++++++++++++++++++++++++++++++++++++++++++++++++++++

 => CYCLE No.:    7
 ---------------------------------------------------------------------------------------
 => Phase  1 Name: Standard-Si                                                           
 ---------------------------------------------------------------------------------------
 => New parameters, shifts, and standard deviations

 Atom        x       dx      sx       y       dy      sy       z       dz      sz       B       dB      sB      occ.    docc.   socc.

 Si       0.12500 0.00000 0.00000  0.12500 0.00000 0.00000  0.12500 0.00000 0.00000  0.54095 0.00000 0.00478  1.00000 0.00000 0.00000

 ==> PROFILE PARAMETERS FOR PATTERN#  1

 => Overall scale factor       :      0.662019312     0.000000134     0.002023797
 => T.O.F. Extinction parameter:     0.000000    0.000000    0.000000
 => Overall temperature  factor:     0.000000    0.000000    0.000000
 => T.O.F. Gaussian variances Sig-2, Sig-1, Sig-0: 
         0.000000    0.000000    0.000000
        29.643589   -0.000780    0.996420
         5.079165    0.000024    0.487312

 => T.O.F. Gaussian variance Sig-Q:     0.000000    0.000000    0.000000
 => T.O.F. Isotropic Gaussian strain parameter (G-strain)::      0.00000     0.00000     0.00000
 => T.O.F. Isotropic Gaussian  Size  parameter (G-size)  ::      0.00000     0.00000     0.00000
 => T.O.F. Anisotropic Lorentzian  Size  parameter (Ani-LorSize)  ::      0.00000     0.00000     0.00000
 => T.O.F. Lorentzian FWHM Gam-2, Gam-1, Gam-0: 
         0.000000    0.000000    0.000000
         0.000000    0.000000    0.000000
         0.000000    0.000000    0.000000

 => T.O.F. Isotropic Lorentzian strain and size parameters (LStr,LSiz): 
         0.000000    0.000000    0.000000
         0.000000    0.000000    0.000000

 => Model-dependent Strain parameters s2,s1,s0: 
         0.000000    0.000000    0.000000
         0.000000    0.000000    0.000000
         0.000000    0.000000    0.000000

 => Direct cell parameters: 
        5.432381    0.000000    0.000083
        5.432381    0.000000    0.000083
        5.432381    0.000000    0.000083
       90.000000    0.000000    0.000000
       90.000000    0.000000    0.000000
       90.000000    0.000000    0.000000

 => Preferred orientation parameters: 
         0.000000    0.000000    0.000000
         0.000000    0.000000    0.000000

 => T.O.F. Peak shape parameter a0,b0,a1,b1/kappa: 
        0.000000    0.000000    0.000000
        0.038018   -0.000000    0.000211
        0.235392   -0.000004    0.005181
        0.010902    0.000000    0.000206

 => Absorption parameters: 
       0.000000  0.000000  0.000000
       0.000000  0.000000  0.000000

 ==> GLOBAL PARAMETERS FOR PATTERN#  1


 => Zero-point:    -8.5722    0.0000    0.0888
 =>  Cosine Fourier Background Parameters ==>
       154.32    -0.11105E-04 0.66900    
       1.3400     0.49516E-05  1.1746    
       37.000     0.92140E-05  1.0290    
       12.332     0.68955E-05 0.94645    
       17.706     0.21863E-05 0.92151    
       4.7849    -0.10556E-04 0.76596    
       6.8080    -0.56154E-05 0.53148    
       0.0000      0.0000      0.0000    
       0.0000      0.0000      0.0000    
       0.0000      0.0000      0.0000    
       0.0000      0.0000      0.0000    
       0.0000      0.0000      0.0000    
       0.0000      0.0000      0.0000    
       0.0000      0.0000      0.0000    
       0.0000      0.0000      0.0000    
       0.0000      0.0000      0.0000    
       0.0000      0.0000      0.0000    
       0.0000      0.0000      0.0000    

 => T.O.F.- dtt1       (    TOFo=dtt1*dsp     ):   7476.91      0.00      0.00
 => T.O.F.- dtt2       (TOF=TOFo+dtt2*dsp*dsp ):     -1.54      0.00      0.00
 => T.O.F.- dtt_1OverD (TOF=TOF+dtt_1overD/dsp):      0.00      0.00      0.00

 ==> RELIABILITY FACTORS WITH ALL NON-EXCLUDED POINTS FOR PATTERN:  1

 => R-Factors:   8.73      6.36     Chi2:  3.03     DW-Stat.:  0.9736   Patt#:  1
 => Expected :            3.66                                1.9228
 => Deviance : 0.322E+05     Dev*:   5.757    
 => GoF-index:  1.7         Sqrt(Residual/N)
 => N-P+C:  5584

 =>    SumYdif       SumYobs      SumYcal      SumwYobsSQ     Residual    Condition
     0.1290E+06    0.1477E+07    0.1455E+07    0.4176E+07    0.1691E+05    0.7134E+14


 => Conventional Rietveld Rp,Rwp,Re and Chi2:   20.1      12.4      7.15      3.028    
 => (Values obtained using Ynet, but true sigma(y))
 =>  SumYnet, Sum(w Ynet**2):     0.6424E+06    0.1092E+07


 ==> RELIABILITY FACTORS FOR POINTS WITH BRAGG CONTRIBUTIONS FOR PATTERN:  1

 => R-Factors:   5.93      5.83     Chi2:  4.41     DW-Stat.:  1.2001   Patt#:
 => Expected :            2.77                                1.8991
 => Deviance : 0.130E+05     Dev*:   4.174    
 => GoF-index:  2.1         Sqrt(Residual/N)
 => N-P+C:  3108

 =>    SumYdif       SumYobs      SumYcal      SumwYobsSQ     Residual    Condition
     0.6424E+05    0.1083E+07    0.1069E+07    0.4042E+07    0.1372E+05    0.7134E+14


 => Conventional Rietveld Rp,Rwp,Re and Chi2:   10.1      11.2      5.34      4.413    
 => (Values obtained using Ynet, but true sigma(y))
 =>  SumYnet, Sum(w Ynet**2):     0.6343E+06    0.1089E+07


 => Global user-weigthed Chi2 (Bragg contrib.):   4.41    

 => ---------> Pattern#  1
 => Phase:  1
 =>    Bragg R-factor:  2.04    
 =>    RF-factor     :  11.8    
 ++++++++++++++++++++++++++++++++++++++++++++++++++++++++++++++++++++++++++++++++++++++++++++++++++++++++++++++++++++++++

 => CYCLE No.:    8
 ---------------------------------------------------------------------------------------
 => Phase  1 Name: Standard-Si                                                           
 ---------------------------------------------------------------------------------------
 => New parameters, shifts, and standard deviations

 Atom        x       dx      sx       y       dy      sy       z       dz      sz       B       dB      sB      occ.    docc.   socc.

 Si       0.12500 0.00000 0.00000  0.12500 0.00000 0.00000  0.12500 0.00000 0.00000  0.54095 0.00000 0.00478  1.00000 0.00000 0.00000

 ==> PROFILE PARAMETERS FOR PATTERN#  1

 => Overall scale factor       :      0.662019432     0.000000134     0.002023798
 => T.O.F. Extinction parameter:     0.000000    0.000000    0.000000
 => Overall temperature  factor:     0.000000    0.000000    0.000000
 => T.O.F. Gaussian variances Sig-2, Sig-1, Sig-0: 
         0.000000    0.000000    0.000000
        29.642817   -0.000773    0.996406
         5.079188    0.000024    0.487309

 => T.O.F. Gaussian variance Sig-Q:     0.000000    0.000000    0.000000
 => T.O.F. Isotropic Gaussian strain parameter (G-strain)::      0.00000     0.00000     0.00000
 => T.O.F. Isotropic Gaussian  Size  parameter (G-size)  ::      0.00000     0.00000     0.00000
 => T.O.F. Anisotropic Lorentzian  Size  parameter (Ani-LorSize)  ::      0.00000     0.00000     0.00000
 => T.O.F. Lorentzian FWHM Gam-2, Gam-1, Gam-0: 
         0.000000    0.000000    0.000000
         0.000000    0.000000    0.000000
         0.000000    0.000000    0.000000

 => T.O.F. Isotropic Lorentzian strain and size parameters (LStr,LSiz): 
         0.000000    0.000000    0.000000
         0.000000    0.000000    0.000000

 => Model-dependent Strain parameters s2,s1,s0: 
         0.000000    0.000000    0.000000
         0.000000    0.000000    0.000000
         0.000000    0.000000    0.000000

 => Direct cell parameters: 
        5.432381    0.000000    0.000083
        5.432381    0.000000    0.000083
        5.432381    0.000000    0.000083
       90.000000    0.000000    0.000000
       90.000000    0.000000    0.000000
       90.000000    0.000000    0.000000

 => Preferred orientation parameters: 
         0.000000    0.000000    0.000000
         0.000000    0.000000    0.000000

 => T.O.F. Peak shape parameter a0,b0,a1,b1/kappa: 
        0.000000    0.000000    0.000000
        0.038018   -0.000000    0.000211
        0.235388   -0.000004    0.005181
        0.010902    0.000000    0.000206

 => Absorption parameters: 
       0.000000  0.000000  0.000000
       0.000000  0.000000  0.000000

 ==> GLOBAL PARAMETERS FOR PATTERN#  1


 => Zero-point:    -8.5721    0.0000    0.0888
 =>  Cosine Fourier Background Parameters ==>
       154.32    -0.10900E-04 0.66900    
       1.3400     0.48813E-05  1.1746    
       37.000     0.93205E-05  1.0290    
       12.332     0.68799E-05 0.94645    
       17.706     0.19501E-05 0.92151    
       4.7849    -0.10361E-04 0.76596    
       6.8080    -0.56529E-05 0.53148    
       0.0000      0.0000      0.0000    
       0.0000      0.0000      0.0000    
       0.0000      0.0000      0.0000    
       0.0000      0.0000      0.0000    
       0.0000      0.0000      0.0000    
       0.0000      0.0000      0.0000    
       0.0000      0.0000      0.0000    
       0.0000      0.0000      0.0000    
       0.0000      0.0000      0.0000    
       0.0000      0.0000      0.0000    
       0.0000      0.0000      0.0000    

 => T.O.F.- dtt1       (    TOFo=dtt1*dsp     ):   7476.91      0.00      0.00
 => T.O.F.- dtt2       (TOF=TOFo+dtt2*dsp*dsp ):     -1.54      0.00      0.00
 => T.O.F.- dtt_1OverD (TOF=TOF+dtt_1overD/dsp):      0.00      0.00      0.00

 ==> RELIABILITY FACTORS WITH ALL NON-EXCLUDED POINTS FOR PATTERN:  1

 => R-Factors:   8.73      6.36     Chi2:  3.03     DW-Stat.:  0.9736   Patt#:  1
 => Expected :            3.66                                1.9228
 => Deviance : 0.322E+05     Dev*:   5.757    
 => GoF-index:  1.7         Sqrt(Residual/N)
 => N-P+C:  5584

 =>    SumYdif       SumYobs      SumYcal      SumwYobsSQ     Residual    Condition
     0.1290E+06    0.1477E+07    0.1455E+07    0.4176E+07    0.1691E+05    0.7134E+14


 => Conventional Rietveld Rp,Rwp,Re and Chi2:   20.1      12.4      7.15      3.028    
 => (Values obtained using Ynet, but true sigma(y))
 =>  SumYnet, Sum(w Ynet**2):     0.6424E+06    0.1092E+07


 ==> RELIABILITY FACTORS FOR POINTS WITH BRAGG CONTRIBUTIONS FOR PATTERN:  1

 => R-Factors:   5.93      5.83     Chi2:  4.41     DW-Stat.:  1.2001   Patt#:
 => Expected :            2.77                                1.8991
 => Deviance : 0.130E+05     Dev*:   4.174    
 => GoF-index:  2.1         Sqrt(Residual/N)
 => N-P+C:  3108

 =>    SumYdif       SumYobs      SumYcal      SumwYobsSQ     Residual    Condition
     0.6424E+05    0.1083E+07    0.1069E+07    0.4042E+07    0.1372E+05    0.7134E+14


 => Conventional Rietveld Rp,Rwp,Re and Chi2:   10.1      11.2      5.34      4.413    
 => (Values obtained using Ynet, but true sigma(y))
 =>  SumYnet, Sum(w Ynet**2):     0.6343E+06    0.1089E+07


 => Global user-weigthed Chi2 (Bragg contrib.):   4.41    

 => ---------> Pattern#  1
 => Phase:  1
 =>    Bragg R-factor:  2.04    
 =>    RF-factor     :  11.8    
 ++++++++++++++++++++++++++++++++++++++++++++++++++++++++++++++++++++++++++++++++++++++++++++++++++++++++++++++++++++++++

 => CYCLE No.:    9
 ---------------------------------------------------------------------------------------
 => Phase  1 Name: Standard-Si                                                           
 ---------------------------------------------------------------------------------------
 => New parameters, shifts, and standard deviations

 Atom        x       dx      sx       y       dy      sy       z       dz      sz       B       dB      sB      occ.    docc.   socc.

 Si       0.12500 0.00000 0.00000  0.12500 0.00000 0.00000  0.12500 0.00000 0.00000  0.54095 0.00000 0.00478  1.00000 0.00000 0.00000

 ==> PROFILE PARAMETERS FOR PATTERN#  1

 => Overall scale factor       :      0.662019551     0.000000124     0.002023760
 => T.O.F. Extinction parameter:     0.000000    0.000000    0.000000
 => Overall temperature  factor:     0.000000    0.000000    0.000000
 => T.O.F. Gaussian variances Sig-2, Sig-1, Sig-0: 
         0.000000    0.000000    0.000000
        29.642052   -0.000764    0.996371
         5.079206    0.000018    0.487299

 => T.O.F. Gaussian variance Sig-Q:     0.000000    0.000000    0.000000
 => T.O.F. Isotropic Gaussian strain parameter (G-strain)::      0.00000     0.00000     0.00000
 => T.O.F. Isotropic Gaussian  Size  parameter (G-size)  ::      0.00000     0.00000     0.00000
 => T.O.F. Anisotropic Lorentzian  Size  parameter (Ani-LorSize)  ::      0.00000     0.00000     0.00000
 => T.O.F. Lorentzian FWHM Gam-2, Gam-1, Gam-0: 
         0.000000    0.000000    0.000000
         0.000000    0.000000    0.000000
         0.000000    0.000000    0.000000

 => T.O.F. Isotropic Lorentzian strain and size parameters (LStr,LSiz): 
         0.000000    0.000000    0.000000
         0.000000    0.000000    0.000000

 => Model-dependent Strain parameters s2,s1,s0: 
         0.000000    0.000000    0.000000
         0.000000    0.000000    0.000000
         0.000000    0.000000    0.000000

 => Direct cell parameters: 
        5.432381    0.000000    0.000083
        5.432381    0.000000    0.000083
        5.432381    0.000000    0.000083
       90.000000    0.000000    0.000000
       90.000000    0.000000    0.000000
       90.000000    0.000000    0.000000

 => Preferred orientation parameters: 
         0.000000    0.000000    0.000000
         0.000000    0.000000    0.000000

 => T.O.F. Peak shape parameter a0,b0,a1,b1/kappa: 
        0.000000    0.000000    0.000000
        0.038018   -0.000000    0.000211
        0.235384   -0.000004    0.005180
        0.010902    0.000000    0.000206

 => Absorption parameters: 
       0.000000  0.000000  0.000000
       0.000000  0.000000  0.000000

 ==> GLOBAL PARAMETERS FOR PATTERN#  1


 => Zero-point:    -8.5721    0.0000    0.0888
 =>  Cosine Fourier Background Parameters ==>
       154.32    -0.11019E-04 0.66899    
       1.3400     0.44927E-05  1.1746    
       37.000     0.84230E-05  1.0290    
       12.332     0.66496E-05 0.94643    
       17.706     0.18406E-05 0.92149    
       4.7849    -0.10270E-04 0.76595    
       6.8079    -0.55302E-05 0.53146    
       0.0000      0.0000      0.0000    
       0.0000      0.0000      0.0000    
       0.0000      0.0000      0.0000    
       0.0000      0.0000      0.0000    
       0.0000      0.0000      0.0000    
       0.0000      0.0000      0.0000    
       0.0000      0.0000      0.0000    
       0.0000      0.0000      0.0000    
       0.0000      0.0000      0.0000    
       0.0000      0.0000      0.0000    
       0.0000      0.0000      0.0000    

 => T.O.F.- dtt1       (    TOFo=dtt1*dsp     ):   7476.91      0.00      0.00
 => T.O.F.- dtt2       (TOF=TOFo+dtt2*dsp*dsp ):     -1.54      0.00      0.00
 => T.O.F.- dtt_1OverD (TOF=TOF+dtt_1overD/dsp):      0.00      0.00      0.00

 ==> RELIABILITY FACTORS WITH ALL NON-EXCLUDED POINTS FOR PATTERN:  1

 => R-Factors:   8.73      6.36     Chi2:  3.03     DW-Stat.:  0.9736   Patt#:  1
 => Expected :            3.66                                1.9228
 => Deviance : 0.322E+05     Dev*:   5.757    
 => GoF-index:  1.7         Sqrt(Residual/N)
 => N-P+C:  5584

 =>    SumYdif       SumYobs      SumYcal      SumwYobsSQ     Residual    Condition
     0.1290E+06    0.1477E+07    0.1455E+07    0.4176E+07    0.1691E+05    0.7134E+14


 => Conventional Rietveld Rp,Rwp,Re and Chi2:   20.1      12.4      7.15      3.028    
 => (Values obtained using Ynet, but true sigma(y))
 =>  SumYnet, Sum(w Ynet**2):     0.6424E+06    0.1092E+07


 ==> RELIABILITY FACTORS FOR POINTS WITH BRAGG CONTRIBUTIONS FOR PATTERN:  1

 => R-Factors:   5.93      5.83     Chi2:  4.41     DW-Stat.:  1.2001   Patt#:
 => Expected :            2.77                                1.8991
 => Deviance : 0.130E+05     Dev*:   4.174    
 => GoF-index:  2.1         Sqrt(Residual/N)
 => N-P+C:  3108

 =>    SumYdif       SumYobs      SumYcal      SumwYobsSQ     Residual    Condition
     0.6424E+05    0.1083E+07    0.1069E+07    0.4042E+07    0.1372E+05    0.7134E+14


 => Conventional Rietveld Rp,Rwp,Re and Chi2:   10.1      11.2      5.34      4.413    
 => (Values obtained using Ynet, but true sigma(y))
 =>  SumYnet, Sum(w Ynet**2):     0.6343E+06    0.1089E+07


 => Global user-weigthed Chi2 (Bragg contrib.):   4.41    

 => ---------> Pattern#  1
 => Phase:  1
 =>    Bragg R-factor:  2.04    
 =>    RF-factor     :  11.8    
 ++++++++++++++++++++++++++++++++++++++++++++++++++++++++++++++++++++++++++++++++++++++++++++++++++++++++++++++++++++++++

 => CYCLE No.:   10
 ---------------------------------------------------------------------------------------
 => Phase  1 Name: Standard-Si                                                           
 ---------------------------------------------------------------------------------------
 => New parameters, shifts, and standard deviations

 Atom        x       dx      sx       y       dy      sy       z       dz      sz       B       dB      sB      occ.    docc.   socc.

 Si       0.12500 0.00000 0.00000  0.12500 0.00000 0.00000  0.12500 0.00000 0.00000  0.54095 0.00000 0.00478  1.00000 0.00000 0.00000

 ==> PROFILE PARAMETERS FOR PATTERN#  1

 => Overall scale factor       :      0.662019670     0.000000123     0.002023760
 => T.O.F. Extinction parameter:     0.000000    0.000000    0.000000
 => Overall temperature  factor:     0.000000    0.000000    0.000000
 => T.O.F. Gaussian variances Sig-2, Sig-1, Sig-0: 
         0.000000    0.000000    0.000000
        29.641294   -0.000757    0.996362
         5.079223    0.000018    0.487297

 => T.O.F. Gaussian variance Sig-Q:     0.000000    0.000000    0.000000
 => T.O.F. Isotropic Gaussian strain parameter (G-strain)::      0.00000     0.00000     0.00000
 => T.O.F. Isotropic Gaussian  Size  parameter (G-size)  ::      0.00000     0.00000     0.00000
 => T.O.F. Anisotropic Lorentzian  Size  parameter (Ani-LorSize)  ::      0.00000     0.00000     0.00000
 => T.O.F. Lorentzian FWHM Gam-2, Gam-1, Gam-0: 
         0.000000    0.000000    0.000000
         0.000000    0.000000    0.000000
         0.000000    0.000000    0.000000

 => T.O.F. Isotropic Lorentzian strain and size parameters (LStr,LSiz): 
         0.000000    0.000000    0.000000
         0.000000    0.000000    0.000000

 => Model-dependent Strain parameters s2,s1,s0: 
         0.000000    0.000000    0.000000
         0.000000    0.000000    0.000000
         0.000000    0.000000    0.000000

 => Direct cell parameters: 
        5.432381    0.000000    0.000083
        5.432381    0.000000    0.000083
        5.432381    0.000000    0.000083
       90.000000    0.000000    0.000000
       90.000000    0.000000    0.000000
       90.000000    0.000000    0.000000

 => Preferred orientation parameters: 
         0.000000    0.000000    0.000000
         0.000000    0.000000    0.000000

 => T.O.F. Peak shape parameter a0,b0,a1,b1/kappa: 
        0.000000    0.000000    0.000000
        0.038018   -0.000000    0.000211
        0.235380   -0.000004    0.005180
        0.010903    0.000000    0.000206

 => Absorption parameters: 
       0.000000  0.000000  0.000000
       0.000000  0.000000  0.000000

 ==> GLOBAL PARAMETERS FOR PATTERN#  1


 => Zero-point:    -8.5721    0.0000    0.0888
 =>  Cosine Fourier Background Parameters ==>
       154.32    -0.10915E-04 0.66899    
       1.3400     0.48250E-05  1.1746    
       37.000     0.81320E-05  1.0290    
       12.332     0.68981E-05 0.94643    
       17.706     0.15205E-05 0.92149    
       4.7849    -0.10071E-04 0.76595    
       6.8079    -0.55696E-05 0.53146    
       0.0000      0.0000      0.0000    
       0.0000      0.0000      0.0000    
       0.0000      0.0000      0.0000    
       0.0000      0.0000      0.0000    
       0.0000      0.0000      0.0000    
       0.0000      0.0000      0.0000    
       0.0000      0.0000      0.0000    
       0.0000      0.0000      0.0000    
       0.0000      0.0000      0.0000    
       0.0000      0.0000      0.0000    
       0.0000      0.0000      0.0000    

 => T.O.F.- dtt1       (    TOFo=dtt1*dsp     ):   7476.91      0.00      0.00
 => T.O.F.- dtt2       (TOF=TOFo+dtt2*dsp*dsp ):     -1.54      0.00      0.00
 => T.O.F.- dtt_1OverD (TOF=TOF+dtt_1overD/dsp):      0.00      0.00      0.00

 ==> RELIABILITY FACTORS WITH ALL NON-EXCLUDED POINTS FOR PATTERN:  1

 => R-Factors:   8.73      6.36     Chi2:  3.03     DW-Stat.:  0.9736   Patt#:  1
 => Expected :            3.66                                1.9228
 => Deviance : 0.322E+05     Dev*:   5.757    
 => GoF-index:  1.7         Sqrt(Residual/N)
 => N-P+C:  5584

 =>    SumYdif       SumYobs      SumYcal      SumwYobsSQ     Residual    Condition
     0.1290E+06    0.1477E+07    0.1455E+07    0.4176E+07    0.1691E+05    0.7134E+14


 => Conventional Rietveld Rp,Rwp,Re and Chi2:   20.1      12.4      7.15      3.028    
 => (Values obtained using Ynet, but true sigma(y))
 =>  SumYnet, Sum(w Ynet**2):     0.6424E+06    0.1092E+07


 ==> RELIABILITY FACTORS FOR POINTS WITH BRAGG CONTRIBUTIONS FOR PATTERN:  1

 => R-Factors:   5.93      5.83     Chi2:  4.41     DW-Stat.:  1.2001   Patt#:
 => Expected :            2.77                                1.8991
 => Deviance : 0.130E+05     Dev*:   4.174    
 => GoF-index:  2.1         Sqrt(Residual/N)
 => N-P+C:  3108

 =>    SumYdif       SumYobs      SumYcal      SumwYobsSQ     Residual    Condition
     0.6424E+05    0.1083E+07    0.1069E+07    0.4042E+07    0.1372E+05    0.7134E+14


 => Conventional Rietveld Rp,Rwp,Re and Chi2:   10.1      11.2      5.34      4.413    
 => (Values obtained using Ynet, but true sigma(y))
 =>  SumYnet, Sum(w Ynet**2):     0.6343E+06    0.1089E+07


 => Global user-weigthed Chi2 (Bragg contrib.):   4.41    

 => ---------> Pattern#  1
 => Phase:  1
 =>    Bragg R-factor:  2.04    
 =>    RF-factor     :  11.8    
 ++++++++++++++++++++++++++++++++++++++++++++++++++++++++++++++++++++++++++++++++++++++++++++++++++++++++++++++++++++++++

 => CYCLE No.:   11
 ---------------------------------------------------------------------------------------
 => Phase  1 Name: Standard-Si                                                           
 ---------------------------------------------------------------------------------------
 => New parameters, shifts, and standard deviations

 Atom        x       dx      sx       y       dy      sy       z       dz      sz       B       dB      sB      occ.    docc.   socc.

 Si       0.12500 0.00000 0.00000  0.12500 0.00000 0.00000  0.12500 0.00000 0.00000  0.54096 0.00000 0.00478  1.00000 0.00000 0.00000

 ==> PROFILE PARAMETERS FOR PATTERN#  1

 => Overall scale factor       :      0.662019789     0.000000123     0.002023762
 => T.O.F. Extinction parameter:     0.000000    0.000000    0.000000
 => Overall temperature  factor:     0.000000    0.000000    0.000000
 => T.O.F. Gaussian variances Sig-2, Sig-1, Sig-0: 
         0.000000    0.000000    0.000000
        29.640543   -0.000751    0.996345
         5.079241    0.000018    0.487294

 => T.O.F. Gaussian variance Sig-Q:     0.000000    0.000000    0.000000
 => T.O.F. Isotropic Gaussian strain parameter (G-strain)::      0.00000     0.00000     0.00000
 => T.O.F. Isotropic Gaussian  Size  parameter (G-size)  ::      0.00000     0.00000     0.00000
 => T.O.F. Anisotropic Lorentzian  Size  parameter (Ani-LorSize)  ::      0.00000     0.00000     0.00000
 => T.O.F. Lorentzian FWHM Gam-2, Gam-1, Gam-0: 
         0.000000    0.000000    0.000000
         0.000000    0.000000    0.000000
         0.000000    0.000000    0.000000

 => T.O.F. Isotropic Lorentzian strain and size parameters (LStr,LSiz): 
         0.000000    0.000000    0.000000
         0.000000    0.000000    0.000000

 => Model-dependent Strain parameters s2,s1,s0: 
         0.000000    0.000000    0.000000
         0.000000    0.000000    0.000000
         0.000000    0.000000    0.000000

 => Direct cell parameters: 
        5.432381    0.000000    0.000083
        5.432381    0.000000    0.000083
        5.432381    0.000000    0.000083
       90.000000    0.000000    0.000000
       90.000000    0.000000    0.000000
       90.000000    0.000000    0.000000

 => Preferred orientation parameters: 
         0.000000    0.000000    0.000000
         0.000000    0.000000    0.000000

 => T.O.F. Peak shape parameter a0,b0,a1,b1/kappa: 
        0.000000    0.000000    0.000000
        0.038018   -0.000000    0.000211
        0.235376   -0.000004    0.005179
        0.010903    0.000000    0.000206

 => Absorption parameters: 
       0.000000  0.000000  0.000000
       0.000000  0.000000  0.000000

 ==> GLOBAL PARAMETERS FOR PATTERN#  1


 => Zero-point:    -8.5721    0.0000    0.0888
 =>  Cosine Fourier Background Parameters ==>
       154.32    -0.10731E-04 0.66899    
       1.3401     0.48462E-05  1.1746    
       37.000     0.82127E-05  1.0290    
       12.332     0.68589E-05 0.94643    
       17.706     0.14045E-05 0.92149    
       4.7849    -0.99543E-05 0.76595    
       6.8079    -0.55774E-05 0.53147    
       0.0000      0.0000      0.0000    
       0.0000      0.0000      0.0000    
       0.0000      0.0000      0.0000    
       0.0000      0.0000      0.0000    
       0.0000      0.0000      0.0000    
       0.0000      0.0000      0.0000    
       0.0000      0.0000      0.0000    
       0.0000      0.0000      0.0000    
       0.0000      0.0000      0.0000    
       0.0000      0.0000      0.0000    
       0.0000      0.0000      0.0000    

 => T.O.F.- dtt1       (    TOFo=dtt1*dsp     ):   7476.91      0.00      0.00
 => T.O.F.- dtt2       (TOF=TOFo+dtt2*dsp*dsp ):     -1.54      0.00      0.00
 => T.O.F.- dtt_1OverD (TOF=TOF+dtt_1overD/dsp):      0.00      0.00      0.00

 ==> RELIABILITY FACTORS WITH ALL NON-EXCLUDED POINTS FOR PATTERN:  1

 => R-Factors:   8.73      6.36     Chi2:  3.03     DW-Stat.:  0.9736   Patt#:  1
 => Expected :            3.66                                1.9228
 => Deviance : 0.322E+05     Dev*:   5.757    
 => GoF-index:  1.7         Sqrt(Residual/N)
 => N-P+C:  5584

 =>    SumYdif       SumYobs      SumYcal      SumwYobsSQ     Residual    Condition
     0.1290E+06    0.1477E+07    0.1455E+07    0.4176E+07    0.1691E+05    0.7134E+14


 => Conventional Rietveld Rp,Rwp,Re and Chi2:   20.1      12.4      7.15      3.028    
 => (Values obtained using Ynet, but true sigma(y))
 =>  SumYnet, Sum(w Ynet**2):     0.6424E+06    0.1092E+07


 ==> RELIABILITY FACTORS FOR POINTS WITH BRAGG CONTRIBUTIONS FOR PATTERN:  1

 => R-Factors:   5.93      5.83     Chi2:  4.41     DW-Stat.:  1.2001   Patt#:
 => Expected :            2.77                                1.8991
 => Deviance : 0.130E+05     Dev*:   4.174    
 => GoF-index:  2.1         Sqrt(Residual/N)
 => N-P+C:  3108

 =>    SumYdif       SumYobs      SumYcal      SumwYobsSQ     Residual    Condition
     0.6424E+05    0.1083E+07    0.1069E+07    0.4042E+07    0.1372E+05    0.7134E+14


 => Conventional Rietveld Rp,Rwp,Re and Chi2:   10.1      11.2      5.34      4.413    
 => (Values obtained using Ynet, but true sigma(y))
 =>  SumYnet, Sum(w Ynet**2):     0.6343E+06    0.1089E+07


 => Global user-weigthed Chi2 (Bragg contrib.):   4.41    

 => ---------> Pattern#  1
 => Phase:  1
 =>    Bragg R-factor:  2.04    
 =>    RF-factor     :  11.8    
 ++++++++++++++++++++++++++++++++++++++++++++++++++++++++++++++++++++++++++++++++++++++++++++++++++++++++++++++++++++++++

 => CYCLE No.:   12
 ---------------------------------------------------------------------------------------
 => Phase  1 Name: Standard-Si                                                           
 ---------------------------------------------------------------------------------------
 => New parameters, shifts, and standard deviations

 Atom        x       dx      sx       y       dy      sy       z       dz      sz       B       dB      sB      occ.    docc.   socc.

 Si       0.12500 0.00000 0.00000  0.12500 0.00000 0.00000  0.12500 0.00000 0.00000  0.54096 0.00000 0.00478  1.00000 0.00000 0.00000

 ==> PROFILE PARAMETERS FOR PATTERN#  1

 => Overall scale factor       :      0.662019908     0.000000122     0.002023762
 => T.O.F. Extinction parameter:     0.000000    0.000000    0.000000
 => Overall temperature  factor:     0.000000    0.000000    0.000000
 => T.O.F. Gaussian variances Sig-2, Sig-1, Sig-0: 
         0.000000    0.000000    0.000000
        29.639799   -0.000744    0.996333
         5.079259    0.000018    0.487292

 => T.O.F. Gaussian variance Sig-Q:     0.000000    0.000000    0.000000
 => T.O.F. Isotropic Gaussian strain parameter (G-strain)::      0.00000     0.00000     0.00000
 => T.O.F. Isotropic Gaussian  Size  parameter (G-size)  ::      0.00000     0.00000     0.00000
 => T.O.F. Anisotropic Lorentzian  Size  parameter (Ani-LorSize)  ::      0.00000     0.00000     0.00000
 => T.O.F. Lorentzian FWHM Gam-2, Gam-1, Gam-0: 
         0.000000    0.000000    0.000000
         0.000000    0.000000    0.000000
         0.000000    0.000000    0.000000

 => T.O.F. Isotropic Lorentzian strain and size parameters (LStr,LSiz): 
         0.000000    0.000000    0.000000
         0.000000    0.000000    0.000000

 => Model-dependent Strain parameters s2,s1,s0: 
         0.000000    0.000000    0.000000
         0.000000    0.000000    0.000000
         0.000000    0.000000    0.000000

 => Direct cell parameters: 
        5.432381    0.000000    0.000083
        5.432381    0.000000    0.000083
        5.432381    0.000000    0.000083
       90.000000    0.000000    0.000000
       90.000000    0.000000    0.000000
       90.000000    0.000000    0.000000

 => Preferred orientation parameters: 
         0.000000    0.000000    0.000000
         0.000000    0.000000    0.000000

 => T.O.F. Peak shape parameter a0,b0,a1,b1/kappa: 
        0.000000    0.000000    0.000000
        0.038017   -0.000000    0.000211
        0.235372   -0.000004    0.005179
        0.010903    0.000000    0.000206

 => Absorption parameters: 
       0.000000  0.000000  0.000000
       0.000000  0.000000  0.000000

 ==> GLOBAL PARAMETERS FOR PATTERN#  1


 => Zero-point:    -8.5721    0.0000    0.0888
 =>  Cosine Fourier Background Parameters ==>
       154.32    -0.10399E-04 0.66899    
       1.3401     0.43009E-05  1.1746    
       37.000     0.87391E-05  1.0290    
       12.332     0.64066E-05 0.94643    
       17.706     0.17441E-05 0.92149    
       4.7849    -0.10013E-04 0.76595    
       6.8079    -0.54604E-05 0.53147    
       0.0000      0.0000      0.0000    
       0.0000      0.0000      0.0000    
       0.0000      0.0000      0.0000    
       0.0000      0.0000      0.0000    
       0.0000      0.0000      0.0000    
       0.0000      0.0000      0.0000    
       0.0000      0.0000      0.0000    
       0.0000      0.0000      0.0000    
       0.0000      0.0000      0.0000    
       0.0000      0.0000      0.0000    
       0.0000      0.0000      0.0000    

 => T.O.F.- dtt1       (    TOFo=dtt1*dsp     ):   7476.91      0.00      0.00
 => T.O.F.- dtt2       (TOF=TOFo+dtt2*dsp*dsp ):     -1.54      0.00      0.00
 => T.O.F.- dtt_1OverD (TOF=TOF+dtt_1overD/dsp):      0.00      0.00      0.00

 ==> RELIABILITY FACTORS WITH ALL NON-EXCLUDED POINTS FOR PATTERN:  1

 => R-Factors:   8.73      6.36     Chi2:  3.03     DW-Stat.:  0.9736   Patt#:  1
 => Expected :            3.66                                1.9228
 => Deviance : 0.322E+05     Dev*:   5.757    
 => GoF-index:  1.7         Sqrt(Residual/N)
 => N-P+C:  5584

 =>    SumYdif       SumYobs      SumYcal      SumwYobsSQ     Residual    Condition
     0.1290E+06    0.1477E+07    0.1455E+07    0.4176E+07    0.1691E+05    0.7134E+14


 => Conventional Rietveld Rp,Rwp,Re and Chi2:   20.1      12.4      7.15      3.028    
 => (Values obtained using Ynet, but true sigma(y))
 =>  SumYnet, Sum(w Ynet**2):     0.6424E+06    0.1092E+07


 ==> RELIABILITY FACTORS FOR POINTS WITH BRAGG CONTRIBUTIONS FOR PATTERN:  1

 => R-Factors:   5.93      5.83     Chi2:  4.41     DW-Stat.:  1.2001   Patt#:
 => Expected :            2.77                                1.8991
 => Deviance : 0.130E+05     Dev*:   4.174    
 => GoF-index:  2.1         Sqrt(Residual/N)
 => N-P+C:  3108

 =>    SumYdif       SumYobs      SumYcal      SumwYobsSQ     Residual    Condition
     0.6424E+05    0.1083E+07    0.1069E+07    0.4042E+07    0.1372E+05    0.7134E+14


 => Conventional Rietveld Rp,Rwp,Re and Chi2:   10.1      11.2      5.34      4.413    
 => (Values obtained using Ynet, but true sigma(y))
 =>  SumYnet, Sum(w Ynet**2):     0.6343E+06    0.1089E+07


 => Global user-weigthed Chi2 (Bragg contrib.):   4.41    

 => ---------> Pattern#  1
 => Phase:  1
 =>    Bragg R-factor:  2.04    
 =>    RF-factor     :  11.8    
 ++++++++++++++++++++++++++++++++++++++++++++++++++++++++++++++++++++++++++++++++++++++++++++++++++++++++++++++++++++++++

 => CYCLE No.:   13
 ---------------------------------------------------------------------------------------
 => Phase  1 Name: Standard-Si                                                           
 ---------------------------------------------------------------------------------------
 => New parameters, shifts, and standard deviations

 Atom        x       dx      sx       y       dy      sy       z       dz      sz       B       dB      sB      occ.    docc.   socc.

 Si       0.12500 0.00000 0.00000  0.12500 0.00000 0.00000  0.12500 0.00000 0.00000  0.54096 0.00000 0.00478  1.00000 0.00000 0.00000

 ==> PROFILE PARAMETERS FOR PATTERN#  1

 => Overall scale factor       :      0.662020028     0.000000122     0.002023762
 => T.O.F. Extinction parameter:     0.000000    0.000000    0.000000
 => Overall temperature  factor:     0.000000    0.000000    0.000000
 => T.O.F. Gaussian variances Sig-2, Sig-1, Sig-0: 
         0.000000    0.000000    0.000000
        29.639063   -0.000737    0.996316
         5.079278    0.000018    0.487290

 => T.O.F. Gaussian variance Sig-Q:     0.000000    0.000000    0.000000
 => T.O.F. Isotropic Gaussian strain parameter (G-strain)::      0.00000     0.00000     0.00000
 => T.O.F. Isotropic Gaussian  Size  parameter (G-size)  ::      0.00000     0.00000     0.00000
 => T.O.F. Anisotropic Lorentzian  Size  parameter (Ani-LorSize)  ::      0.00000     0.00000     0.00000
 => T.O.F. Lorentzian FWHM Gam-2, Gam-1, Gam-0: 
         0.000000    0.000000    0.000000
         0.000000    0.000000    0.000000
         0.000000    0.000000    0.000000

 => T.O.F. Isotropic Lorentzian strain and size parameters (LStr,LSiz): 
         0.000000    0.000000    0.000000
         0.000000    0.000000    0.000000

 => Model-dependent Strain parameters s2,s1,s0: 
         0.000000    0.000000    0.000000
         0.000000    0.000000    0.000000
         0.000000    0.000000    0.000000

 => Direct cell parameters: 
        5.432381    0.000000    0.000083
        5.432381    0.000000    0.000083
        5.432381    0.000000    0.000083
       90.000000    0.000000    0.000000
       90.000000    0.000000    0.000000
       90.000000    0.000000    0.000000

 => Preferred orientation parameters: 
         0.000000    0.000000    0.000000
         0.000000    0.000000    0.000000

 => T.O.F. Peak shape parameter a0,b0,a1,b1/kappa: 
        0.000000    0.000000    0.000000
        0.038017   -0.000000    0.000211
        0.235368   -0.000004    0.005179
        0.010903    0.000000    0.000206

 => Absorption parameters: 
       0.000000  0.000000  0.000000
       0.000000  0.000000  0.000000

 ==> GLOBAL PARAMETERS FOR PATTERN#  1


 => Zero-point:    -8.5721    0.0000    0.0888
 =>  Cosine Fourier Background Parameters ==>
       154.32    -0.10294E-04 0.66899    
       1.3401     0.46410E-05  1.1746    
       37.000     0.87300E-05  1.0290    
       12.332     0.63069E-05 0.94643    
       17.706     0.19583E-05 0.92149    
       4.7849    -0.10063E-04 0.76595    
       6.8079    -0.53428E-05 0.53147    
       0.0000      0.0000      0.0000    
       0.0000      0.0000      0.0000    
       0.0000      0.0000      0.0000    
       0.0000      0.0000      0.0000    
       0.0000      0.0000      0.0000    
       0.0000      0.0000      0.0000    
       0.0000      0.0000      0.0000    
       0.0000      0.0000      0.0000    
       0.0000      0.0000      0.0000    
       0.0000      0.0000      0.0000    
       0.0000      0.0000      0.0000    

 => T.O.F.- dtt1       (    TOFo=dtt1*dsp     ):   7476.91      0.00      0.00
 => T.O.F.- dtt2       (TOF=TOFo+dtt2*dsp*dsp ):     -1.54      0.00      0.00
 => T.O.F.- dtt_1OverD (TOF=TOF+dtt_1overD/dsp):      0.00      0.00      0.00

 ==> RELIABILITY FACTORS WITH ALL NON-EXCLUDED POINTS FOR PATTERN:  1

 => R-Factors:   8.73      6.36     Chi2:  3.03     DW-Stat.:  0.9736   Patt#:  1
 => Expected :            3.66                                1.9228
 => Deviance : 0.322E+05     Dev*:   5.757    
 => GoF-index:  1.7         Sqrt(Residual/N)
 => N-P+C:  5584

 =>    SumYdif       SumYobs      SumYcal      SumwYobsSQ     Residual    Condition
     0.1290E+06    0.1477E+07    0.1455E+07    0.4176E+07    0.1691E+05    0.7134E+14


 => Conventional Rietveld Rp,Rwp,Re and Chi2:   20.1      12.4      7.15      3.028    
 => (Values obtained using Ynet, but true sigma(y))
 =>  SumYnet, Sum(w Ynet**2):     0.6424E+06    0.1092E+07


 ==> RELIABILITY FACTORS FOR POINTS WITH BRAGG CONTRIBUTIONS FOR PATTERN:  1

 => R-Factors:   5.93      5.83     Chi2:  4.41     DW-Stat.:  1.2001   Patt#:
 => Expected :            2.77                                1.8991
 => Deviance : 0.130E+05     Dev*:   4.173    
 => GoF-index:  2.1         Sqrt(Residual/N)
 => N-P+C:  3108

 =>    SumYdif       SumYobs      SumYcal      SumwYobsSQ     Residual    Condition
     0.6424E+05    0.1083E+07    0.1069E+07    0.4042E+07    0.1372E+05    0.7134E+14


 => Conventional Rietveld Rp,Rwp,Re and Chi2:   10.1      11.2      5.34      4.413    
 => (Values obtained using Ynet, but true sigma(y))
 =>  SumYnet, Sum(w Ynet**2):     0.6343E+06    0.1089E+07


 => Global user-weigthed Chi2 (Bragg contrib.):   4.41    

 => ---------> Pattern#  1
 => Phase:  1
 =>    Bragg R-factor:  2.04    
 =>    RF-factor     :  11.8    


   Standard deviations have to be multiplied by: 2.6190
   (correlated residuals) See references:
  -J.F.Berar & P.Lelann, J. Appl. Cryst. 24, 1-5 (1991) 
  -J.F.Berar, Acc. in Pow. Diff. II,NIST Sp.Pub. 846, 63(1992) 

 ++++++++++++++++++++++++++++++++++++++++++++++++++++++++++++++++++++++++++++++++++++++++++++++++++++++++++++++++++++++++

 => CYCLE No.:   13
 =>  Convergence reached at this CYCLE !!!!
 =>  Parameter shifts set to zero
 ---------------------------------------------------------------------------------------
 => Phase  1 Name: Standard-Si                                                           
 ---------------------------------------------------------------------------------------
 => New parameters, shifts, and standard deviations

 Atom        x       dx      sx       y       dy      sy       z       dz      sz       B       dB      sB      occ.    docc.   socc.

 Si       0.12500 0.00000 0.00000  0.12500 0.00000 0.00000  0.12500 0.00000 0.00000  0.54096 0.00000 0.00478  1.00000 0.00000 0.00000

 ==> PROFILE PARAMETERS FOR PATTERN#  1

 => Overall scale factor       :      0.662020028     0.000000000     0.002023762
 => T.O.F. Extinction parameter:     0.000000    0.000000    0.000000
 => Overall temperature  factor:     0.000000    0.000000    0.000000
 => T.O.F. Gaussian variances Sig-2, Sig-1, Sig-0: 
         0.000000    0.000000    0.000000
        29.639063    0.000000    0.996316
         5.079278    0.000000    0.487290

 => T.O.F. Gaussian variance Sig-Q:     0.000000    0.000000    0.000000
 => T.O.F. Isotropic Gaussian strain parameter (G-strain)::      0.00000     0.00000     0.00000
 => T.O.F. Isotropic Gaussian  Size  parameter (G-size)  ::      0.00000     0.00000     0.00000
 => T.O.F. Anisotropic Lorentzian  Size  parameter (Ani-LorSize)  ::      0.00000     0.00000     0.00000
 => T.O.F. Lorentzian FWHM Gam-2, Gam-1, Gam-0: 
         0.000000    0.000000    0.000000
         0.000000    0.000000    0.000000
         0.000000    0.000000    0.000000

 => T.O.F. Isotropic Lorentzian strain and size parameters (LStr,LSiz): 
         0.000000    0.000000    0.000000
         0.000000    0.000000    0.000000

 => Model-dependent Strain parameters s2,s1,s0: 
         0.000000    0.000000    0.000000
         0.000000    0.000000    0.000000
         0.000000    0.000000    0.000000

 => Direct cell parameters: 
        5.432381    0.000000    0.000083
        5.432381    0.000000    0.000083
        5.432381    0.000000    0.000083
       90.000000    0.000000    0.000000
       90.000000    0.000000    0.000000
       90.000000    0.000000    0.000000

 => Preferred orientation parameters: 
         0.000000    0.000000    0.000000
         0.000000    0.000000    0.000000

 => T.O.F. Peak shape parameter a0,b0,a1,b1/kappa: 
        0.000000    0.000000    0.000000
        0.038017    0.000000    0.000211
        0.235368    0.000000    0.005179
        0.010903    0.000000    0.000206

 => Absorption parameters: 
       0.000000  0.000000  0.000000
       0.000000  0.000000  0.000000

 ==> GLOBAL PARAMETERS FOR PATTERN#  1


 => Zero-point:    -8.5721    0.0000    0.0888
 =>  Cosine Fourier Background Parameters ==>
       154.32      0.0000     0.66899    
       1.3401      0.0000      1.1746    
       37.000      0.0000      1.0290    
       12.332      0.0000     0.94643    
       17.706      0.0000     0.92149    
       4.7849      0.0000     0.76595    
       6.8079      0.0000     0.53147    
       0.0000      0.0000      0.0000    
       0.0000      0.0000      0.0000    
       0.0000      0.0000      0.0000    
       0.0000      0.0000      0.0000    
       0.0000      0.0000      0.0000    
       0.0000      0.0000      0.0000    
       0.0000      0.0000      0.0000    
       0.0000      0.0000      0.0000    
       0.0000      0.0000      0.0000    
       0.0000      0.0000      0.0000    
       0.0000      0.0000      0.0000    

 => T.O.F.- dtt1       (    TOFo=dtt1*dsp     ):   7476.91      0.00      0.00
 => T.O.F.- dtt2       (TOF=TOFo+dtt2*dsp*dsp ):     -1.54      0.00      0.00
 => T.O.F.- dtt_1OverD (TOF=TOF+dtt_1overD/dsp):      0.00      0.00      0.00

 ==> RELIABILITY FACTORS WITH ALL NON-EXCLUDED POINTS FOR PATTERN:  1

 => R-Factors:   8.73      6.36     Chi2:  3.03     DW-Stat.:  0.9736   Patt#:  1
 => Expected :            3.66                                1.9228
 => Deviance : 0.322E+05     Dev*:   5.757    
 => GoF-index:  1.7         Sqrt(Residual/N)
 => N-P+C:  5584

 =>    SumYdif       SumYobs      SumYcal      SumwYobsSQ     Residual    Condition
     0.1290E+06    0.1477E+07    0.1455E+07    0.4176E+07    0.1691E+05    0.7134E+14


 => Conventional Rietveld Rp,Rwp,Re and Chi2:   20.1      12.4      7.15      3.028    
 => (Values obtained using Ynet, but true sigma(y))
 =>  SumYnet, Sum(w Ynet**2):     0.6424E+06    0.1092E+07

 => N-sigma of the GoF:      107.162

 ==> RELIABILITY FACTORS FOR POINTS WITH BRAGG CONTRIBUTIONS FOR PATTERN:  1

 => R-Factors:   5.93      5.83     Chi2:  4.41     DW-Stat.:  1.2001   Patt#:
 => Expected :            2.77                                1.8991
 => Deviance : 0.130E+05     Dev*:   4.173    
 => GoF-index:  2.1         Sqrt(Residual/N)
 => N-P+C:  3108

 =>    SumYdif       SumYobs      SumYcal      SumwYobsSQ     Residual    Condition
     0.6424E+05    0.1083E+07    0.1069E+07    0.4042E+07    0.1372E+05    0.7134E+14


 => Conventional Rietveld Rp,Rwp,Re and Chi2:   10.1      11.2      5.34      4.413    
 => (Values obtained using Ynet, but true sigma(y))
 =>  SumYnet, Sum(w Ynet**2):     0.6343E+06    0.1089E+07

 => N-sigma of the GoF:      134.554

 => Global user-weigthed Chi2 (Bragg contrib.):   5.44    

 => ---------> Pattern#  1
 => Phase:  1
 =>    Bragg R-factor:  2.04    
 =>    RF-factor     :  11.8    

 --------------------------------------------------------------------------------------------------------------
 Pattern#  1 Phase No.:   1 Phase name: Standard-Si                   
 --------------------------------------------------------------------------------------------------------------

   No.  Code     H   K   L  Mult     Hw     2theta/TOF      Icalc       Iobs      Sigma    HwG     HwL     ETA     d-hkl  TOF_alpha  TOF_beta     CORR

      1   1     14  14   4    24     6.329    2010.862       11.2        0.0      9.866   6.329   0.000   0.000  0.268943  0.875173  2.121982  1.000000
      2   1     20   2   2    24     6.329    2010.862       11.2        0.0      9.866   6.329   0.000   0.000  0.268943  0.875173  2.121982  1.000000
      3   1     14  12   8    48     6.338    2020.792        0.0        0.0      0.000   6.338   0.000   0.000  0.270271  0.870872  2.081319  1.000000
      4   1     16  12   2    48     6.338    2020.792        0.0        0.0      0.000   6.338   0.000   0.000  0.270271  0.870872  2.081319  1.000000
      5   1     18   8   4    48     6.338    2020.792        0.0        0.0      0.000   6.338   0.000   0.000  0.270271  0.870872  2.081319  1.000000
      6   1     15  13   3    48     6.340    2023.298       12.8        0.0     21.383   6.340   0.000   0.000  0.270606  0.869794  2.071216  1.000000
      7   1     16  12   0    24     6.348    2030.871       13.4        0.0     17.134   6.348   0.000   0.000  0.271619  0.866550  2.041058  1.000000
      8   1     20   0   0     6     6.348    2030.871        3.3        0.0      4.284   6.348   0.000   0.000  0.271619  0.866550  2.041058  1.000000
      9   1     18   6   6    24     6.357    2041.102        0.0        0.0      0.000   6.357   0.000   0.000  0.272987  0.862207  2.001199  1.000000
     10   1     14  10  10    24     6.357    2041.102        0.0        0.0      0.000   6.357   0.000   0.000  0.272987  0.862207  2.001197  1.000000
     11   1     14  14   2    24     6.357    2041.102        0.0        0.0      0.000   6.357   0.000   0.000  0.272987  0.862207  2.001197  1.000000
     12   1     15  11   7    48     6.360    2043.684       14.4        0.0      5.649   6.360   0.000   0.000  0.273333  0.861117  1.991296  1.000000
     13   1     15  13   1    48     6.360    2043.684       14.4        0.0      5.649   6.360   0.000   0.000  0.273333  0.861117  1.991296  1.000000
     14   1     17   9   5    48     6.360    2043.684       14.4        0.0      5.649   6.360   0.000   0.000  0.273333  0.861117  1.991296  1.000000
     15   1     19   5   3    48     6.360    2043.684       14.4        0.0      5.649   6.360   0.000   0.000  0.273333  0.861117  1.991296  1.000000
     16   1     14  14   0    12     6.367    2051.490        7.5        4.1      2.458   6.367   0.000   0.000  0.274377  0.857841  1.961738  1.000000
     17   1     16  10   6    48     6.367    2051.490       29.9       16.5      9.830   6.367   0.000   0.000  0.274377  0.857841  1.961738  1.000000
     18   1     18   8   2    48     6.367    2051.490       29.9       16.5      9.830   6.367   0.000   0.000  0.274377  0.857841  1.961738  1.000000
     19   1     12  12  10    24     6.377    2062.037        0.0        0.0      0.000   6.377   0.000   0.000  0.275787  0.853453  1.922679  1.000000
     20   1     13  13   7    24     6.380    2064.700        8.1        2.9      4.678   6.380   0.000   0.000  0.276143  0.852352  1.912976  1.000000
     21   1     15   9   9    24     6.380    2064.700        8.1        2.9      4.678   6.380   0.000   0.000  0.276143  0.852352  1.912976  1.000000
     22   1     17   7   7    24     6.380    2064.700        8.1        2.9      4.678   6.380   0.000   0.000  0.276143  0.852352  1.912976  1.000000
     23   1     19   5   1    48     6.380    2064.700       16.1        5.8      9.355   6.380   0.000   0.000  0.276143  0.852352  1.912976  1.000000
     24   1     16   8   8    24     6.387    2072.749       16.8       23.5     19.492   6.387   0.000   0.000  0.277220  0.849042  1.884020  1.000000
     25   1     17   9   3    48     6.400    2086.377       18.0        3.0     13.729   6.400   0.000   0.000  0.279043  0.843497  1.836260  1.000000
     26   1     19   3   3    24     6.400    2086.377        9.0        1.5      6.864   6.400   0.000   0.000  0.279043  0.843497  1.836260  1.000000
     27   1     14  12   6    48     6.408    2094.684       37.8       34.1     12.362   6.408   0.000   0.000  0.280154  0.840152  1.807904  1.000000
     28   1     18   6   4    48     6.408    2094.684       37.8       34.1     12.362   6.408   0.000   0.000  0.280154  0.840152  1.807905  1.000000
     29   1     16  10   4    48     6.419    2105.915        0.0        0.0      0.000   6.419   0.000   0.000  0.281656  0.835671  1.770448  1.000000
     30   1     13  11   9    48     6.422    2108.752       20.3       41.5      8.051   6.422   0.000   0.000  0.282035  0.834547  1.761146  1.000000
     31   1     15  11   5    48     6.422    2108.752       20.3       41.5      8.051   6.422   0.000   0.000  0.282035  0.834547  1.761146  1.000000
     32   1     17   9   1    48     6.422    2108.752       20.3       41.5      8.051   6.422   0.000   0.000  0.282035  0.834547  1.761146  1.000000
     33   1     19   3   1    48     6.422    2108.752       20.3       41.5      8.051   6.422   0.000   0.000  0.282035  0.834547  1.761146  1.000000
     34   1     18   6   2    48     6.441    2128.931        0.0        0.0      0.000   6.441   0.000   0.000  0.284734  0.826636  1.696736  1.000000
     35   1     11  11  11     8     6.444    2131.862        3.8        4.2      2.100   6.444   0.000   0.000  0.285126  0.825500  1.687634  1.000000
     36   1     13  13   5    24     6.444    2131.862       11.4       12.6      6.299   6.444   0.000   0.000  0.285126  0.825500  1.687634  1.000000
     37   1     17   7   5    48     6.444    2131.862       22.8       25.2     12.599   6.444   0.000   0.000  0.285126  0.825500  1.687634  1.000000
     38   1     19   1   1    24     6.444    2131.862       11.4       12.6      6.299   6.444   0.000   0.000  0.285126  0.825500  1.687634  1.000000
     39   1     18   6   0    24     6.453    2140.726       23.8       39.3      5.044   6.453   0.000   0.000  0.286312  0.822082  1.660481  1.000000
     40   1     14  10   8    48     6.453    2140.726       47.6       78.6     10.088   6.453   0.000   0.000  0.286312  0.822082  1.660480  1.000000
     41   1     16  10   2    48     6.453    2140.726       47.6       78.6     10.088   6.453   0.000   0.000  0.286312  0.822082  1.660480  1.000000
     42   1     18   4   4    24     6.465    2152.719        0.0        0.0      0.000   6.465   0.000   0.000  0.287916  0.817502  1.624627  1.000000
     43   1     14  12   4    48     6.465    2152.719        0.0        0.0      0.000   6.465   0.000   0.000  0.287916  0.817502  1.624626  1.000000
     44   1     16   8   6    48     6.465    2152.719        0.0        0.0      0.000   6.465   0.000   0.000  0.287916  0.817502  1.624625  1.000000
     45   1     15   9   7    48     6.467    2155.749       25.6       56.2     12.880   6.467   0.000   0.000  0.288321  0.816353  1.615725  1.000000
     46   1     15  11   3    48     6.467    2155.749       25.6       56.2     12.880   6.467   0.000   0.000  0.288321  0.816353  1.615725  1.000000
     47   1     12  12   8    24     6.476    2164.916       26.8       63.5     23.505   6.476   0.000   0.000  0.289547  0.812896  1.589172  1.000000
     48   1     13  13   3    24     6.492    2180.458       14.4       16.7      5.099   6.492   0.000   0.000  0.291625  0.807102  1.545418  1.000000
     49   1     15  11   1    48     6.492    2180.458       28.9       33.4     10.198   6.492   0.000   0.000  0.291625  0.807102  1.545418  1.000000
     50   1     17   7   3    48     6.492    2180.458       28.9       33.4     10.198   6.492   0.000   0.000  0.291625  0.807102  1.545418  1.000000
     51   1     18   4   2    48     6.501    2189.945       60.5       74.6     10.376   6.501   0.000   0.000  0.292894  0.803606  1.519467  1.000000
     52   1     12  10  10    24     6.501    2189.945       30.2       37.3      5.188   6.501   0.000   0.000  0.292894  0.803606  1.519466  1.000000
     53   1     14  12   2    48     6.501    2189.945       60.5       74.6     10.377   6.501   0.000   0.000  0.292894  0.803606  1.519466  1.000000
     54   1     13  13   1    24     6.517    2206.036       16.3       21.4      4.559   6.517   0.000   0.000  0.295046  0.797744  1.476714  1.000000
     55   1     17   5   5    24     6.517    2206.036       16.3       21.4      4.559   6.517   0.000   0.000  0.295046  0.797744  1.476714  1.000000
     56   1     17   7   1    48     6.517    2206.036       32.5       42.8      9.118   6.517   0.000   0.000  0.295046  0.797744  1.476714  1.000000
     57   1     13  11   7    48     6.517    2206.036       32.5       42.8      9.118   6.517   0.000   0.000  0.295046  0.797744  1.476714  1.000000
     58   1     16   8   4    48     6.527    2215.862       68.1       78.5     25.079   6.527   0.000   0.000  0.296361  0.794206  1.451363  1.000000
     59   1     18   2   2    24     6.540    2229.171        0.0        0.0      0.000   6.540   0.000   0.000  0.298141  0.789465  1.417913  1.000000
     60   1     14  10   6    48     6.540    2229.171        0.0        0.0      0.000   6.540   0.000   0.000  0.298141  0.789465  1.417913  1.000000

   No.  Code     H   K   L  Mult     Hw     2theta/TOF      Icalc       Iobs      Sigma    HwG     HwL     ETA     d-hkl  TOF_alpha  TOF_beta     CORR

     61   1     13   9   9    24     6.544    2232.536       18.4       12.6      8.558   6.544   0.000   0.000  0.298591  0.788275  1.409612  1.000000
     62   1     15   9   5    48     6.544    2232.536       36.8       25.3     17.115   6.544   0.000   0.000  0.298591  0.788275  1.409612  1.000000
     63   1     18   2   0    24     6.554    2242.722       38.5       11.1     13.906   6.554   0.000   0.000  0.299953  0.784695  1.384863  1.000000
     64   1     16   6   6    24     6.554    2242.722       38.5       11.1     13.906   6.554   0.000   0.000  0.299953  0.784695  1.384863  1.000000
     65   1     12  12   6    24     6.568    2256.523        0.0        0.0      0.000   6.568   0.000   0.000  0.301799  0.779895  1.352212  1.000000
     66   1     14   8   8    24     6.568    2256.523        0.0        0.0      0.000   6.568   0.000   0.000  0.301799  0.779895  1.352212  1.000000
     67   1     16   8   2    48     6.568    2256.523        0.0        0.0      0.000   6.568   0.000   0.000  0.301799  0.779895  1.352212  1.000000
     68   1     11  11   9    24     6.571    2260.014       20.8        0.0      7.032   6.571   0.000   0.000  0.302266  0.778691  1.344113  1.000000
     69   1     15   7   7    24     6.571    2260.014       20.8        0.0      7.032   6.571   0.000   0.000  0.302266  0.778691  1.344113  1.000000
     70   1     17   5   3    48     6.571    2260.014       41.6        0.0     14.064   6.571   0.000   0.000  0.302266  0.778691  1.344113  1.000000
     71   1     16   8   0    24     6.582    2270.583       43.5        7.6     24.549   6.582   0.000   0.000  0.303679  0.775066  1.319964  1.000000
     72   1     17   5   1    48     6.600    2288.532       47.1       26.9      9.674   6.600   0.000   0.000  0.306080  0.768987  1.280216  1.000000
     73   1     13  11   5    48     6.600    2288.532       47.1       26.9      9.674   6.600   0.000   0.000  0.306080  0.768987  1.280216  1.000000
     74   1     15   9   3    48     6.600    2288.533       47.1       26.9      9.673   6.600   0.000   0.000  0.306080  0.768987  1.280215  1.000000
     75   1     14  10   4    48     6.611    2299.509       98.6      110.9     26.500   6.611   0.000   0.000  0.307548  0.765316  1.256667  1.000000
     76   1     12  10   8    48     6.627    2314.393        0.0        0.0      0.000   6.627   0.000   0.000  0.309539  0.760395  1.225620  1.000000
     77   1     16   6   4    48     6.627    2314.393        0.0        0.0      0.000   6.627   0.000   0.000  0.309539  0.760395  1.225620  1.000000
     78   1     15   9   1    48     6.631    2318.159       53.3       63.0     19.109   6.631   0.000   0.000  0.310042  0.759159  1.217921  1.000000
     79   1     17   3   3    24     6.631    2318.159       26.7       31.5      9.555   6.631   0.000   0.000  0.310042  0.759159  1.217921  1.000000
     80   1     12  12   4    24     6.642    2329.569       55.9      104.4     26.319   6.642   0.000   0.000  0.311568  0.755441  1.194974  1.000000
     81   1     10  10  10     8     6.658    2345.048        0.0        0.0      0.000   6.658   0.000   0.000  0.313639  0.750454  1.164728  1.000000
     82   1     14  10   2    48     6.658    2345.048        0.0        0.0      0.000   6.658   0.000   0.000  0.313639  0.750454  1.164728  1.000000
     83   1     13   9   7    48     6.662    2348.966       60.5       82.5      7.900   6.662   0.000   0.000  0.314163  0.749203  1.157229  1.000000
     84   1     13  11   3    48     6.662    2348.966       60.5       82.5      7.900   6.662   0.000   0.000  0.314163  0.749203  1.157229  1.000000
     85   1     15   7   5    48     6.662    2348.966       60.5       82.5      7.900   6.662   0.000   0.000  0.314163  0.749203  1.157229  1.000000
     86   1     17   3   1    48     6.662    2348.966       60.5       82.5      7.900   6.662   0.000   0.000  0.314163  0.749203  1.157229  1.000000
     87   1     14   8   6    48     6.675    2360.840      126.6      235.2     12.907   6.675   0.000   0.000  0.315751  0.745435  1.134883  1.000000
     88   1     14  10   0    24     6.675    2360.840       63.3      117.6      6.454   6.675   0.000   0.000  0.315751  0.745435  1.134883  1.000000
     89   1     16   6   2    48     6.675    2360.840      126.6      235.2     12.907   6.675   0.000   0.000  0.315751  0.745435  1.134883  1.000000
     90   1     12  12   2    24     6.691    2376.955        0.0        0.0      0.000   6.691   0.000   0.000  0.317906  0.740381  1.105438  1.000000
     91   1     11  11   7    24     6.696    2381.036       34.3       75.1      7.715   6.696   0.000   0.000  0.318452  0.739112  1.098139  1.000000
     92   1     13  11   1    48     6.696    2381.036       68.6      150.2     15.430   6.696   0.000   0.000  0.318452  0.739112  1.098139  1.000000
     93   1     17   1   1    24     6.696    2381.036       34.3       75.1      7.715   6.696   0.000   0.000  0.318452  0.739112  1.098139  1.000000
     94   1     12  12   0    12     6.709    2393.405       36.1       72.5     10.127   6.709   0.000   0.000  0.320106  0.735292  1.076394  1.000000
     95   1     16   4   4    24     6.709    2393.405       72.1      144.9     20.253   6.709   0.000   0.000  0.320106  0.735292  1.076394  1.000000
     96   1     11   9   9    24     6.731    2414.455       39.1       65.1     10.673   6.731   0.000   0.000  0.322922  0.728882  1.040652  1.000000
     97   1     15   7   3    48     6.731    2414.455       78.2      130.2     21.346   6.731   0.000   0.000  0.322922  0.728881  1.040652  1.000000
     98   1     12  10   6    48     6.744    2427.355      164.0      306.2     31.441   6.744   0.000   0.000  0.324647  0.725008  1.019507  1.000000
     99   1     14   8   4    48     6.763    2444.882        0.0        0.0      0.000   6.763   0.000   0.000  0.326991  0.719811  0.991665  1.000000
    100   1     16   4   2    48     6.763    2444.882        0.0        0.0      0.000   6.763   0.000   0.000  0.326991  0.719811  0.991665  1.000000
    101   1     13   9   5    48     6.768    2449.323       89.1      118.9     13.769   6.768   0.000   0.000  0.327585  0.718505  0.984767  1.000000
    102   1     15   5   5    24     6.768    2449.323       44.5       59.5      6.884   6.768   0.000   0.000  0.327585  0.718505  0.984767  1.000000
    103   1     15   7   1    48     6.768    2449.323       89.1      118.9     13.768   6.768   0.000   0.000  0.327585  0.718505  0.984767  1.000000
    104   1     12   8   8    24     6.782    2462.793       93.5      170.4     16.528   6.782   0.000   0.000  0.329386  0.714576  0.964224  1.000000
    105   1     16   4   0    24     6.782    2462.793       93.5      170.4     16.528   6.782   0.000   0.000  0.329386  0.714576  0.964224  1.000000
    106   1     14   6   6    24     6.802    2481.104        0.0        0.0      0.000   6.802   0.000   0.000  0.331835  0.709302  0.937183  1.000000
    107   1     11  11   5    24     6.807    2485.746       50.8       91.0     15.742   6.807   0.000   0.000  0.332456  0.707977  0.930485  1.000000
    108   1     13   7   7    24     6.807    2485.746       50.8       91.0     15.742   6.807   0.000   0.000  0.332456  0.707977  0.930485  1.000000
    109   1     10  10   8    24     6.822    2499.830      106.9      141.3      9.254   6.822   0.000   0.000  0.334340  0.703989  0.910542  1.000000
    110   1     14   8   2    48     6.822    2499.830      213.7      282.7     18.509   6.822   0.000   0.000  0.334340  0.703989  0.910542  1.000000
    111   1     16   2   2    24     6.822    2499.830      106.9      141.3      9.254   6.822   0.000   0.000  0.334340  0.703989  0.910542  1.000000
    112   1     12  10   4    48     6.843    2518.986        0.0        0.0      0.000   6.843   0.000   0.000  0.336902  0.698635  0.884302  1.000000
    113   1     13   9   3    48     6.848    2523.844      116.3      179.8     18.300   6.848   0.000   0.000  0.337552  0.697290  0.877805  1.000000
    114   1     15   5   3    48     6.848    2523.844      116.3      179.8     18.300   6.848   0.000   0.000  0.337552  0.697290  0.877805  1.000000
    115   1     16   0   0     6     6.864    2538.589       30.6       77.4     30.171   6.864   0.000   0.000  0.339524  0.693240  0.858463  1.000000
    116   1     11   9   7    48     6.891    2563.749      133.2      150.4     10.970   6.891   0.000   0.000  0.342889  0.686437  0.826727  1.000000
    117   1     11  11   3    24     6.891    2563.749       66.6       75.2      5.485   6.891   0.000   0.000  0.342889  0.686437  0.826727  1.000000
    118   1     13   9   1    48     6.891    2563.749      133.2      150.4     10.970   6.891   0.000   0.000  0.342889  0.686437  0.826727  1.000000
    119   1     15   5   1    48     6.891    2563.749      133.2      150.4     10.970   6.891   0.000   0.000  0.342889  0.686437  0.826727  1.000000
    120   1     12  10   2    48     6.908    2579.209      280.5      400.5     19.355   6.908   0.000   0.000  0.344957  0.682322  0.807986  1.000000

   No.  Code     H   K   L  Mult     Hw     2theta/TOF      Icalc       Iobs      Sigma    HwG     HwL     ETA     d-hkl  TOF_alpha  TOF_beta     CORR

    121   1     14   6   4    48     6.908    2579.209      280.5      400.5     19.355   6.908   0.000   0.000  0.344957  0.682322  0.807986  1.000000
    122   1     12   8   6    48     6.931    2600.264        0.0        0.0      0.000   6.931   0.000   0.000  0.347773  0.676797  0.783349  1.000000
    123   1      9   9   9     8     6.937    2605.609       25.5       32.6      3.424   6.937   0.000   0.000  0.348487  0.675409  0.777252  1.000000
    124   1     11  11   1    24     6.937    2605.609       76.4       97.7     10.272   6.937   0.000   0.000  0.348487  0.675409  0.777252  1.000000
    125   1     13   7   5    48     6.937    2605.609      152.8      195.4     20.545   6.937   0.000   0.000  0.348487  0.675409  0.777252  1.000000
    126   1     15   3   3    24     6.937    2605.609       76.4       97.7     10.272   6.937   0.000   0.000  0.348487  0.675409  0.777252  1.000000
    127   1     10  10   6    24     6.980    2643.969        0.0        0.0      0.000   6.980   0.000   0.000  0.353618  0.665610  0.735276  1.000000
    128   1     14   6   2    48     6.980    2643.969        0.0        0.0      0.000   6.980   0.000   0.000  0.353618  0.665610  0.735276  1.000000
    129   1     15   3   1    48     6.986    2649.589      175.9       38.4     36.239   6.986   0.000   0.000  0.354369  0.664198  0.729379  1.000000
    130   1     14   6   0    24     7.005    2666.665      185.4      172.1     38.035   7.005   0.000   0.000  0.356653  0.659945  0.711840  1.000000
    131   1     10   8   8    24     7.031    2689.955        0.0        0.0      0.000   7.031   0.000   0.000  0.359768  0.654231  0.688805  1.000000
    132   1     14   4   4    24     7.031    2689.955        0.0        0.0      0.000   7.031   0.000   0.000  0.359768  0.654231  0.688805  1.000000
    133   1     11   9   5    48     7.038    2695.873      202.8      215.1     16.271   7.038   0.000   0.000  0.360560  0.652795  0.683109  1.000000
    134   1     13   7   3    48     7.038    2695.873      202.8      215.1     16.271   7.038   0.000   0.000  0.360560  0.652795  0.683109  1.000000
    135   1     15   1   1    24     7.038    2695.873      101.4      107.6      8.135   7.038   0.000   0.000  0.360560  0.652795  0.683109  1.000000
    136   1     12   8   4    48     7.058    2713.866      428.4      741.5     40.797   7.058   0.000   0.000  0.362966  0.648467  0.666171  1.000000
    137   1     11   7   7    24     7.093    2744.671      117.3      167.5     10.090   7.093   0.000   0.000  0.367086  0.641189  0.638441  1.000000
    138   1     13   5   5    24     7.093    2744.671      117.3      167.5     10.090   7.093   0.000   0.000  0.367086  0.641189  0.638441  1.000000
    139   1     13   7   1    48     7.093    2744.671      234.5      335.0     20.180   7.093   0.000   0.000  0.367086  0.641189  0.638441  1.000000
    140   1     10  10   4    24     7.115    2763.666      247.9      364.5     11.665   7.115   0.000   0.000  0.369627  0.636782  0.622104  1.000000
    141   1     12   6   6    24     7.115    2763.666      247.9      364.5     11.665   7.115   0.000   0.000  0.369627  0.636782  0.622104  1.000000
    142   1     14   4   2    48     7.115    2763.666      495.7      729.0     23.330   7.115   0.000   0.000  0.369627  0.636782  0.622104  1.000000
    143   1     12   8   2    48     7.145    2789.616        0.0        0.0      0.000   7.145   0.000   0.000  0.373097  0.630858  0.600672  1.000000
    144   1      9   9   7    24     7.152    2796.219      135.9      235.7     14.396   7.152   0.000   0.000  0.373981  0.629368  0.595376  1.000000
    145   1     11   9   3    48     7.152    2796.219      271.8      471.5     28.792   7.152   0.000   0.000  0.373981  0.629368  0.595376  1.000000
    146   1     12   8   0    24     7.175    2816.312      287.5      489.5     42.686   7.175   0.000   0.000  0.376668  0.624878  0.579640  1.000000
    147   1     10  10   2    24     7.207    2843.788        0.0        0.0      0.000   7.207   0.000   0.000  0.380343  0.618841  0.559008  1.000000
    148   1     14   2   2    24     7.207    2843.788        0.0        0.0      0.000   7.207   0.000   0.000  0.380343  0.618841  0.559008  1.000000
    149   1     11   9   1    48     7.215    2850.784      316.0      374.9     22.583   7.215   0.000   0.000  0.381278  0.617322  0.553913  1.000000
    150   1     13   5   3    48     7.215    2850.784      316.0      374.9     22.583   7.215   0.000   0.000  0.381278  0.617322  0.553913  1.000000
    151   1     10   8   6    48     7.240    2872.085      669.3      887.4     28.617   7.240   0.000   0.000  0.384127  0.612743  0.538778  1.000000
    152   1     10  10   0    12     7.240    2872.085      167.3      221.9      7.154   7.240   0.000   0.000  0.384127  0.612743  0.538778  1.000000
    153   1     14   2   0    24     7.240    2872.085      334.6      443.7     14.308   7.240   0.000   0.000  0.384127  0.612743  0.538778  1.000000
    154   1     12   6   4    48     7.274    2901.244        0.0        0.0      0.000   7.274   0.000   0.000  0.388027  0.606585  0.518948  1.000000
    155   1     11   7   5    48     7.283    2908.675      368.6      382.7     23.826   7.283   0.000   0.000  0.389021  0.605036  0.514052  1.000000
    156   1     13   5   1    48     7.283    2908.674      368.6      382.7     23.827   7.283   0.000   0.000  0.389021  0.605036  0.514053  1.000000
    157   1      8   8   8     8     7.309    2931.310      130.2      131.9     44.361   7.309   0.000   0.000  0.392048  0.600364  0.499518  1.000000
    158   1      9   9   5    24     7.355    2970.240      215.6       48.0     23.113   7.355   0.000   0.000  0.397255  0.592495  0.475794  1.000000
    159   1     13   3   3    24     7.355    2970.240      215.6       48.0     23.113   7.355   0.000   0.000  0.397255  0.592495  0.475794  1.000000
    160   1     12   6   2    48     7.384    2994.356      915.8      797.5     51.568   7.384   0.000   0.000  0.400480  0.587723  0.461861  1.000000
    161   1     10   8   4    48     7.424    3027.444        0.0        0.0      0.000   7.424   0.000   0.000  0.404906  0.581299  0.443633  1.000000
    162   1      9   7   7    24     7.434    3035.889      253.2      223.7     10.581   7.434   0.000   0.000  0.406035  0.579683  0.439139  1.000000
    163   1     11   7   3    48     7.434    3035.889      506.4      447.4     21.163   7.434   0.000   0.000  0.406035  0.579683  0.439139  1.000000
    164   1     13   3   1    48     7.434    3035.889      506.4      447.4     21.163   7.434   0.000   0.000  0.406035  0.579683  0.439139  1.000000
    165   1     12   4   4    24     7.465    3061.654      538.4      620.0     51.413   7.465   0.000   0.000  0.409481  0.574804  0.425806  1.000000
    166   1     10   6   6    24     7.508    3097.050        0.0        0.0      0.000   7.508   0.000   0.000  0.414215  0.568235  0.408380  1.000000
    167   1      9   9   3    24     7.519    3106.092      298.6      298.7     11.155   7.519   0.000   0.000  0.415425  0.566581  0.404086  1.000000
    168   1     13   1   1    24     7.519    3106.092      298.6      298.7     11.155   7.519   0.000   0.000  0.415425  0.566581  0.404086  1.000000
    169   1     11   5   5    24     7.519    3106.092      298.6      298.7     11.155   7.519   0.000   0.000  0.415425  0.566581  0.404085  1.000000
    170   1     11   7   1    48     7.519    3106.092      597.1      597.3     22.310   7.519   0.000   0.000  0.415425  0.566581  0.404085  1.000000
    171   1     10   8   2    48     7.552    3133.702     1272.0     1457.6     58.733   7.552   0.000   0.000  0.419117  0.561589  0.391354  1.000000
    172   1      8   8   6    24     7.599    3171.688        0.0        0.0      0.000   7.599   0.000   0.000  0.424198  0.554863  0.374728  1.000000
    173   1     12   4   2    48     7.599    3171.688        0.0        0.0      0.000   7.599   0.000   0.000  0.424198  0.554863  0.374729  1.000000
    174   1      9   9   1    24     7.611    3181.402      353.6      130.0     50.766   7.611   0.000   0.000  0.425497  0.553169  0.370635  1.000000
    175   1     12   4   0    24     7.647    3211.089      754.4      686.8     56.784   7.647   0.000   0.000  0.429467  0.548054  0.358504  1.000000
    176   1      9   7   5    48     7.711    3262.470      841.6      915.4     30.362   7.711   0.000   0.000  0.436339  0.539423  0.338786  1.000000
    177   1     11   5   3    48     7.711    3262.470      841.6      915.4     30.362   7.711   0.000   0.000  0.436339  0.539423  0.338786  1.000000
    178   1     10   6   4    48     7.751    3294.508     1799.2     2027.7     46.573   7.751   0.000   0.000  0.440624  0.534177  0.327257  1.000000
    179   1     12   2   2    24     7.751    3294.508      899.6     1013.8     23.286   7.751   0.000   0.000  0.440624  0.534177  0.327257  1.000000
    180   1      7   7   7     8     7.821    3350.069      167.8      158.9      8.603   7.821   0.000   0.000  0.448055  0.525318  0.308541  1.000000

   No.  Code     H   K   L  Mult     Hw     2theta/TOF      Icalc       Iobs      Sigma    HwG     HwL     ETA     d-hkl  TOF_alpha  TOF_beta     CORR

    181   1     11   5   1    48     7.821    3350.069     1006.9      953.5     51.617   7.821   0.000   0.000  0.448055  0.525318  0.308540  1.000000
    182   1      8   8   4    24     7.864    3384.785     1078.6     1031.4     51.686   7.864   0.000   0.000  0.452698  0.519930  0.297612  1.000000
    183   1     12   0   0     6     7.864    3384.785      269.6      257.8     12.921   7.864   0.000   0.000  0.452698  0.519930  0.297612  1.000000
    184   1     10   6   2    48     7.925    3432.799        0.0        0.0      0.000   7.925   0.000   0.000  0.459120  0.512658  0.283390  1.000000
    185   1      9   7   3    48     7.941    3445.125     1211.9     1163.0     44.025   7.941   0.000   0.000  0.460769  0.510824  0.279897  1.000000
    186   1     11   3   3    24     7.941    3445.125      605.9      581.5     22.013   7.941   0.000   0.000  0.460769  0.510824  0.279897  1.000000
    187   1      8   6   6    24     7.989    3482.915     1301.2     1342.2     37.530   7.989   0.000   0.000  0.465823  0.505281  0.269569  1.000000
    188   1     10   6   0    24     7.989    3482.915     1301.2     1342.2     37.530   7.989   0.000   0.000  0.465823  0.505281  0.269569  1.000000
    189   1      8   8   2    24     8.057    3535.293        0.0        0.0      0.000   8.057   0.000   0.000  0.472828  0.497795  0.256149  1.000000
    190   1     10   4   4    24     8.057    3535.293        0.0        0.0      0.000   8.057   0.000   0.000  0.472828  0.497795  0.256149  1.000000
    191   1      9   5   5    24     8.074    3548.761      734.1      680.9     15.186   8.074   0.000   0.000  0.474629  0.495906  0.252856  1.000000
    192   1      9   7   1    48     8.074    3548.761     1468.2     1361.9     30.371   8.074   0.000   0.000  0.474629  0.495906  0.252856  1.000000
    193   1     11   3   1    48     8.074    3548.761     1468.2     1361.9     30.371   8.074   0.000   0.000  0.474629  0.495906  0.252856  1.000000
    194   1      8   8   0    12     8.128    3590.107      790.3      382.8     65.821   8.128   0.000   0.000  0.480159  0.490195  0.243129  1.000000
    195   1      7   7   5    24     8.222    3662.350      896.0      640.8     34.454   8.222   0.000   0.000  0.489821  0.480525  0.227417  1.000000
    196   1     11   1   1    24     8.222    3662.350      896.0      640.8     34.454   8.222   0.000   0.000  0.489821  0.480525  0.227417  1.000000
    197   1     10   4   2    48     8.282    3707.847     3870.6     3648.1     86.214   8.282   0.000   0.000  0.495906  0.474629  0.218291  1.000000
    198   1      8   6   4    48     8.365    3771.233        0.0        0.0      0.000   8.365   0.000   0.000  0.504384  0.466652  0.206473  1.000000
    199   1      9   5   3    48     8.387    3787.594     2206.0     1544.6     85.670   8.387   0.000   0.000  0.506572  0.464636  0.203581  1.000000
    200   1      6   6   6     8     8.548    3908.414        0.0        0.0      0.000   8.548   0.000   0.000  0.522731  0.450273  0.184039  1.000000
    201   1     10   2   2    24     8.548    3908.414        0.0        0.0      0.000   8.548   0.000   0.000  0.522731  0.450273  0.184039  1.000000
    202   1      7   7   3    24     8.573    3926.635     1371.1     1370.6     29.085   8.573   0.000   0.000  0.525168  0.448183  0.181347  1.000000
    203   1      9   5   1    48     8.573    3926.635     2742.1     2741.2     58.170   8.573   0.000   0.000  0.525168  0.448183  0.181347  1.000000
    204   1      8   6   2    48     8.649    3982.866     5967.1     6359.8     74.638   8.649   0.000   0.000  0.532689  0.441856  0.173423  1.000000
    205   1     10   2   0    24     8.649    3982.866     2983.5     3179.9     37.319   8.649   0.000   0.000  0.532689  0.441856  0.173423  1.000000
    206   1      9   3   3    24     8.784    4082.204     1723.4     1693.6     31.796   8.784   0.000   0.000  0.545975  0.431103  0.160716  1.000000
    207   1      7   5   5    24     8.784    4082.205     1723.4     1693.6     31.795   8.784   0.000   0.000  0.545975  0.431103  0.160716  1.000000
    208   1      7   7   1    24     8.784    4082.205     1723.4     1693.6     31.795   8.784   0.000   0.000  0.545975  0.431103  0.160716  1.000000
    209   1      8   4   4    24     8.871    4145.499     3767.9     3657.7     98.614   8.871   0.000   0.000  0.554440  0.424521  0.153392  1.000000
    210   1      9   3   1    48     9.026    4257.863     4389.9     3961.4     96.487   9.026   0.000   0.000  0.569468  0.413318  0.141687  1.000000
    211   1      6   6   4    24     9.126    4329.832     4825.2     4152.5    106.611   9.126   0.000   0.000  0.579094  0.406448  0.134965  1.000000
    212   1      8   4   2    48     9.269    4431.724        0.0        0.0      0.000   9.269   0.000   0.000  0.592721  0.397103  0.126351  1.000000
    213   1      9   1   1    24     9.306    4458.341     2839.2     2871.8     38.762   9.306   0.000   0.000  0.596281  0.394732  0.124261  1.000000
    214   1      7   5   3    48     9.306    4458.341     5678.5     5743.6     77.524   9.306   0.000   0.000  0.596281  0.394732  0.124261  1.000000
    215   1      8   4   0    24     9.423    4541.166     6282.7     5711.8    114.951   9.423   0.000   0.000  0.607359  0.387533  0.118139  1.000000
    216   1      6   6   2    24     9.591    4659.138        0.0        0.0      0.000   9.591   0.000   0.000  0.623137  0.377720  0.110327  1.000000
    217   1      5   5   5     8     9.635    4690.096     1247.3     1182.8     17.263   9.635   0.000   0.000  0.627277  0.375227  0.108437  1.000000
    218   1      7   5   1    48     9.635    4690.096     7483.5     7096.9    103.577   9.635   0.000   0.000  0.627277  0.375227  0.108437  1.000000
    219   1      6   6   0    12     9.774    4786.810     4173.3     4074.9     46.165   9.774   0.000   0.000  0.640212  0.367646  0.102916  1.000000
    220   1      8   2   2    24     9.774    4786.810     8346.5     8149.8     92.329   9.774   0.000   0.000  0.640212  0.367646  0.102916  1.000000
    221   1      6   4   4    24     9.975    4925.586        0.0        0.0      0.000   9.975   0.000   0.000  0.658773  0.357288  0.095905  1.000000
    222   1      7   3   3    24    10.028    4962.208     5045.4     4302.2    116.023  10.028   0.000   0.000  0.663671  0.354651  0.094215  1.000000
    223   1      8   0   0     6    10.196    5077.178     2841.8     2694.3    115.509  10.196   0.000   0.000  0.679048  0.346620  0.089295  1.000000
    224   1      5   5   3    24    10.506    5287.938     7001.4     7370.8     53.715  10.506   0.000   0.000  0.707236  0.332805  0.081596  1.000000
    225   1      7   3   1    48    10.506    5287.938    14002.8    14741.6    107.430  10.506   0.000   0.000  0.707236  0.332805  0.081596  1.000000
    226   1      6   4   2    48    10.713    5427.731    31953.1    33349.7    188.681  10.713   0.000   0.000  0.725932  0.324233  0.077277  1.000000
    227   1      5   5   1    24    11.103    5687.577    10083.1    10524.6     83.298  11.103   0.000   0.000  0.760685  0.309420  0.070579  1.000000
    228   1      7   1   1    24    11.103    5687.577    10083.0    10524.6     83.298  11.103   0.000   0.000  0.760685  0.309420  0.070579  1.000000
    229   1      4   4   4     8    11.367    5862.620     7800.1     7252.4    138.650  11.367   0.000   0.000  0.784097  0.300182  0.066861  1.000000
    230   1      6   2   2    24    11.764    6123.307        0.0        0.0      0.000  11.764   0.000   0.000  0.818962  0.287402  0.062254  1.000000
    231   1      5   3   3    24    11.873    6194.099    15263.0    15733.2    163.475  11.873   0.000   0.000  0.828430  0.284117  0.061165  1.000000
    232   1      6   2   0    24    12.224    6422.179    36259.9    38815.7    205.412  12.224   0.000   0.000  0.858935  0.274027  0.058048  1.000000
    233   1      4   4   2    24    12.763    6769.570        0.0        0.0      0.000  12.763   0.000   0.000  0.905397  0.259965  0.054242  1.000000
    234   1      5   3   1    48    12.913    6865.598    49580.8    51350.2    230.476  12.913   0.000   0.000  0.918240  0.256329  0.053353  1.000000
    235   1      4   4   0    12    13.407    7180.214    30483.2    32623.3    204.560  13.407   0.000   0.000  0.960318  0.245097  0.050837  1.000000
    236   1      3   3   3     8    14.416    7816.827    14942.2    15436.0     65.556  14.416   0.000   0.000  1.045462  0.225136  0.047144  1.000000
    237   1      5   1   1    24    14.416    7816.827    44826.6    46308.0    196.667  14.416   0.000   0.000  1.045462  0.225136  0.047144  1.000000
    238   1      4   2   2    24    15.174    8290.997   116630.6   119892.8    349.085  15.174   0.000   0.000  1.108880  0.212261  0.045228  1.000000
    239   1      3   3   1    24    16.836    9318.276    97409.3    98408.7    363.997  16.836   0.000   0.000  1.246274  0.188860  0.042537  1.000000
    240   1      4   0   0     6    18.202   10154.356    70595.8    70164.5    356.530  18.202   0.000   0.000  1.358095  0.173310  0.041222  1.000000

   No.  Code     H   K   L  Mult     Hw     2theta/TOF      Icalc       Iobs      Sigma    HwG     HwL     ETA     d-hkl  TOF_alpha  TOF_beta     CORR

    241   1      2   2   2     8    20.793   11725.240        0.0        0.0      0.000  20.793   0.000   0.000  1.568193  0.150091  0.039820  1.000000
    242   1      3   1   1    24    21.659   12246.614   312727.3   312049.6    854.916  21.659   0.000   0.000  1.637924  0.143701  0.039532  1.000000
    243   1      2   2   0    12    25.188   14360.429   607733.1   601663.2   1585.622  25.188   0.000   0.000  1.920637  0.122549  0.038819  1.000000
    244   1      1   1   1     8    40.558   23450.480  1508103.4  1534576.2   7018.347  40.558   0.000   0.000  3.136387  0.075045  0.038130  1.000000

     -----------------------------------------------------
     BRAGG R-Factors and weight fractions for Pattern #  1
     -----------------------------------------------------

 => Phase:  1     Standard-Si
 => Bragg R-factor:   2.04       Vol:  160.314( 0.004)  Fract(%):  100.00( 0.43)
 => Rf-factor=  13.9             ATZ:      129420.289   Brindley:  1.0000

     -----------------------------------------------------------------
      SYMBOLIC NAMES AND FINAL VALUES AND SIGMA OF REFINED PARAMETERS:
     -----------------------------------------------------------------

      ->  Parameter number    1 :                                     Scale_ph1_pat1    0.66202003    ( +/-    0.20237621E-02 )
      ->  Parameter number    2 :                                         Bck_0_pat1     154.31580    ( +/-    0.66899031     )
      ->  Parameter number    3 :                                         Bck_1_pat1     1.3400606    ( +/-     1.1745846     )
      ->  Parameter number    4 :                                         Bck_2_pat1     37.000099    ( +/-     1.0289613     )
      ->  Parameter number    5 :                                    Cell_A_ph1_pat1     5.4323812    ( +/-    0.82761078E-04 )
      ->  Parameter number    6 :                                         Bck_3_pat1     12.332088    ( +/-    0.94643277     )
      ->  Parameter number    7 :                                         Bck_4_pat1     17.706024    ( +/-    0.92149162     )
      ->  Parameter number    8 :                                         Bck_5_pat1     4.7848639    ( +/-    0.76594722     )
      ->  Parameter number    9 :                                         Bck_6_pat1     6.8079267    ( +/-    0.53146529     )
      ->  Parameter number   10 :                                          Zero_pat1    -8.5720673    ( +/-    0.88809751E-01 )
      ->  Parameter number   11 :                                        Biso_Si_ph1    0.54095590    ( +/-    0.47808220E-02 )
      ->  Parameter number   12 :                                     Sig-1_ph1_pat1     29.639063    ( +/-    0.99631596     )
      ->  Parameter number   13 :                                     Sig-0_ph1_pat1     5.0792775    ( +/-    0.48728973     )
      ->  Parameter number   14 :                                     Beta0_ph1_pat1    0.38017113E-01( +/-    0.21114276E-03 )
      ->  Parameter number   15 :                                    Alpha1_ph1_pat1    0.23536757    ( +/-    0.51787831E-02 )
      ->  Parameter number   16 :                                     Beta1_ph1_pat1    0.10902665E-01( +/-    0.20632362E-03 )

 ------------------------------------------------------------------
 => Number of bytes for floating point variables: 4
 => Dimensions of dynamic allocated arrays in this run of FullProf:
 ------------------------------------------------------------------

 => Total approximate array memory (dynamic + static): 647074863 bytes

    MaxPOINT=    80000 Max.num. of points(+int. Inten.)/diffraction pattern       
    MaxREFLT=    25000 Max.num. of reflections/diffraction pattern               
    MaxPARAM=      500 Max.num. of refinable parameters                          
    MaxOVERL=     9000 Max.num. of overlapping reflections                       

 ----------------------------------------------------------
 => Number of bytes for floating point arrays: 4
 => Dimensions of fixed arrays in this release of FullProf:
 ----------------------------------------------------------

    NPATT   =       80 Max.num. of powder diffraction patterns                    
    NATS    =      830 Max.num. of atoms (all kind) in asymmetric unit            
    MPAR    =     1800 Max.num. of non atomic parameters/phase                    
    IEXCL   =       30 Max.num. of excluded regions                               
    IBACP   =      377 Max.num. of background points for interpolation            
    NPHT    =       16 Max.num. of phases                                         
    NMAGM   =        8 Max.num. of rotation-matrices sets for magnetic structure  
    NBASIS  =       12 Max.num. of basis functions associated to a single atom    
    NIREPS  =        9 Max.num. of irreducible representations to be combined     
    N_EQ    =      384 Max.num. of user-supplied symmetry operators/propagation vectors
    NGL     =      400 Max.num. of global parameters/diffraction pattern          
    N_LINC  =       50 Max.num. of global linear restraints                        
    NAT_P   =       80 Max.num. of atomic parameters per atom                     
    NCONST  =      500 Max.num. of slack constraints per phase                    
    N_SPE   =       30 Max.num. of different chemical species                     
    N_FORM  =       60 Max.num. of scattering factor values in a table            
    NPR     =      150 Max.num. of points defining a numerical profile            
    INPR    =       25 Max.num. of different numerical peak shapes                
    NPRC    =      150 Max.num. of terms in the table for correcting intensities  
    NSOL    =       10 Max.num. of solutions to be stored in Montecarlo searchs   

 
              CPU Time:     2.072 seconds
                            0.035 minutes

 => Run finished at:     Date: 08/06/2026  Time: 14:28:38.919                              
